ds_id,doc_name,text
1,117B41-42_急性虫垂炎,"## 基本情報

| 項目 | 値 |
|---|---|
| 年齢 | 28 |
| 性別 | 男性 |
| 入院日 | 2024年5月5日 |
| 退院日 | 2024年5月9日 |

## アレルギー情報

なし

## 退院時診断と転帰

| # | 退院時診断 | 発生時期 | 転帰 | コメント |
|---|---|---|---|---|
| 1 | 急性虫垂炎 | 2024年5月4日 | 軽快 | 腹腔鏡下虫垂切除術5月5日 |

## 主訴または入院理由

腹痛

## 入院までの経過（現病歴・既往歴・入院時現症など）

<現病歴>　2024年5月4日から臍部を中心とした腹痛が出現し、その後、悪心、食欲不振を伴うようになった。翌朝になって痛みが右下腹部に移動し、悪化したため受診した。身体所見および画像検査より急性虫垂炎と診断し、手術加療目的に入院した。
<既往歴>　5歳時に右鼠径ヘルニアで手術。
<常用薬>   なし
<生活歴>　妻、子ども（3歳）と同居。公務員。喫煙歴と飲酒歴はない。
<家族歴>　父が58歳時に脳梗塞を発症。
<入院時身体・検査所見>
意識は清明。身長176cm、体重68kg。体温37.0℃。脈拍88/分、整。血圧128/76mmHg。呼吸数18/分。SpO2 97％（room air）。眼瞼結膜と眼球結膜とに異常を認めない。心音と呼吸音とに異常を認めない。腹部は平坦で、右下腹部に圧痛を認めるが反跳痛は認めない。四肢に異常を認めない。
◆検査所見◆
（採血検尿）
血液所見：赤血球360万、Hb 12.1g/dL、Ht 38％、白血球10,200（好中球85％、好酸球1％、好塩基球1％、単球2％、リンパ球11％）、血小板28万。血液生化学所見：AST 16U/L、ALT 18U/L、LD 178U/L（基準120～245）、ALP 106U/L（基準38～113）、尿素窒素12mg/dL、クレアチニン0.6mg/dL、Na 142mEq/L、K 4.2mEq/L、Cl 102mEq/L。CRP 2.6mg/dL。
（画像）
胸部Xp：CTR45%、肺野に異常所見なし　
腹部CT：虫垂の腫大と壁肥厚を認め、周囲の脂肪織濃度上昇を伴う
心電図： HR70、SR、正常波形

## 入院経過

入院翌日に腹腔鏡下虫垂切除術を施行した。術中所見では虫垂の腫大と炎症の所見を認めたが、穿孔や膿瘍形成はなかった。術後経過は良好であり、術後1日目より流動食を開始した。術後3日目には発熱や腹痛も消失し、炎症反応も改善傾向を示したため、術後4日目に退院した。

## 退院時状況

全身状態良好

## 退院時投薬

カロナール200mg2錠（疼痛時）

## 退院時方針

1週間後に外来受診予定"
2,117B43-44_進行胃がん,"## 基本情報

| 項目 | 値 |
|---|---|
| 年齢 | 38 |
| 性別 | 男性 |
| 入院日 | 2024年7月1日 |
| 退院日 | 2024年7月14日 |

## アレルギー情報

なし

## 退院時診断と転帰

| # | 退院時診断 | 発生時期 | 転帰 | コメント |
|---|---|---|---|---|
| 1 | 進行胃癌 | 不詳 | 不変 | |

## 主訴または入院理由

食欲不振

## 入院までの経過（現病歴・既往歴・入院時現症など）

<現病歴>　2024年1月頃から胸やけと食欲不振を自覚していた。同年5月頃から呼吸困難が出現し、自宅近くの診療所を受診した。上部消化管内視鏡検査で胃体部に3型の進行胃癌を認め、精査加療のため入院した。
<既往歴>　特記すべきことはない。
<常用薬>　なし
<生活歴>　妻と小学生の娘2人と4人暮らし。職業は会社員、営業職で外回りの仕事が多い。喫煙は20歳から20本/日だが、2週間前から禁煙している。飲酒は機会飲酒。
<家族歴>　特記すべきことはない。
<入院時身体・検査所見>
意識は清明。身長176cm、体重63kg。体温36.4℃。脈拍92/分、整。血圧120/64mmHg。呼吸数18/分。SpO2 97％（room air）。眼瞼結膜と眼球結膜とに異常を認めない。心音と呼吸音とに異常を認めない。腹部は平坦、軟で、肝・脾を触知しない。
◆検査所見◆
（血液検尿）
血液所見：赤血球390万、Hb 9.1g/dL、Ht 39％、白血球6,300、血小板26万。血液生化学所見：総蛋白5.0g/dL、アルブミン3.0g/dL、総ビリルビン0.8mg/dL、AST 16U/L、ALT 18U/L、LD 184U/L（基準120～245）、ALP 200U/L（基準38～113）、クレアチニン1.0mg/dL、Na 141mEq/L、K 4.0mEq/L、Cl 101mEq/L、Ca 8.5mg/dL、CEA 12.4 ng/mL、CA19-9 85.3 U/mL
（画像）
胸部Xp：両肺に散在する腫瘤影あり　
腹部CT：胃体部に壁肥厚あり、肝転移なし　
心電図：SR、HR68、正常波形

## 入院経過

入院後に精査の結果、HER2陰性の進行胃癌であり、肺転移を認めた。すでに手術の適応はなく、化学療法を行うこととし、SOX療法（S-1＋オキサリプラチン）を導入した。副作用である嘔気対策として、グラニセトロンやデカドロンを併用した。オキサリプラチンによる軽度の末梢神経障害を認めたが、日常生活に支障を来すほどではなく、投与継続は可能と判断した。そのほかに特記すべき有害事象の発生はなく、食事摂取量も安定したため、第14病日に退院した。

## 退院時状況

全身状態良好

## 退院時投薬

なし

## 退院時方針

1週間後に外来受診予定、引き続き化学療法を行う"
3,117B45-46_肝膿瘍,"## 基本情報

| 項目 | 値 |
|---|---|
| 年齢 | 59 |
| 性別 | 男性 |
| 入院日 | 2024年8月1日 |
| 退院日 | 2024年8月15日 |

## アレルギー情報

なし

## 退院時診断と転帰

| # | 退院時診断 | 発生時期 | 転帰 | コメント |
|---|---|---|---|---|
| 1 | 肝膿瘍 | 2024年7月頃 | 軽快 | |

## 主訴または入院理由

倦怠感、悪心、嘔吐および発熱

## 入院までの経過（現病歴・既往歴・入院時現症など）

<現病歴>　2024年7月31日から倦怠感を自覚していたが、その翌日から悪心、嘔吐および悪寒戦慄を伴う発熱が出現し、体動困難となったため救急外来を受診した。血液検査及び画像検査から肝膿瘍の診断で、治療目的に入院した。
<既往歴>　糖尿病でSGLT2阻害薬を内服している。高血圧と脂質異常症で食事療法を行っている。
<常用薬>   フォシーガ5mg1錠1×
<生活歴>　妻と2人暮らし。喫煙歴はない。飲酒は機会飲酒。
<家族歴>　父が糖尿病。母が大腸癌。
<入院時身体・検査所見>
意識は清明。身長165cm、体重70kg。体温38.5℃。脈拍92/分、整。血圧120/86mmHg。呼吸数20/分。SpO2 98％（room air）。眼瞼結膜と眼球結膜とに異常を認めない。甲状腺腫と頸部リンパ節とを触知しない。心音と呼吸音とに異常を認めない。腹部はやや膨満しており腸蠕動音は低下しているが、圧痛や腫瘤は認めない。肝・脾を触知しない。肋骨脊柱角叩打痛は両側とも認めない。
◆検査所見◆
（血液検尿）
尿所見：蛋白（－）、糖2＋、潜血（－）、沈渣に白血球を認めない。
血液所見：赤血球522万、Hb 16.2g/dL、Ht 47％、白血球19,600（桿状核好中球3％、分葉核好中球79％、単球6％、リンパ球12％）、血小板17万、PT-INR 1.09（基準0.9～1.1）。血液生化学所見：総蛋白6.9g/dL、アルブミン4.1g/dL、総ビリルビン1.8mg/dL、直接ビリルビン1.0mg/dL、AST 23U/L、ALT 33U/L、LD 178U/L（基準120～245）、ALP 103U/L（基準38～113）、γ-GT 85U/L（基準8～50）、アミラーゼ45U/L（基準37～160）、CK 144U/L（基準30～140）、尿素窒素20mg/dL、クレアチニン0.87mg/dL、eGFR 70.1mL/分/1.73m2、尿酸6.0mg/dL、血糖189mg/dL、HbA1c 7.5％（基準4.6～6.2）、Na 136mEg/L、K 4.4mEq/L、Cl 98mEq/L。CRP 11.4mg/dL。
（画像）
腹部造影CT：肝右葉に約50mm大の辺縁が造影される不整な腫瘤影を認め、膿瘍が疑われる
心電図：HR70、SR、正常波形

## 入院経過

入院時に膿瘍を穿刺し、ドレナージを行なった。また、抗菌薬としてTAZ/PIPC4.5gの1日3回投与を開始した。穿刺液培養ならびに血液培養からはKlebsiella pneumoniaeが検出されたため、抗菌薬は感受性のあるABPC/SBTに変更した。その後もドレーンからの排液量は徐々に減少、発熱も改善した。採血データや画像所見も改善し、第10病日にドレーンを抜去、第15病日に退院した。退院後は抗菌薬の内服を継続する。

## 退院時状況

全身状態良好

## 退院時投薬

オーグメンチン250mg3錠3×、サワシリン250mg３cap3×

## 退院時方針

1週間後に外来を受診予定
必要に応じて腹部CT検査で膿瘍をフォローする"
4,117B47-48_月経過多に伴う貧血,"## 基本情報

| 項目 | 値 |
|---|---|
| 年齢 | 39 |
| 性別 | 女性 |
| 入院日 | 2024年9月11日 |
| 退院日 | 2024年9月15日 |

## アレルギー情報

なし

## 退院時診断と転帰

| # | 退院時診断 | 発生時期 | 転帰 | コメント |
|---|---|---|---|---|
| 1 | 鉄欠乏性貧血 | 2024年7月頃 | 軽快 | |
| 2 | 子宮筋腫の疑い | 不詳 | 不変 | 10cm大 |

## 主訴または入院理由

動悸と息切れ

## 入院までの経過（現病歴・既往歴・入院時現症など）

<現病歴>　半年前から月経量が増え、3か月前から階段昇降時に動悸と息切れを自覚するようになったため受診した。血液検査で貧血を認め、精査加療目的に入院した。
<既往歴>　特記すべきことはない。
<常用薬>   なし
<生活歴>　会社員。一人暮らし。喫煙歴はない。飲酒は機会飲酒。
<家族歴>　特記すべきことはない。
<月経歴>　初経13歳。周期28日型、持続10日間。
<入院時身体・検査所見>
意識は清明。身長154cm、体重57kg。体温36.4℃。脈拍96/分、整。血圧126/80mmHg。呼吸数18/分。SpO2 98％（room air）。眼瞼結膜は貧血様である。甲状腺腫と頸部リンパ節とを触知しない。心音と呼吸音とに異常を認めない。肝・脾を触知しない。下腹部は軽度膨隆している。内診で、径10cmの腫瘤を触知する。神経診察で異常を認めない。
◆検査所見◆
（血液検尿）
赤血球371万、Hb 8.5g/dL、Ht 29％、白血球4,100、血小板29万。血液生化学所見：総蛋白6.9g/dL、アルブミン4.5g/dL、総ビリルビン0.9mg/dL、AST 32U/L、ALT 32U/L、LD 173U/L（基準120～245）、ALP 106U/L（基準38～113）、尿素窒素11mg/dL、クレアチニン0.8mg/dL、血糖93mg/dL、総コレステロール189mg/dL、Na 139mEq/L、K 4.0mEq/L、Cl 102mEq/L。CRP 0.7mg/dL、フェリチン12ng/dL、Fe18μg/mL。
（画像）
胸部Xp：CTR38%、肺野に異常所見なし　
CT：子宮に約10cm大の腫瘤影を認め、子宮筋腫が疑われる。
心電図：HR80、SR、正常波形

## 入院経過

入院時より貧血に対してフェジン40mg1日2回の点滴を開始した。動悸や息切れの自覚症状は軽快し、貧血も徐々に改善を認めたため、第4病日に退院した。なお、腹部CT検査では子宮筋腫を疑う所見があり、症状の原因となっている可能性があるため、退院後に外来で治療方針を相談する。

## 退院時状況

全身状態良好

## 退院時投薬

フェロミア1錠1×

## 退院時方針

2週間後に外来受診予定"
5,117C60-62_肺がん,"## 基本情報

| 項目 | 値 |
|---|---|
| 年齢 | 76 |
| 性別 | 男性 |
| 入院日 | 2023/1/4 |
| 退院日 | 2023/1/23 |

## アレルギー情報

なし

## 退院時診断と転帰

| # | 退院時診断 | 発生時期 | 転帰 | コメント |
|---|---|---|---|---|
| | SIADH | 2022/12/27 | 軽快 | |
| | 肺小細胞癌 | 不明 | 不変 | |

## 主訴または入院理由

食欲不振と倦怠感

## 入院までの経過（現病歴・既往歴・入院時現症など）

<現病歴>　1週間前から倦怠感と水様便（1日2回～4回）が出現した。食欲がなく、おかゆを無理に食べている。悪心はあるが嘔吐、腹痛、黒色便および血便はない。体重が3kg減少した。37℃台の微熱があるが悪寒戦慄はない。
<既往歴>　高血圧症でカルシウム拮抗薬を内服している。アレルギーなし。
<常用薬>　
<生活歴>　妻と2人暮らし。喫煙は20歳から40本/日。飲酒歴はない。
<家族歴>　兄が60歳台で大腸癌。
<入院時身体・検査所見>
意識は清明だがややぐったりしている。身長166cm、体重69kg。体温37.5℃。脈拍104/分、整。血圧86/50mmHg。呼吸数20/分。SpO2 96％（room air）。皮膚は乾燥し、色素沈着を認めない。眼瞼結膜と眼球結膜に異常を認めない。口腔内は乾燥しており咽頭発赤はない。頸静脈の怒張を認めない。甲状腺腫と頸部リンパ節を触知しない。心音と呼吸音に異常を認めない。腹部は平坦、軟で、圧痛はなく、肝・脾を触知しない。四肢末梢は冷たいがチアノーゼや浮腫を認めない。ばち指を認める。
◆検査所見◆
（血液検尿）
尿所見：蛋白（－）、糖（－）、潜血（－）。血液所見：赤血球437万、Hb 12.3g/dL、Ht 34％、白血球5,400（好中球45％、好酸球21％、好塩基球1％、単球9％、リンパ球24％）、血小板23万。血液生化学所見：総蛋白6.3g/dL、アルブミン3.7g/dL、総ビリルビン0.5mg/dL、直接ビリルビン0.2mg/dL、AST 43U/L、ALT 78U/L、LD 169U/L（基準120～245）、ALP 200U/L（基準38～113）、γ-GT 96U/L（基準8～50）、CK 100U/L（基準30～140）、尿素窒素11mg/dL、クレアチニン1.0mg/dL、尿酸3.7mg/dL、血糖92mg/dL、Na 118mEq/L、K 4.6mEq/L、Cl 89mEq/L、Ca 8.4mg/dL。血清浸透圧240mOsm/L（基準275～288）、尿浸透圧572mOsm/L（基準50～1,300）、尿中Na 84mEq/L。
（画像）
胸部Xp　心拡大なし CPA sharp 左肺門縦隔部に浸潤影あり　CT　胸部：左上肺野中枢に辺縁不整の浸潤影あり　腹部：左副腎に辺縁整の充実性の腫瘤あり、肝臓　washoutがみられる2cm大の円状腫瘤
病理所見：小型でN/C比の高い腫瘍細胞が特有な構造を作らずにびまん性に増殖している。

## 入院経過

低Na血症であり同日入院し、電解質補正を行った。第3病日にNaは安定し、嘔気、水様便は改善した。また入院時の検査で左肺野の腫瘍の精査目的に気管支鏡検査を行った。病理診断から肺小細胞癌と診断された。
肝転移もみられた。ご家族、本人と相談し、化学療法は行わない方針となった。長期の安静により独歩困難、帰宅は難しいと判断した。施設入所の方針となり1月23日に退院した。

## 退院時状況

状態安定、施設入所。

## 退院時投薬

なし

## 退院時方針

施設で対症療法、緩和治療を継続。"
6,117C66-68_IE,"## 基本情報

| 項目 | 値 |
|---|---|
| 年齢 | 52 |
| 性別 | 女性 |
| 入院日 | 2024/1/15 |
| 退院日 | 2024/2/20 |

## アレルギー情報

アトピー性皮膚炎

## 退院時診断と転帰

| # | 退院時診断 | 発生時期 | 転帰 | コメント |
|---|---|---|---|---|
| | 感染性心内膜炎 | 2024/1/10 | 改善 | |
| | くも膜下出血 | 2024/1/15 | 改善 | 1月31日 開頭クリッピング術 |

## 主訴または入院理由

意識障害

## 入院までの経過（現病歴・既往歴・入院時現症など）

<現病歴>　5日前から38℃を超える発熱と悪寒戦慄を訴え、市販のアセトアミノフェンを内服していた。本日夕食中に急に頭痛とふらつき感を訴え、嘔吐した。その後いびきをかいて眠りだし、呼びかけに応答しなくなったため、家族が救急車を要請した。
<既往歴>　アトピー性皮膚炎で副腎皮質ステロイド外用薬を処方されている。健診で異常を指摘されたことはない。
<常用薬>　
<生活歴>　夫と2人の息子との4人暮らし。仕事は事務職。喫煙歴はない。飲酒はビール350mL/日。
<家族歴>　両親とも胃癌で死亡。
<入院時身体・検査所見>
意識レベルはJCS III-200。身長158cm、体重60kg。体温37.8℃。心拍数120/分、整。血圧200/104mmHg。呼吸数16/分。SpO2 100％（リザーバー付マスク10L/分　酸素投与下）
来院時経鼻エアウェイ挿入済み　
瞳孔径：右5.0mm、左3.0mm　対光反射：両側消失
胸部聴診：心尖部を最強点とするLevine 3/6の収縮期逆流性雑音を聴取。上気道にいびき音を聴取する。
腹部：平坦、軟で、肝・脾を触知しない。
下腿に浮腫を認めない。両側足趾先端に点状出血斑を合計3ヶ所認める。頸部周囲と両肘内側に鱗屑、紅斑および苔癬化を認め、一部浸出液がみられる。
◆検査所見◆
（血液検尿）
尿所見：淡黄褐色透明、蛋白（－）、糖（－）、潜血（－）。血液所見：赤血球450万、Hb 13.3g/dL、Ht 42％、白血球11,200（桿状核好中球13％、分葉核好中球53％、好酸球8％、好塩基球1％、単球3％、リンパ球23％）、血小板32万、PT-INR 1.2（基準0.9～1.1）。血液生化学所見：総蛋白6.9g/dL、アルブミン4.2g/dL、総ビリルビン0.6mg/dL、直接ビリルビン0.1mg/dL、AST 30U/L、ALT 13U/L、LD 220U/L（基準120～245）、ALP 83U/L（基準38～113）、γ-GT 13U/L（基準8～50）、尿素窒素13mg/dL、クレアチニン0.47mg/dL、血糖204mg/dL、Na 142mEq/L、K 3.5mEq/L、Cl 105mEq/L。CRP 10mg/dL。
（画像）
胸部Xp：心胸郭比57％（臥位で撮影）
心電図：洞性頻脈でST-T変化を認めない。
頭部CT：左シルビウス裂にくも膜下出血あり

## 入院経過

意識レベル低下、瞳孔所見、頭部CTよりくも膜下出血と診断し、気管挿管を行った。血液培養を提出後、抗菌薬投与を開始した。脳浮腫予防にグリセオールの投与を開始した。血液培養は2セットとも陽性となり、第3病日目にStaphylococcus aureusと同定された。感染性心内膜炎を疑い、心臓エコーを施行した。僧房弁に5mm大の疣贅がみられ、感染性心内膜炎の診断となった。
第14病日にグリセオールは投与終了とした。血液培養陰性を確認し、全身状態も安定したため、第16病日にくも膜下出血に対し開頭手術を行った。第28病日に抗生剤を終了した。心臓エコーで再度僧房弁を確認したところmoderate MRであった。明らかな麻痺もなく、全身状態改善したため2月20日に退院した。

## 退院時状況

状態良好、独歩

## 退院時投薬

バイアスピリン 1T1x、ビソプロロール0.625mg 1T1x

## 退院時方針

次回5月20日外来予定"
7,117C72-74_誤嚥性肺炎＋COPD,"## 基本情報

| 項目 | 値 |
|---|---|
| 年齢 | 85 |
| 性別 | 男性 |
| 入院日 | 2024/1/10 |
| 退院日 | 2024/1/20 |

## アレルギー情報

なし

## 退院時診断と転帰

| # | 退院時診断 | 発生時期 | 転帰 | コメント |
|---|---|---|---|---|
| 1 | 誤嚥性肺炎 | 2024/1/8 | 軽快 | |
| 2 | COPD | 不明 | 不変 | |

## 主訴または入院理由

発熱と呼吸困難

## 入院までの経過（現病歴・既往歴・入院時現症など）

<現病歴>　1年前から息切れのため自宅の階段を昇ることが困難となり、食事や飲水の際のむせが出現した。食事量も低下し、半年間で体重が5kg減少した。1週間前から咳嗽と喀痰が多くなり、2日前から38℃の発熱と呼吸困難がみられるようになったため家族に伴われて受診し、入院した。
<既往歴>　15年前から高血圧症に対してアンジオテンシン変換酵素〈ACE〉阻害薬を内服している。5年前から物忘れが目立つようになり、2年前にAlzheimer型認知症と診断された。
<常用薬>　
<生活歴>　65歳まで会社員。現在は娘の家族と同居。喫煙は65歳まで20本/日を45年間。飲酒歴はない。自宅で猫を飼育している。
<家族歴>　両親とも脳梗塞で死亡。
<入院時身体・検査所見>
意識は清明。身長160cm、体重43kg。体温38.0℃。脈拍120/分、整。 SpO2 85%　血圧122/78mmHg。呼吸数28/分。眼瞼結膜に異常を認めない。口腔内の衛生状態は不良である。心音に異常を認めない。呼吸音は両側でwheezesを、右背側でcoarse cracklesを聴取する。腹部は平坦、軟で、肝・脾を触知しない。浮腫を認めない。
◆検査所見◆
（血液検尿）
血液所見：赤血球412万、Hb 13.1g/dL、Ht 40％、白血球9,800（好中球82％、好酸球2％、好塩基球0％、単球7％、リンパ球9％）、血小板34万。血液生化学所見：総蛋白5.8g/dL、アルブミン2.9g/dL、総ビリルビン1.1mg/dL、AST 14U/L、ALT 10U/L、LD 230U/L（基準120～245）、ALP 64U/L（基準38～113）、尿素窒素28mg/dL、クレアチニン1.5mg/dL、尿酸6.0mg/dL、血糖135mg/dL、Na 139mEq/L、K 4.7mEq/L、Cl 106mEq/L。CRP 5.1mg/dL。動脈血ガス分析（鼻カニューラ2L/分　酸素投与下）：pH 7.33、PaCO2 58Torr、PaO2 72Torr、HCO3- 30mEq/L。新型コロナウイルス〈SARS-CoV-2〉PCR検査は陰性であった。
（画像）
胸部Xp　CPA sharp 心拡大なし右中肺野の浸潤影あり　横隔膜が平低化あり　
CT　両肺に広範な気腫、右背側に浸潤影あり　心電図　洞調律 ST変化なし

## 入院経過

来院時SpO2 85%と低下あり、画像所見、血液検査所見より、COPDを背景とし誤嚥性肺炎を疑い、抗生剤加療を目的に同日入院とした。
同日よりABPC/SBT 3g q8h、メチルプレドニゾロン80mg/day、SABAを開始した。第3病日には酸素化改善がみられた。メチルプレドニゾロンは第5病日に終了し、炎症反応が改善したことよりABPC/SBTは第7病日に終了した。全身状態が改善したため第10病日の1月20日に退院した

## 退院時状況

独歩

## 退院時投薬

スピリーバ

## 退院時方針

3月20日に外来予定"
8,117F59-61_クモ膜下出血,"## 基本情報

| 項目 | 値 |
|---|---|
| 年齢 | 56 |
| 性別 | 女性 |
| 入院日 | 2025年1月1日 |
| 退院日 | 2025年1月29日 |

## アレルギー情報

なし

## 退院時診断と転帰

| # | 退院時診断 | 発生時期 | 転帰 | コメント |
|---|---|---|---|---|
| 1 | くも膜下出血 | 2025年1月1日 | 軽快 | 同日緊急開頭クリッピング術 |

## 主訴または入院理由

強い頭痛、意識障害

## 入院までの経過（現病歴・既往歴・入院時現症など）

<現病歴>　自宅で家事をしていたところ、突然強い頭痛を訴えた。症状が改善しないため、長女が救急車を要請した。来院時にも激しい頭痛を訴えており、診察では項部硬直を認めた。頭部CT検査では、左シルビウス裂を中心にくも膜下出血を疑う所見を認め、前交通動脈瘤破裂によるものが考えられたため、手術加療目的に脳外科に入院した。
<既往歴>　12歳時に急性虫垂炎で手術。2日前に頭痛があり、自宅近くの診療所で処方された鎮痛薬を内服している。
<常用薬>　なし
<生活歴>　夫、長女および長男との4人暮らし。30年前に会社を退職した。喫煙歴はない。飲酒は機会飲酒。
<家族歴>　特記すべきことはない。
<入院時身体・検査所見>
意識レベルはJCS II -30。身長152cm、体重56kg。体温37.2℃。心拍数56/分、整。血圧192/102mmHg。呼吸数24/分。SpO2 96％（マスク5L/分　酸素投与下）。瞳孔径は両側3.0mm。項部硬直を認める。眼瞼結膜と眼球結膜とに異常を認めない。頭部に外傷はない。口腔内と咽頭とに異常を認めない。頸静脈の怒張を認めない。甲状腺腫と頸部リンパ節とを触知しない。心音と呼吸音とに異常を認めない。腹部は平坦、軟で、肝・脾を触知しない。浮腫を認めない。腱反射に異常を認めない。
◆検査所見◆
（血液検尿）
所見：蛋白（－）、糖（－）。血液所見：赤血球453万、Hb 13.0g/dL、Ht 39％、白血球9,600（分葉核好中球52％、好酸球5％、好塩基球1％、単球5％、リンパ球36％）、血小板26万。血液生化学所見：総蛋白6.8g/dL、アルブミン3.9g/dL、総ビリルビン0.9mg/dL、直接ビリルビン0.3mg/dL、AST 30U/L、ALT 26U/L、LD 130U/L（基準120～245）、尿素窒素15mg/dL、クレアチニン0.7mg/dL、血糖88mg/dL、Na 138mEq/L、K 4.1mEq/L、Cl 100mEq/L。
（画像）
胸部Xp：CTR50%、肺野に異常所見なし
頭部CT：左シルビウス裂を中心にくも膜下出血を認める
心電図：HR50、SR、正常波形

## 入院経過

約5mmの前交通動脈瘤破裂によるくも膜下出血と診断され、入院当日に緊急開頭クリッピング術が行われた。術後は再出血の兆候はなく、血圧管理や鎮静を必要としたため、ICUに入室した。第3病日には意識レベルが徐々に改善し、再出血は認められなかった。第10病日には全身状態が安定したため、一般病棟へ転棟した。理学療法・作業療法をはじめとするリハビリも行い、ADLの向上を図った。第27日目には自立歩行が可能となり、ADLもほぼ自立したことから、退院した。

## 退院時状況

全身状態良好

## 退院時投薬

アムロジピン5mg1錠1×

## 退院時方針

1ヶ月後に外来を受診予定"
9,118C63-65_大腸がん,"## 基本情報

| 項目 | 値 |
|---|---|
| 年齢 | 55 |
| 性別 | 男性 |
| 入院日 | 2024年6月1日 |
| 退院日 | 2024年6月2日 |

## アレルギー情報

なし

## 退院時診断と転帰

| # | 退院時診断 | 発生時期 | 転帰 | コメント |
|---|---|---|---|---|
| 1 | 早期大腸癌 | 2024年2月頃 | 軽快 | |

## 主訴または入院理由

便秘

## 入院までの経過（現病歴・既往歴・入院時現症など）

<現病歴>　入院3か月前に会社内で配置転換があり勤務中にトイレに行きにくくなった。元々、便秘がちであり便が硬くなった。2週間前から腹部膨満感が出現したため受診した。排便回数は3日に1回でいきむことなく排便しているが、便は兎糞状である。症状の精査目的に施行した下部消化管内視鏡検査にて早期大腸癌を疑う所見を認めたため、精査および加療目的に入院した。
<既往歴>　45歳から高血圧症で降圧薬を服用している。今まで大腸がん検診を受けていない。
<常用薬>   なし
<生活歴>　喫煙歴はない。飲酒は機会飲酒。会社員で経理の仕事をしている。海外渡航歴はない。
<家族歴>　父が74歳時に大腸癌で手術。
<入院時身体・検査所見>
意識は清明。身長165cm、体重68kg（体重の増減はない）。体温36.4℃。脈拍72/分、整。血圧136/80mmHg。呼吸数10/分。SpO2 97％（room air）。眼瞼結膜と眼球結膜とに異常を認めない。口腔内にアフタを認めない。甲状腺と頸部リンパ節を触知しない。心音と呼吸音とに異常を認めない。腹部は平坦、軟で腸雑音の亢進・減弱を認めない。直腸診で血液を認めず、明らかな腫瘤を触知しない。下腿に浮腫を認めない。
◆検査所見◆
（血液検尿）
尿所見：蛋白（－）、糖（－）、潜血（－）。血液所見：赤血球468万、Hb 13.9g/dL、Ht 42％、白血球8,300、血小板21万。血液生化学所見：総蛋白7.5g/dL、アルブミン3.9g/dL、総ビリルビン0.9mg/dL、直接ビリルビン0.4mg/dL、AST 22U/L、ALT 18U/L、LD 172U/L（基準124～222）、ALP 83U/L（基準38～113）、γ-GT 32U/L（基準13～64）、アミラーゼ95U/L（基準44～132）、尿素窒素12mg/dL、クレアチニン0.8mg/dL、血糖98mg/dL。CRP 0.2mg/dL。
（画像）
胸部Xp：心胸郭比46％、肺野に異常を認めない。　
腹部Xp：小腸ガスや鏡面像を認めない　
CT：大腸内に明らかな異常所見は認めない。そのほかも特記すべき異常所見は認めない。
心電図：HR60、SR、正常波形

## 入院経過

下部消化管内視鏡検査を行ったところ、S状結腸に約15mm大のIsポリープを認め、内視鏡的粘膜切除術（EMR）を行った。処置後の経過は良好であり、出血などの合併症もなく、処置後翌日に退院した。
なお、病理結果はWell-differentiated tubular adenocarcinoma in tubular adenoma, tub1, pTis(M), Ly0, V0, pHM0, pVM0であり、治癒切除と判断した。

## 退院時状況

全身状態良好

## 退院時投薬

マグミット330mg3錠3×

## 退院時方針

2週間後に外来受診予定
定期的に下部消化管内視鏡検査でフォローアップ予定"
10,118F73-75_AMI,"## 基本情報

| 項目 | 値 |
|---|---|
| 年齢 | 70 |
| 性別 | 男性 |
| 入院日 | 2024年1月10日 |
| 退院日 | 2024年1月18日 |

## アレルギー情報

なし

## 退院時診断と転帰

| # | 退院時診断 | 発生時期 | 転帰 | コメント |
|---|---|---|---|---|
| 1 | 前壁中隔心筋梗塞 | 2024年1月10日 | | |

## 主訴または入院理由

激しい胸痛

## 入院までの経過（現病歴・既往歴・入院時現症など）

<現病歴>　数日前から歩行中に圧迫感をともなう胸痛があった。安静で改善するため様子をみていたが、本日就寝後に激しい胸痛が出現し持続しているため家族が救急車を要請した。
<既往歴>　糖尿病、脂質異常症、高血圧症で内服加療中である。
<常用薬>
<生活歴>　喫煙は30本/日であったが、60歳から禁煙している。飲酒は機会飲酒
<家族歴>　兄が狭心症で冠動脈バイパス術を受けている。
<入院時身体・検査所見>
意識レベルはJCS II-10。心拍数104/分、整。血圧68mmHg（触診法）。呼吸数26/分。SpO2は測定不能（リザーバ付マスク10L/分 酸素投与下）である。心音は奔馬調律である。呼吸音は全胸部にcoarse cracklesを聴取する。皮膚は湿潤し、四肢末梢の著明な冷感を認める。
◆検査所見◆
（血液検尿）
血液所見：赤血球442万、Hb 13.0g/dL、Ht 41％、白血球12,000、血小板25万。血液生化学所見：総蛋白6.4g/dL、アルブミン3.3g/dL、尿素窒素28mg/dL、クレアチニン1.5mg/dL、血糖198mg/dL、Na 137mEq/L、K 4.4mEq/L、Cl 97mEq/L、脳性ナトリウム利尿ペプチド〈BNP〉832pg/mL（基準18.4以下）。心筋トロポニンT迅速検査陽性。
（画像）
胸部Xp CPA sharp 心拡大なし 肺野clear　心電図 sinus V1-4 ST上昇
心臓超音波　前壁から中核にかけて壁運動低下あり。明らかな解離、弁膜症はなし

## 入院経過

来院時血液検査、心電図、心臓超音波検査より心筋梗塞を疑い、カテーテル検査を施行した。左冠動脈主幹部の閉塞があり、ステントの留置を行った。治療中明らかな不整脈はなく経過した。翌日より心臓リハビリテーションを開始し、明らかな不整脈はみられることなく経過した。降圧薬等の調節を行い安定していることを確認し、1月18日に退院した。

## 退院時状況

独歩

## 退院時投薬

バイアスピリン、エフィエント、ランソプラゾール、エンレスト、ピタバスタチン、エゼチミブ、フォシーガ、メトホルミン

## 退院時方針

2月14日外来予定"