text,medra_list,doc_name
入院翌日に腹腔鏡下虫垂切除術を施行した。術中所見では虫垂の腫大と炎症の所見を認めたが、穿孔や膿瘍形成はなかった。術後経過は良好であり、術後1日目より流動食を開始した。術後3日目には発熱や腹痛も消失し、炎症反応も改善傾向を示したため、術後4日目に退院した。,"['虫垂炎', '発熱', '腹痛', '炎症']",117B41-42_急性虫垂炎
S　やっぱり薬切れると痛いですね。ちょっといきむとぼこぼこ出てきます。\nO　BP 125/62 mmHg SpO2 100%(RA) いきみ時にエアリークあり\nA/P \n#緊張性気胸\n疼痛管理良好。エアリークはあり、明後日以降にクランプテスト検討。\n# 右第5肋骨骨折\n整形外科で併診してもらう。基本安静とのこと。\n\n,"['疼痛', '肺のエアリーク', '気胸', '肋骨骨折']",12_118B35_緊張性気胸_p2
１１月６日　１５：００　＃＃　Ｔ　病状説明\n＃＃　Ｓ　「本人の望むようにしてやってください」\n＃＃　Ｏ　１１月１日ごろより状態悪化し検査した結果肺がんステージ４診断受ける。本人はｄｎｒ希望される。家族〈息子〉にも病状説明し、本人の希望伝える。涙ぐむ様子あったが、上記話され、意向表明書にサインされる。\n＃＃　Ａ　以前より家族仲よく、長生きしてほしいと訴えていたことから、複雑な心境はあるが、本人の意思を尊重することはできている。しかし受け入れるのは時間が必要であると考える。\n＃＃　Ｐ　本人、家族の意思を適時確認していく\n,['肺癌第４期、細胞タイプ不明'],ＮＵＭ－０００６
救急外来での採血結果から、高Ca血症に伴う意識障害、食思不振と判断した。\n来院時の意識レベルはJCSⅡ-10と意識障害を認めた。\n高Caの原因として内服中のビタミンD製剤による影響が考えられたため、同薬剤を中止の上、補正する方針となった。\n入院同日より、生理食塩水1500mL/dayで投与を開始とした。\n入院２日目には意識障害の改善を認め、意識清明となった。同日の採血検査ではCa：11.6mg/dLと改善を認めた。\n入院３日目には離床が進み、また食事の経口摂取も可能となった。さらに入院４日目にはCa：9.6mg/dLと改善を認めたことから、退院可能と判断され、入院５日目には退院となった。,"['高カルシウム血症', '意識変容状態', '食欲減退', '意識レベルの低下', '活動性低下', '血中カルシウム正常', 'ビタミンＤ過剰症']",01_118B49-50_高Ca血症
１１／８／２１　１０：００\n＃＃　Ｓ　痰が絡んで息がしずらい\n＃＃　Ｏ　湿性咳嗽あり　呼吸困難感なし　ＲＲ：２２回　口腔内痰貯留あり　自己喀出困難\n＃＃　Ａ　窒息・誤嚥防止のため排痰援助および口腔ケアが必要。\n＃＃　Ｐ　ドレナージ・吸痰・口腔ケア行っていく\n,"['湿性咳嗽', '痰貯留']",NUM-0022
S　家には帰れないですか？\nO　便培養　Clostridium difficile(+) \nBP 120/75 67bpm BT 36.6℃　摂食良好\nA/P\n#　偽膜性腸炎\n炎症反応改善。下痢も徐々に改善している。メトロニダゾール投与中10日間投与後入れ切り終了。徐々に食上げを行い、食上げ終了次第退院予定。\n# 廃用性症候群\n夫と2人暮らし。脳梗塞後でもなんとかやれていたが、今回の長期入院により自立歩行は現段階では難しく介助が必要な状況。家族と相談し今後の方針について相談する。\n\n,"['クロストリジウム・ディフィシレ大腸炎', '偽膜性大腸炎', '下痢', '不動症候群', '歩行不能']",17_118D20_誤嚥性肺炎、偽膜性腸炎_p5
"S 造影剤が入ってきた後しばらくしたら苦しくなって⋯今は大丈夫です。\nO\nGCS E4V5M6\nRR 18 /min, HR 115 /min, BP 170/90 mmHg, SpO2 99%(酸素マスク O2 1L/min)\nstridor聴取せず 強制呼気時wheezes聴取せず\n腹部 平坦軟　自発痛圧痛なし\n腹部正中創　明らかな感染徴候なし\n体幹部淡い紅色の膨隆疹わずかに残存\n血液検査：白血球 15,400 /μL、CRP 1.1 mg/dL。\n単純CT：後腹膜は術後から著変なし、前回と比して両側胸水は改善\n食事：経口摂取 常食6割\nDVT prophylaxis 低分子ヘパリン 2000IUq12h 投与終了\nA/P\n造影CTのフォロー予定であったが、造影剤アレルギーと思われるアナフィラキシー症状が出現し、アドレナリン筋肉内注射を要した。抗ヒスタミン薬、ステロイド投与を行い、現在は症状改善、皮疹も改善傾向となっている。\n今後のフォローは超音波検査および単純CTで行うこととする。\n単純CT上は術後問題なく、リハビリ、離床を進め自宅退院を目指す。\n\n","['造影剤アレルギー', '心拍数増加', '高血圧', '蕁麻疹', '白血球数増加', 'Ｃ−反応性蛋白増加', 'アナフィラキシー様反応']",15_118C50_腎損傷_p4
"高度な意識障害、頻呼吸、酸素化低下などから、救急外来にて高度な気道確保が必要と判断し、ただちに気管挿管を実施した。\n引き続き行った各種検査では、尿所見：淡黄色透明、蛋白（－）、糖（－）、潜血（－）。血液所見：赤血球502万、Hb 15.1g/dL、Ht 48％、白血球12,400、血小板30万。血液生化学所見：総蛋白7.3g/dL、アルブミン4.6g/dL、総ビリルビン0.9mg/dL、直接ビリルビン0.3mg/dL、AST 22U/L、ALT 18U/L、LD 195U/L（基準124～222）、ALP 100U/L（基準38～113）、コリンエステラーゼ〈ChE〉40U/L（基準240～486）、尿素窒素12mg/dL、クレアチニン0.5mg/dL、血糖240mg/dL、Na 140mEq/L、K 3.1mEq/L、Cl 101mEq/L。CRP 11mg/dL。心電図は洞性頻脈でST-T変化は認めず。胸部エックス線写真で心胸郭比59％（臥位で撮影）。頭部単純CTで異常を認めなかった。\n\n息子の目撃情報からは薬物中毒が疑われ、上記の縮瞳や流涎、ChE低値などから有機リン中毒が強く疑われた。\n\n診断的治療として、アトロピン１ｍｇを静注したが散瞳を認めることはなく、有機リン中毒の診断と考えた。\n\n循環動態は保たれており、また呼吸動態についても気管挿管により安定が得られたことから、 活性炭投与後にICU入室とした。\n\nICU入室後よりアトロピン持続静注を開始とした。\n\n第２病日には、鎮静の効果もあり頻脈は消失しており、人工呼吸器管理にて呼吸状態も安定していた。\n\n第３病日以降では、ChEの値はむしろ悪化し10U/L程度で推移した。\n治療効果の判定としてChEを使用していることから、気管挿管による管理およびアトロピン静注を継続した。\n\n第７病日にはChEは82U/Lとなり、中毒症状の改善が示唆されたため、アトロピン静注は中止とした。\n第８病日にはSBT実施の上、抜管とした。\n\n抜管後は、呼吸・循環動態の変動や、痙攣発作もなく、意識清明で経過した。\n\n症状の再燃がないことを慎重に確認しつつ、第13病日に一般病棟に転棟のうえ、精神科リエゾンチームの介入を開始した。\n\n第14病日に、左膝関節の疼痛を訴え、歩行困難となったが関節穿刺により偽痛風と診断され、ロキソニン内服にて速やかに軽快した。\n今後は当院精神科通院することとし、第18病日に退院となった。\n","['意識変容状態', '頻呼吸', '酸素飽和度低下', '赤血球数増加', 'ヘモグロビン増加', 'ヘマトクリット増加', '白血球数増加', '血中コリンエステラーゼ減少', '高血糖', '低カリウム血症', 'Ｃ−反応性蛋白増加', '洞性頻脈', '心拡大', '心胸郭比増加', '縮瞳', '流涎過多', '化学物質中毒', '関節痛', '歩行障害']",08_118F70-72_有機リン中毒
１１月１０日１０：００　＃＃　Ｔ　急性混乱\n＃＃　Ｓ　いまは夜なの？ここは家？\n＃＃　Ｏ　術後２日目。名前は正しく言えるが、や場所の見当識障害あり。訪室時、点滴ルート触る様子あり、ルート整理行う。言動や表情は穏やかであり、日中はＴＶをみたり覚醒している。センサーベッドへ変更。\n＃＃　Ａ　せん妄出現あり。術後２日目、また高齢であり、夜間せん妄生じるリスク高いと考える。\n＃＃　Ｐ　日中の活動促し、ルート整理やセンサーベッド使用など安全面に配慮する。担当医師へ確認しリエゾンチームへ介入依頼する。\n,"['錯乱状態', '失見当識', '譫妄']",NUM-0034
１１月１２日１０：００ 　＃＃　Ｔ　便秘\n＃＃　Ｓ　もう３日出ていないです。入院するまで便秘はないし下剤は使ったことないです。普段は１日１回でますよ。\n＃＃　Ｏ　排便−３日目。腸蠕動音減弱あり。上記あり、本日眠前センノシド１錠内服予定。食事８割〜全量摂取。水分摂取と腸マッサージ促す。\n＃＃　Ａ　全身麻酔術後であり、活動量低下や腸蠕動減弱により便秘が生じていると考える。\n＃＃　Ｐ　本日センノシド１錠内服予定。その使用感を考慮し、他の緩下剤の使用を検討する。\n,"['処置後便秘', '胃腸音異常', '日常生活動作低下']",NUM-0038
S\n体調変わりない\nいつ退院できますか？\nまだ自営で飲食店やっているので、お店が心配です\n\nO\n体温36.7℃．心拍数80/分，整．血圧124/70mmHg．呼吸数12/分．SpO2 99％（room air）\n意識清明\n\nA/P\n糖毒性解除出来ている\nインスリンは6:6:6:4で\n退院調整開始する\n\n,[],03_118C72-74_HHS_p4
"S こんにちは。体調はだいぶ良いです。尿も出るようになりました。\nO　体温36.4℃。脈拍64/分、整。血圧126/56mmHg。呼吸数14/分。SpO2 99％（room air）。\n尿所見：白血球20-30以上/HPF\n\n白血球6,500、CRP 5.0mg/dL。\n\n尿培養からは、大腸菌が検出された\nA/P 抗菌薬投与5日目であり、尿所見の改善を認める。炎症反応はさらに改善を認める。経過は良好であり、現加療継続を行う。\n尿培養からは大腸菌が検出され、感受性があることが確認されたため、継続する。\n\n","['尿中白血球異常', 'Ｃ−反応性蛋白増加', '炎症']",07_118F67-69_尿路感染症_p3
６月３０日１３：３０　＃＃　Ｔ　人工呼吸器アラーム\n＃＃　Ｓ　たんとって（文字盤を指で指される）\n＃＃　Ｏ　人工呼吸器　ＳＩＭＶモード使用中　気道内圧上昇アラーム鳴り訪室すると、上記訴えあり　ＶＴ２００　ＲＲ２２回／分　ＳＰＯ２　９４％　喀痰貯留音あり　胃瘻から注入食実施しているが、昼よりリカバリー１００→２００ｍｌに増量の指示あり\n＃＃　Ａ　注入食の量増えており、注入後に痰が増加したと考えられる。\n＃＃　Ｐ　喀痰吸引実施。気切部より中等量～多量の白色粘稠痰、口腔内・カフ上部より唾液中等量回収する。\n,"['喀痰増加', '低換気', '呼吸数増加', '酸素飽和度低下', '痰貯留', '胃瘻']",NUM-0046
１１／１０／２１　１０：００\n＃＃　Ｓ　ここ数日便が出てなくて少し張ってる気がします。\n＃＃　Ｏ　排便ー４日目　腹部膨満感あり　腸音聴取可能　朝食１０割摂取　嘔気なし　嘔吐なし　水分は０時から１０時までで７００ｍｌ摂取している\n＃＃　Ａ　便秘による身体的苦痛あり、便処置必要\n＃＃　Ｐ　排便が肛門付近まで下りてきていれば浣腸。下りてきていなければ緩下剤投薬していく。\n,"['便秘', '腹部膨満']",NUM-0029
S 特に変わりはありません。\nO　BP 124/68mmHg 　SpO2 98%(２Lカヌラ)\nCT それぞれ血栓は縮小傾向。\nA/P\n# PTE/DVT\nヘパリンを開始し安定してる。CTでは血栓は縮小傾向にあり、内服に切り替える。\n若年の発症であり、長期間同じ姿勢を取っていたわけでもないこと、父親のエピソードもあり血栓因子ついて血液検査を提出し結果待ち。\n\n,"['肺血栓症', '肺塞栓症', '深部静脈血栓症']",09_118A19_肺血栓塞栓症_p3
１２月１０日　＃＃　Ｔ　Ｄｒ．からの病状説明\n＃＃　Ｓ　自分は今どんな状態なんですか？これからどんな流れで治療していくんでしょうか？\n＃＃　Ｏ　末期腎不全　ＣＫＤステージＧ５\n＃＃　Ａ　Ｄｒ．からの病状説明希望されている。フォローのため看護師同席させて頂く。\n＃＃　Ｐ　以下、個室にて病状説明。Ｄｒ：現在腎臓が殆ど機能していない為、緊急的に頸から管を入れて血液透析を行う必要があります。もし透析をしない場合、血液の中に毒素が溜まり、尿毒症という重篤な状態になる可能性が高いです。Ｐｔ：どうしても透析をしないと、死んでしまうのでしょうか？頸に管を入れるというのは痛いのですか？Ｄｒ：今のままだと、生命に関わる事になる可能性は高いです。頸に管を入れる時は麻酔をかけますが、麻酔の注射をする時に少し痛いと思います。Ｐｔ：分かりました。身体の事はもう先生にお任せします。できるだけ痛くないようにお願いします。医師退室後、看護師から分かりにくかった所や質問などは無いか聞くと、以下の質問あり。Ｐｔ：透析とは具体的にどういう事をするのでしょうか？Ｎｓ：頸の管から血液を取り出して、人工の腎臓を使って綺麗になった血をまた身体に戻します。殆どの場合１回４時間、週３回の治療をします。頸に管を入れるのは緊急の場合だけなので、ずっと続ける場合は、腕にシャントという血管を作る手術を行う必要があります。Ｐｔ：よくわかりました。まだ気持ちは付いていけませんが・・・なんとか頑張ろうと思います。宜しくお願いします。表情にまだ迷いはあるものの、説明を聞く前よりも落ち着いた様子で話される。\n,"['腎不全', '慢性腎臓病', '感情的苦悩']",NUM-0050
１１月５日９：００　＃＃　Ｔ　低血糖\n＃＃　Ｓ　何だか気分が悪いです・・・。朝ごはんもそんなに食べれなかった。\n＃＃　Ｏ　気分不良の訴えあり、発汗著明で顔色不良。Ⅱ型ＤＭ患者　朝食前血糖１８０。　７：４５に定期インスリンのリスプロ６単位投与。\n＃＃　Ａ　インスリン投与しているが、食事量少ない。\n＃＃　Ｐ　血糖測定実施したところ、６０と低値　主治医報告し、ブドウ糖２０ｇ内服の指示あり\n,"['低血糖', '不快気分', '食欲減退', '冷汗', '蒼白', '２型糖尿病', '高血糖']",NUM-0041
S：\n・・・苦しいのはおさまりました\n\nO：\n体温37.1℃。脈拍102/分、整。血圧134/76mmHg。呼吸数14/分。SpO2 98％（room air）\n\nA/P：\n＃右変形性膝関節症（TKA術後　12POD）\n＃術後感染\n＃術後PE\n\n術後感染→リオペにて洗浄デブリ後\nリオペ後2日で歩行訓練開始としたところ、突然の胸痛と呼吸困難が出現し、胸部造影CTでPEの診断\n\nICU入室し、救急科にて治療続けていただく\n\n,"['変形性関節症', '処置後感染', '肺塞栓症', '胸痛', '労作性呼吸困難']",05_118F61-63_術後PE_p3
５月５日　１０：００\n＃＃　Ｓ　気持ちが悪い…目が回る感じがする\n＃＃　Ｏ　糖尿病１型あり、現在肺炎発症にて入院。緑内障あり。インスリン１回／日にてコントロール良好。肺炎も抗生剤点滴にて改善傾向。眼科にて視力低下、眼圧上昇ありと言われていた。\n＃＃　Ａ　嘔気、めまい症状あり。主病である糖尿病はコントロール良好、肺炎は改善傾向であり、下痢等の腹部症状はなかった。眼圧上昇による嘔気、めまい症状の可能性あり。本人より他の眼科症状はなかったか情報収集する必要あり。\n＃＃　Ｐ　医師に眼科症状を踏まえ報告し、検査等の検討を提案する。\n,"['悪心', '浮動性めまい', '１型糖尿病', '肺炎', '緑内障', '視力低下', '眼圧上昇']",NUM-0016
"S 昨日から熱が出ている。お腹も痛い。\nO 体温38.1℃。脈拍128/分、整。血圧124/86mmHg。呼吸数18/分。\n眼球結膜に黄染あり\n腹部は平坦、軟。右季肋部に圧痛あり。\n白血球17,600。総ビリルビン6.9mg/dL、直接ビリルビン4.2mg/dL、AST 371U/L、ALT 297U/L、ALP 231U/L（基準38～113）、γ-GT 237U/L（基準13～64）、アミラーゼ52U/L（基準44～132）。CRP 16mg/dL。\n腹部単純CTでは胆管に高吸収域と胆管拡張あり\nA/P\n昨日からの発熱と右季肋部痛あり、血液検査では炎症反応の上昇と胆道系酵素の上昇を認める。腹部CTにて胆管内に結石を疑う所見と胆管拡張を認めることから、総胆管結石性胆管炎が疑われる。早急にドレナージ治療をすることが望ましい。\n本日入院後にERCPを行う。ABPC/SBTも開始する。\n\n","['発熱', '上腹部痛', '頻脈', '黄疸眼', '腹部圧痛', '白血球数増加', '高ビリルビン血症', '肝酵素上昇', 'γ−グルタミルトランスフェラーゼ増加', 'Ｃ−反応性蛋白増加', '胆管結石', '胆管拡張', '炎症', '肝機能検査値上昇', '胆管炎']",10_118A69_胆管結石胆管炎_p1
S ありがとうございました。おかげさまで元気になりました。\nO 体温36.0℃。脈拍54/分、整。血圧120/62mmHg。呼吸数14/分。SpO2 99％（room air）。\n血液培養は陰性\nA/P 抗菌薬投与10日目であり経過は良好である。血液培養は陰性であることを確認した。退院後は抗菌薬を内服に変更して、合計2週間の投与とする。\n尿閉の原因となっていた薬剤は中止のままとし、かかりつけ医と相談いただく。紹介状は作成済み\n次回1週間後に再診予定。\n\n,['血液培養陰性'],07_118F67-69_尿路感染症_p5
S …（寝ている）\nO　BP 120/71 63bpm BT 37.8℃　\nA/P\n#s/o 偽膜性腸炎\n本日便培養提出。結果待ち。絶食し経過をみる。偽膜性腸炎を疑いメトロニダゾールを開始。ミヤBMも処方。\n#誤嚥性肺炎\n7日間抗生剤投与し症状改善傾向であり、下痢の原因も疑われ抗生剤終了し経過観察。\n\n,"['発熱', '誤嚥性肺炎', '下痢']",17_118D20_誤嚥性肺炎、偽膜性腸炎_p1
１１月７日　９：００　＃＃　Ｔ　カンファレンス\n＃＃　Ｓ　「苦しいんです。痰も出るし」\n＃＃　Ｏ　ここ数日ａ氏が肺気腫悪化のため、呼吸苦強く、喀痰多いためカンファレンスにて対策を考慮。ｓｐｏ２　９１％、チアノーゼなし、自己にて痰の喀出あるが、湿性咳嗽頻回。\n＃＃　Ａ　喀痰を促すための介入が必要。\n＃＃　Ｐ　ビソルボン吸入の指示受ける。自己喀出困難の場合は吸引する。\n,"['窒息感', '喀痰増加', '肺気腫', '酸素飽和度低下', '湿性咳嗽']",ＮＵＭ－０００７
１１月８日\n＃＃　Ｓ　転んじゃった、ご飯はまだですか？尻もちをついたと思う。\n＃＃　Ｏ　認知症あり、ＡＤＬ低下あり自力での立ち上がりや移動は極めて不安定、活動時は見守り・介助必要。ポータブルトイレあり、何度お願いしてもナースコールを押さずに自力で動いてしまう。転倒頻回。着床センサー設置していたが鳴り続けてしまうため撤去し、対応検討中であった。部屋に伺うとベッドとポータブルトイレの間に横になっていた。身体を確認、発赤や損傷・疼痛訴えなし。\n＃＃　Ａ　認知症あり、ＡＤＬや動作から転倒リスク高い。頭部含め全身状態に変化見られないが、打ち所等本人が分からずに異なって伝えている可能性もあるため観察必要。転倒防止についてカンファレンスが必要と思われる。\n＃＃　Ｐ　転倒防止についてカンファレンスを行い、再発防止に努める。経過観察を行う。活動時は看護師を呼んでもらうよう再度説明する。\n,"['転倒', '認知症', '日常生活動作低下']",NUM-0012
胸部Xpにて右の緊張性気胸を認め、入院加療の判断となった。同日トロッカーカテーテルを留置し持続ドレナージを施行した。疼痛の訴えが強く、カロナール定期内服で疼痛管理を行った。第4病日にクランプテストを施行し、エアリークがみられ、第6病日に再度確認を行い、第8病日ドレーン抜去後退院となった。\n,"['気胸', '疼痛', '肺のエアリーク']",12_118B35_緊張性気胸
"S おはようございます。熱も下がりました。尿も少しずつ出ています。\nO　体温37.0℃。脈拍80/分、整。血圧126/60mmHg。呼吸数16/分。SpO2 99％（room air）。\n白血球9,800、CRP 7.2mg/dL。\nA/P 昨日より抗菌薬治療を開始した。解熱されており、炎症反応も改善傾向を認める。\n培養結果を確認していく。\n尿閉の原因となる薬剤を中止しており、症状も改善を認める。これらの薬剤は中止継続とする。\n\n","['白血球数増加', 'Ｃ−反応性蛋白増加', '炎症']",07_118F67-69_尿路感染症_p2
"S：\n今は痛いとかはないです\n手術終わったんですか\nありがとうございました。\n\nO：\n体温36.2℃。心拍数78/分、整。血圧126/73mmHg。呼吸数16/分。SpO2 98％（room air）。\nMMT(R/L): trap 5/5, del 5/5, bi 5/5, tri 5/5, brachio 5/5, ilio 1/1, quad 1/1, ham 1/1, ant.tib 0/0, gastro 0/0\n臍部から両下肢に感覚障害あり\n膝蓋腱反射とアキレス腱反射は両側減弱\n\nA/P：\n#胸椎骨折（T10,11）＃脊髄損傷（T10T11レベル）\n　＃下肢麻痺＃下肢感覚障害\nT9-T12後方固定術を施行\n明日からギャッジ開始\n麻痺、感覚障害は改善なく残存している\nこのまま残存する可能性高い\n\n","['筋力低下', '感覚障害', '反射減弱', '胸椎骨折', '脊髄損傷', '感覚障害']",06_118F64-66_胸髄損傷_p2
"S  おはようございます。変わりありません。熱もありません。お腹も痛くありません。食事もできました。\nO　体温36.5℃。脈拍70/分、整。血圧114/86mmHg。呼吸数12/分、SpO2 98%(room air)。\n腹部は平坦、軟。腹部に圧痛なし。\n白血球6,500。総ビリルビン0.9mg/dL、直接ビリルビン0.5mg/dL、AST 22U/L、ALT 24U/L、ALP 98U/L（基準38～113）、γ-GT 51U/L（基準13～64）、アミラーゼ52U/L（基準44～132）。CRP 0.3mg/dL。\nA/P 食事開始後も症状の再燃はなく経過良好であり、抗菌薬は終了する。\n再度ERCP予定してERBDの抜去と採石術を行う。\n\n",['抱合ビリルビン増加'],10_118A69_胆管結石胆管炎_p3
"S おはようございます。体調は良いです。ありがとうございます。\nO　体温36.6℃。脈拍60/分、整。血圧116/56mmHg。呼吸数14/分。SpO2 99％（room air）。\n白血球5,600、CRP 2.6mg/dL。\n\n血液培養は今のところ陰性\nA/P 抗菌薬投与9日目。症状の再燃はなく経過は良好。採血でも炎症所見はさらに改善を認める。明日退院とする。\n\n","['Ｃ−反応性蛋白増加', '血液培養陰性', '炎症']",07_118F67-69_尿路感染症_p4
S　あまり変わりません。\nO　便培養提出中。BP 124/81 71bpm BT 37.4℃　\nA/P\n#s/o 偽膜性腸炎\n偽膜性腸炎を疑いメトロニダゾールを開始している。ミヤBMも処方。全身状態は安定しているため食事を徐々に開始。\n#誤嚥性肺炎\n7日間抗生剤投与し症状改善傾向であり、下痢の原因も疑われ抗生剤終了し経過観察。\n\n,"['誤嚥性肺炎', '下痢']",17_118D20_誤嚥性肺炎、偽膜性腸炎_p2
"S ここの食事まずくて食えないよ。味がしない。量も少ない。ラーメンとかなら食べられる気がする。\nO　BP 147/75mmHg HR 72bpm BW 80kg SpO2 96%(1Lカヌラ) 尿量 2000ml/day\n胸部Xp CPA dull  CTR 62%\n心エコー  IVC 18mm RV(-)\nA/P\n#高血圧性心不全\n尿量保たれる。2A2xで引き続き酸素離脱まで継続予定。MRA,SGLT2,ARB導入済み。\n退院までにβblckerを導入する。\n# HT\nニトロは現在4mL/hで漸減できず。ニフェジピン20mg 2T2xで開始した。改善なければアジルバ→エンレスト導入検討。二次性精査L/D提出済み。 \n\n","['高血圧', '胸水', '心拡大', '高血圧性心疾患']",18_118D25_高血圧性心不全_p3
来院時血液検査、心電図、心臓超音波検査より心筋梗塞を疑い、カテーテル検査を施行した。左冠動脈主幹部の閉塞があり、ステントの留置を行った。治療中明らかな不整脈はなく経過した。翌日より心臓リハビリテーションを開始し、明らかな不整脈はみられることなく経過した。降圧薬等の調節を行い安定していることを確認し、1月18日に退院した。,"['心筋梗塞', '冠動脈閉塞']",118F73-75_AMI
１１月９日　９：３０　＃＃　Ｔ　無断離院\n＃＃　Ｓ　「いつになったら退院できるんですか。もう家に帰りたい」\n＃＃　Ｏ　訪室するとベッドサイドにおらず、病棟内捜索するが発見できず。他スタッフ、主治医にも報告し、複数人で捜索し病院内捜索するが発見できず。３０分後に近くの公園で座っているところを患者の家族が発見し保護に至る。外傷なし。\n＃＃　Ａ　自宅への退院を望んでおり、なかなか退院できないことで今回の行動に至ったと考えられる。\n＃＃　Ｐ　状態安定してきており、具体的な退院日を決定し本人に説明することも必要。\n,['創傷'],ＮＵＭ－０００９
S：\n悪寒がします、膝は相変わらず痛い\nなんか腫れてるような気もする\n\nO：\n体温38.1℃。脈拍124/分、整。血圧88/50mmHg。呼吸数24/分。SpO2 96％（room air）\n\nA/P：\n＃右変形性膝関節症（TKA術後　7POD）\n＃術後感染\n\n発熱あり、術後人工関節感染を疑い、関節穿刺→Gram染色としたところ黄色ブドウ球菌の検出あり。\nMRSAおよびMSSA両方をカバーする目的で、バンコマイシンおよびセファゾリンの投与開始。\n血圧下がっており、呼吸数も多いことからプレショックの状態を考え、補液も1000mL/day追加で\n\n,"['悪寒', '疼痛', '関節腫脹', '発熱', '血圧低下', '呼吸数増加', '変形性関節症', '処置後感染', 'ブドウ球菌感染', 'ショック症状', '頻脈', '人工関節使用者']",05_118F61-63_術後PE_p2
 CTで血栓がみられ、肺塞栓、下肢静脈血栓症と診断し血栓溶解目的に入院加療とした。\nヘパリンを投与し徐々に酸素化改善がみられ、第3病日にCTでも血栓の縮小がみられた。第4病日に内服薬に切り替え、第5病日に酸素化改善した。第8病日に労作時の酸素化低下も改善したため第10病日に退院とした。\nまた、血栓素因については血液検査で陰性であり、再発がなければ今回の治療で一度抗凝固薬終了の方針とした。\n,"['肺血栓症', '肺塞栓症', '酸素飽和度低下']",09_118A19_肺血栓塞栓症
６月２０日　１８：２０\n＃＃　Ｓ　けいれんがつづいている。ご飯は食べたい。\n＃＃　Ｏ　幼少期からの軽度脳性麻痺にて入院中。普段は介助にて電動車椅子に移動し、自ら操作にて自走。時折痙攣様の発作があり、特に緊張や怒った時に多いが、長さはその時々。長く続く時や頻回に起こる時は医師の継続指示あり、ダイアップ使用する。１６時頃より痙攣あり、自発呼吸あるもののＳｐｏ２：９７〜９２％と下がることあり、指示により酸素０．５Ｌ吸入。\n＃＃　Ａ　痙攣が頻回に続いているため医師に報告、継続指示にてダイアップ使用。痙攣発作の原因について緊張や怒った時などがあるがカンファレンスで情報を共有し、なるべく引き起こさない様に対応する必要がある。夕食摂取の希望があったが痙攣時は誤嚥リスク高いため中止か、落ち着いてからの摂取が望ましいと考える。\n＃＃　Ｐ　カンファレンスにて患者が何に緊張や腹を立てるのか情報を共有し、なるべく対処する。痙攣時はモニター装着にて全身状態の観察。痙攣が落ち着いた後に食事摂取する事を説明する。\n,"['痙攣発作', '脳性麻痺', '酸素飽和度低下']",NUM-0014
S ありがとうございました。\nO 体温36.0℃。心拍数72/分、整。血圧110/60mmHg。呼吸数16/分。SpO2 98％（room air）。\nA/P 経過良好であり予定通り本日退院。\nラクツロースとリーバクトの内服は継続する。\n肝硬変の原因としてNAFLDが疑われるため、外来で精査加療していく。\n\n,['肝硬変'],13_118B41-42_肝性脳症_p5
 来院同日に緊急穿頭洗浄血腫ドレナージ術を施行とし、ドレーンを留置して手技終了とした。翌日の頭部CTでは血腫の消失を認め、ドレーン抜去とした。\n第３病日の夜間に痙攣発作を認めたが、看護師からの報告で当直医師がたどり着いた時には痙攣は頓挫していた。気道閉塞はなく酸素化にも問題がないことを確認し、撮影した頭部CTでは第２病日に撮影したものと著変はなかった。\n原因検索として行った問診では、本人の不安神経症・不眠症から長年にわたってベンゾジアゼピン系睡眠薬（エチゾラム1mg3T3Xの処方を受けていたが、自己調節により１日に５ｍｇ以上飲むこともあるとのこと）を飲んでいたが、入院時に申告できておらず、当院入院に際し中断されていたことが判明した。\nベンゾジアゼピン離脱症候群として、まずはエチゾラム内服量をジアゼパム15㎎に換算し、1週間ごとに2.5mgずつ漸減する方針とした。\n第10病日に至るまで痙攣発作の再発を認めず、また不安焦燥・不眠などの症状も認めなかったことから、2.5㎎の減量を行い、その後の減量は処方医である精神科近医に依頼し、第12病日に退院となった。,"['頭血腫', '痙攣発作', '不安障害', '不眠症', '薬剤離脱症候群']",19_118D57_慢性硬膜下血腫
"S 頭に血が溜まってたんですね。1週間くらい前から具合が悪くて⋯\nO\nJCS Ⅰ-1, GCS E4V5M6\nRR 16 /min, HR 60 /min, BP 125/65 mmHg, SpO2 98%(室内気) BT 37.4℃\n瞳孔　2.5mm/2.5mm 両側対光反射迅速\n硬膜下ドレーン 10ml/day 旧血様\n皮下ドレーン 10ml/day 旧血様 \n\n血液検査(来院時採血)：尿素窒素 13 mg/dL、クレアチニン 0.7 mg/dL、Na 140 mEq/L、K 3.9 mEq/L、Cl 105 mEq/L、CK 14 U/L、CRP 2.1 mg/dl、WBC 10400 /μL、Hb 10.5g/dL、Ht 31％\n\n頭部CT：硬膜下血腫消失、air少量\nA/P\n＃慢性硬膜下血腫\n緊急穿頭洗浄血腫ドレナージ術　1POD。\n出血持続しておらず頭部CTでも血腫の消失を確認してドレーンを抜去した。\n経口摂取開始、リハビリ離床励行。\n\n","['処置後ドレーン排液持続', '硬膜下血腫']",19_118D57_慢性硬膜下血腫_p2
１１／９／２１　１６：００\n＃＃　Ｓ　疲れました。痛くないですよ。\n＃＃　Ｏ　本日ＰＭ植え込み術　ＨＲ：７０設定　モードＤＤＤ　ＨＲ：７０代Ｖペーシング　ＰＭ挿入部疼痛なし　感染兆候なし\n＃＃　Ａ　ＰＭ挿入に伴う合併症の出現に注意\n＃＃　Ｐ　合併症の観察および、挿入側上肢の運動制限・疼痛出現に注意し介入していく。\n,['疲労'],NUM-0028
S　楽になりました。急に苦しくなってびっくりしました。\nO　BP 134/78mmHg 　SpO2 98%(3Lカヌラ)\n CT 右肺動脈本幹に3x6cm大の血栓あり、右大腿部~膝窩静脈に血栓あり\n血栓素因提出済み\nA/P\n# PTE/DVT\nヘパリンを開始し適宜ATPP観察していく。\n若年の発症であり、長期間同じ姿勢を取っていたわけでもないこと、父親のエピソードもあり血栓因子ついて血液検査を提出した。\n\n,"['肺血栓症', '肺塞栓症', '深部静脈血栓症']",09_118A19_肺血栓塞栓症_p1
S　この鼻のやつやめれれないんですか？\nO　BP 127/89mmHg 　SpO2 98%(1Lカヌラ)\nA/P\n# PTE/DVT\nヘパリンを開始し安定してる。CTでは血栓は縮小傾向にあり、内服に切り替える。本日切り替え。\n若年の発症であり、長期間同じ姿勢を取っていたわけでもないこと、父親のエピソードもあり血栓因子ついて血液検査を提出し結果待ち。\n\n,"['肺塞栓症', '深部静脈血栓症', '肺血栓症']",09_118A19_肺血栓塞栓症_p4
１０月１日　１４：４０\n＃＃　Ｓ　我慢できなくて，ほんのちょこっと，お饅頭をほんの一口だけ食べちゃった。\n＃＃　Ｏ　ＢＳ：３６１㎎／ｄｌ　血糖測定後に本人から上記発言あり。困り顔の様な軽い笑みを浮かべながら話される。会話可能であり意識明瞭。気分不良の訴え聞かれず。\n＃＃　Ａ　血糖コントロール不良のため入院中。血糖値が安定しないため，インスリンはスライディングスケールにて対応中。病院食以外の食事はしないよう指導しているが，我慢できずに食べてしまったとのこと。本人の発言からも，病識が不足していると考える。内服治療だけでなく食事療法も併用して治療していくことが重要であるため，病識や治療方針についての考え・思いを再確認する必要がある。\n＃＃　Ｐ　病気，食事・間食についての考え・思いを傾聴し，情報収集を行う。\n,"['高血糖', 'コントロール不良の糖尿病', '病態失認']",NUM-0061
S ありがとうございます(嗄声あり)\nO \nGCS E4V5M6 \n抜管後 SpO2 99％(酸素マスク O2 4L/min)\nHR 90 BP 120/65 Hr 60ml/h Lac 0.5\n入室からのIn out balance +500ml\n腹部正中 創部感染徴候なし  膀胱内圧 4mmHg\n左横隔膜下ドレーン 10ml/day 漿液性、骨盤底ドレーン 30ml/day 漿液性\n経管栄養 消化態栄養剤 10ml/h 内服再開済\nK製剤 40mEq/day内服あり、K 4.0mEq/L\nHb 9.8 PLT 35万 Fbg 330 輸血需要なし\n抗菌薬free\nA/P\n一昨日よりSATclearしており、本日SBTを行った。\n自発呼吸出現し、SBTをclearしたため抜管し、呼吸パターンは安定している。\n連日膀胱内圧も測定していたが低値で経過しており本日で測定終了とする。\nバイアスピリンの内服を再開しているがドレーン排液も連日少量であり、再出血も疑わないため本日ドレーン抜去とする。\n飲水テストを実施し、問題なければ飲水開始。排ガス確認し流動食摂取も開始予定。,"['発声障害', '術後貧血']",02_118C66-68_脾損傷_p3
"【症例】52歳、女性\n【病名】IE, SAH(1/31 解答クリッピング術後）\n【既往歴】アトピー性皮膚炎\n【家族歴】父：胃Caで死去、母：胃Caで死去\n【生活歴】喫煙なし、飲酒：缶ビール350ml/day、事務職\n【内服薬】ステロイド外用剤、退院時：バイアスピリン1T1X, ビソプロロール0.625mg1T1X\n【現病歴】2024/1/10より発熱、悪寒戦慄あり、1/15夕食中に頭痛とふらつき、嘔吐、その後いびきをかいて眠りだし応答ないため救急要請。JCSⅢ-200、BT 37.8, HR","['細菌性心内膜炎', 'くも膜下出血', 'アトピー性皮膚炎', '発熱', '悪寒', '頭痛', '浮動性めまい', '嘔吐', 'いびき', '意識レベルの低下']",117C66-68_IE-F
"S お世話になりました。\nO\n意識清明\nRR 16 /min, HR 60 /min, BP 115/70 mmHg, SpO2 96%(室内気) BT 36.7℃\n\n血液検査：AST 12U/L、ALT 8U/L、尿素窒素 10mg/dL、クレアチニン 0.70mg/dL、Na 140mEq/L、K 3.7mEq/L、Cl 104mEq/L、CK 76U/L、Hb 12.2g/dL、Ht 37％\n\nA/P\n#Ⅳ度熱中症\nactive coolingで加療を行い、遷延する意識障害のフォローおよび横紋筋融解症のフォロー目的に入院となった。\n経過良好、CKの正常化を確認した。\n全身状態に問題ないため、第７病日に自宅退院予定\n\n","['熱中症', '横紋筋融解症']",16_118C59_熱中症_p5
１０月７日　１３：３０\n＃＃　Ｓ　これ、なんだ！\n＃＃　Ｏ　心電図モニター　カンファレンス　参加スタッフ：○○、××、□□、△△　７０８号　１ベッド　○○　□△様　　装着理由　入院時より頻脈あり、安定しなかった経緯ありＤｒ指示で装着となる。\n＃＃　Ａ\n＃＃　Ｐ\n,['頻脈'],NUM-0059
770歳男性\n病名：AMI（前壁中隔）\n既往歴：糖尿病、脂質異常症、高血圧症\n内服：上記内服\n嗜好品：喫煙は30本/日、60歳から禁煙。飲酒は機会飲酒\n病歴：\n1/10の数日前から歩行中に胸痛あり。\n安静で改善するため様子をみていたが、1/10就寝後に激しい胸痛が出現し持続したため家族が救急車を要請\n→来院時血液検査、心電図、心臓超音波検査より心筋梗塞を疑い、CAG→PCIでステント留置→翌日より心臓リハビリテーションを開始し1月18日に退院した。\n\n入院時身体所見／検査\n心音は奔馬調,"['急性心筋梗塞', '糖尿病', '脂質異常症', '高血圧', '胸痛', '心筋梗塞', '心音異常']",118F73-75_AMI-J
１１月１０日　１６：００　＃＃　Ｔ　暴力\n＃＃　Ｓ　「洗面所使ってたらあいつがバカって言ったから殴ったったんだわ！私は悪くない」\n＃＃　Ｏ　廊下で大きな声が聞こえ、駆けつけるとａ氏がｂ氏の体の上に乗り殴っている。スタッフ複数で静止するが抵抗強い。ａ氏が洗面所を使っていたが、後ろからｂ氏が来て洗面所を譲らなかったため今回の暴力に発展した模様。ｂ氏は３発殴られており、右頬に打撲、発赤認める。ａ氏に外傷はなし。\n＃＃　Ａ　スタッフの静止や説明にも納得できず興奮状態続いており、危険行為に発展する可能性あり、薬剤使用が望ましい。\n＃＃　Ｐ　不穏著しい時指示のセレネース１ａ右肩峰に施行,"['挫傷', '紅斑']",ＮＵＭ－００１０
"S (挿管中)\nO \nプロポフォール 100mg/hで鎮静、フェンタニル 40μg/hで鎮痛、RASS -2〜-3\n人工呼吸器使用中、モード　A/C PC f 16 PIP 18 PEEP 8 FiO2 50% Ti 1.20\nTV 420ml MV 6.72L/min \nP/F 220 pCO2 40Torr\nCT：右下肺野に浸潤影\nカテコラミン使用なし、MAP 70mmHg程度 Hr 150ml/h Lac 1.2\n入室からのIn out balance +2500ml\n腹部正中創 パッキング中 浸出液少量\n左横隔膜下ドレーン 40ml/day 漿液性　骨盤底ドレーン 40ml/day 漿液性\nドレーンアミラーゼ陰性\nAST 24U/L ALT 16U/L ALP 50U/L γ-GTP 39U/L\n経管栄養 消化態栄養剤 10ml/h 360kcal タンパク量 22g/day\n内服再開\n排便なし\n利尿薬投与中\nHb 11.1g/dl, PLT 25万/μl, Fbg 280mg/dl 輸血需要なし\nWBC 12000 /μL, CRP 28 mg/dl\n抗菌薬：誤嚥性肺炎に対してCTRX開始\nSU prophylaxis PPI ivq12h\nDVT prophylaxis 低分子ヘパリン 2000IUq12h 投与開始\nA/P\n2POD。昨日閉腹しドレーン留置したがドレーン排液、性状も問題なし。\n炎症反応上昇あり造影CT撮像し術後経過は問題なかったが新規肺炎の指摘があった。\n血液培養、喀痰培養を提出しCTRXを開始。\n大量輸血により体液過剰であり、呼吸器設定はまだweaningが必要なため、利尿薬の投与を開始した。\n出血はコントロール出来ていそうであり、低分子ヘパリン開始。\n\n","['鎮静', '肺浸潤', '体液貯留', '処置後ドレーン排液持続', 'γ−グルタミルトランスフェラーゼ増加', '便秘', 'ヘモグロビン減少', '白血球数増加', 'Ｃ−反応性蛋白増加', '誤嚥性肺炎', '炎症', '肺炎']",20_118F56_高エネルギー外傷_p2
"S　ありがとうございました。お腹は痛くありません。発熱もないです。\nO 体温36.5℃。脈拍52/分、整。血圧104/66mmHg。呼吸数12/分、SpO2 99%(room air)。\n腹部は平坦、軟。腹部に圧痛なし。\n白血球6,300。総ビリルビン0.9mg/dL、直接ビリルビン0.5mg/dL、AST 26U/L、ALT 28U/L、ALP 98U/L（基準38～113）、γ-GT 50U/L（基準13～64）、アミラーゼ52U/L（基準44～132）。CRP 0.3mg/dL。\nA/P 昨日ERCPを行った。発熱や腹痛はなく、採血でもアミラーゼの上昇はない。膵炎などの合併症はなく経過良好。本日より食事を開始し、問題がなければ明日退院する。\n\n",['抱合ビリルビン増加'],10_118A69_胆管結石胆管炎_p5
"S いま何日ですか\nO\nGCS E4V5M6\n抜管後 RR 16 /min, SpO2 98%(酸素マスク O2 4L/min)\nHR 90 /min, BP 120/60 mmHg Lac 1.2\n腹部正中創 パッキング中 浸出液少量\n左後腹膜ドレーン 40ml/day 漿液性　骨盤底ドレーン 40ml/day 漿液性\n経管栄養間欠投与 消化態栄養剤 1080kcal タンパク量 66g/day\n泥状便あり\n電解質異常なし\n輸血需要なし\nWBC 8000 /μL, CRP 11.8 mg/dl\n抗菌薬：なし\nSU prophylaxis PPI ivq12h\nDVT prophylaxis 低分子ヘパリン 2000IUq12h \nA/P\nSAT、SBTクリアし抜管した。\nドレーン排液量、性状も問題なく、ドレーン抜去とした。\n第7病日に造影CTで画像フォロー予定。\n\n","['処置後ドレーン排液持続', '下痢', 'Ｃ−反応性蛋白増加']",15_118C50_腎損傷_p3
１１月１１日１５：００　＃＃　Ｔ　嚥下障害\n＃＃　Ｓ　とろみがついてて食べやすいよ。たまにむせちゃうからゆっくり食べるようにしているよ。練習も頑張ってやっているよ。\n＃＃　Ｏ　食前、アイスマッサージ・嚥下体操施行されている。昨日、栄養士と面談し食事形態変更。食事全量摂取。食後口腔ケア施行され、口腔内貯留物なし。バイタルサイン参照。呼吸音異常無し。\n＃＃　Ａ　積極的に嚥下訓練施行されており、少しずつではあるが嚥下機能の改善がみられていると考える。\n＃＃　Ｐ　呼吸状態や嚥下訓練を観察していく。必要時栄養士や言語訓練士に相談していく。\n,['嚥下障害'],NUM-0037
低Na血症であり同日入院し、電解質補正を行った。第3病日にNaは安定し、嘔気、水様便は改善した。また入院時の検査で左肺野の腫瘍の精査目的に気管支鏡検査を行った。病理診断から肺小細胞癌と診断された。\n肝転移もみられた。ご家族、本人と相談し、化学療法は行わない方針となった。長期の安静により独歩困難、帰宅は難しいと判断した。施設入所の方針となり1月23日に退院した。\n,"['低ナトリウム血症', '悪心', '下痢', '小細胞癌', '肝転移', '歩行不能']",117C60-62_肺がん
S　久々の食事嬉しいです。\nO　便培養提出中。BP 126/75 76bpm BT 37.0℃　食事10/10\nA/P\n#s/o 偽膜性腸炎\n偽膜性腸炎を疑いメトロニダゾールを開始。ミヤBMも処方。本日より食事開始。食欲もあり徐々に食上げを行う。\n#誤嚥性肺炎\n7日間抗生剤投与し症状改善傾向であり、下痢の原因も疑われ抗生剤終了し経過観察。\n\n,"['誤嚥性肺炎', '下痢']",17_118D20_誤嚥性肺炎、偽膜性腸炎_p3
病歴および身体所見、検査結果から熱中症を疑い、深部体温を測定したところ40.4℃であり、Ⅳ度熱中症、横紋筋融解症と判断した。膀胱温をモニタリングしつつ、蒸散冷却法、冷却輸液の急速投与を開始した。\n\n深部体温は38℃以下を確認したものの、意識障害の残存、また横紋筋融解症のフォロー目的にICU入院の方針となった。\n\n第２病日までに尿量は確保されており、また循環動態も安定し、意識障害も改善が見られた。同日のCKは1136U/Lと改善を認めた。\n\n第３病日には全身状態の安定、また重篤な電解質異常もなく、一般病棟に移動のうえ、食事の経口摂取を開始した。ただし、高脂血症に対するスタチンの内服については、横紋筋融解症の誘因となっていた可能性もあることから中止し、ゼチーアで代替とした。\n\n第６病日にはCKも正常化し、全身状態に問題ないことから第７病日に退院となった。\n,"['熱中症', '異常高熱', '横紋筋融解症', '意識レベルの低下', '高脂血症']",16_118C59_熱中症
"S おはようございます。気分は落ち着いています。精神科の先生にはもうしないと約束しました。\nあと、なんだか左膝が痛くて歩けません。以前にもなったことがあって、痛み止めを飲んで散らしたことがあります。\nO\nGCS E4V5M6\n瞳孔径 3.5mm/3.5mm 対光反射迅速\nRR 16 /min, HR 70 /min,  BP 120/70 mmHg, SpO2 97%(室内気)\n特記すべき身体所見なし\n血液検査：Na 136 mEq/L, K 4.0 mEq/L, コリンエステラーゼ 250 U/L, WBC 8400, CRP 3.11 mg/dl\n画像検査：胸部レントゲン　ひだり下肺野の肺炎像は改善傾向\nA/P\n＃有機リン中毒\n気管挿管管理の上、アトロピン持続静注を継続し、第7病日にコリンエステラーゼ値の改善に伴いアトロピン投与を終了、その後は中毒症状の再燃なく経過している。\n\n＃人工呼吸器関連肺炎\n喀痰培養：緑膿菌\n第6病日〜第9病日　PIPC/TAZ\n第9病日〜第12病日 PIPC\n治療効果ありと判定し、7日間で抗菌薬投与終了とした。\n＃自殺企図\nICU入室中から精神科にコンサルテーションし、抜管後に精神状態を評価いただき切迫性なしと判断されている。\n本日一般床転床に伴い精神科リエゾンチームの介入が開始となる予定。\n転帰については数日内に精神科より精神状態の評価を受けた上で決定する。\n\n＃左膝偽痛風\n突然発症の左膝関節の疼痛、腫脹、熱感あり\n関節穿刺にてピロリン酸結晶あり、偽痛風の診断\nロキソニン60mg3T3X + レバミピド100mg3T3X　１週間内服開始\n疼痛治まれば退院自体は可能\n\n","['関節痛', '白血球数増加', 'Ｃ−反応性蛋白増加', '肺炎', '肺炎', '自殺企図', '疼痛', '関節腫脹', '関節熱感']",08_118F70-72_有機リン中毒_p4
"S 歩けるようになってきました。退院したいです。\nO\nJCS 0, GCS E4V5M6\nRR 16 /min, HR 66 /min, BP 119/71 mmHg, SpO2 97%(室内気) BT 36.1℃\n瞳孔　2.5mm/2.5mm 両側対光反射迅速\n\n血液検査(来院時採血)：Na 146 mEq/L、K 3.8 mEq/L、Cl 110 mEq/L、CK 21 U/L、CRP 0.08 mg/dl、WBC 5800 /μL、Hb 9.9g/dL、Ht 29％\nA/P\n＃慢性硬膜下血腫\n＃ベンゾジアゼピン離脱症候群\n\n緊急穿頭洗浄血腫ドレナージ術　9POD。\n痙攣発作再発なし、その他離脱症候群を疑う焦燥や不眠などないため、ジアゼパムを減量し、朝5mg、昼2.5mg、夜5mg内服の12.5mgに減量とする。\n離床状況良好のため、明後日自宅退院とし、その後の内服調整をかかりつけに依頼とする。\n\n","['硬膜下血腫', '薬剤離脱症候群']",19_118D57_慢性硬膜下血腫_p5
S　もう泡は出てこないんですけどねぇ。昨日今日は痛み止めを飲まずにこれてます。\nO　BP 134/86 mmHg SpO2 100%(RA)  エアリークははっきりしない\nA/P\n#緊張性気胸\n疼痛管理良好。鎮痛薬は頓用でよさそう。明日クランプテスト。\n# 右第5肋骨骨折\n整形外科で併診してもらう。基本安静とのこと。\n\n,"['肺のエアリーク', '疼痛', '気胸', '肋骨骨折']",12_118B35_緊張性気胸_p5
１１月１１日１４：００ 　＃＃　Ｔ　出血リスク状態\n＃＃　Ｓ　（唾を出したら少し血が混じったけど、たくさん出ている感じはない。喉が少し痛いけど我慢できる。）\n＃＃　Ｏ　全身麻酔下にて喉頭微細手術施行された。医師より、術後発声禁止の指示あり。守れている。ごく少量血性混じりの排痰あるが、創部より明らかな出血なし。バイタルサイン参照。\n＃＃　Ａ　術直後であり、創部からの出血リスクあり。バイタルサイン安定、出血なく経過している。\n＃＃　Ｐ　創部や循環動態の観察を行う。また発声や咳嗽を行わないよう、適宜声かけを行なっていく。\n,"['喀血', '口腔咽頭痛']",NUM-0036
S　痛みは大丈夫です\nO　BP 130/78 mmHg SpO2 100%(RA)  エアリークははっきりしない\nA/P\n#緊張性気胸\n疼痛管理良好。明日以降にクランプテスト検討。\n# 右第5肋骨骨折\n整形外科で併診してもらう。基本安静とのこと。\n\n,"['疼痛', '気胸', '肋骨骨折']",12_118B35_緊張性気胸_p3
１１月１０日８：００ 　＃＃　Ｔ　転倒転落リスク状態\n＃＃　Ｓ　わかってるわよ。一人で立っちゃいけないのよね。トイレに行きたかったの。\n＃＃　Ｏ　センサーベッド起き上がり３秒にて設定中。センサー察知し訪室。一人で立ちあがろうとしている。腰を軽く支え、トイレまで付き添い歩行。日中ふらつきなし。転倒スコア６点。\n＃＃　Ａ　歩行時ナースコールを押すようお願いしているが、協力を得られないことが多い。以前にも転倒歴あり、転倒転落リスク高い。\n＃＃　Ｐ　協力が得られるまではセンサーベッド使用し行動見守っていく。\n,[],NUM-0033
S　やっぱりいきむとぽこっとでてました。でも前よりは減りました。\nO　BP 128/80 mmHg SpO2 100%(RA)  エアリークははっきりしない\nA/P\n#緊張性気胸\n疼痛管理良好。クランプテストでエアリークみられ、本日は解放しておき、明後日再度施行予定。\n# 右第5肋骨骨折\n整形外科で併診してもらう。基本安静とのこと。\n\n,"['肺のエアリーク', '気胸', '疼痛', '肋骨骨折']",12_118B35_緊張性気胸_p4
"S：\n・・・あ、はい\n大丈夫です・・・\n\n夫）\nエアコンは普段つけない\nお水はついつい飲まずに過ごしてしまう\n１日多くても500mLくらい\nお薬だけはいつも忘れず飲んでいます\n\nO：\n体温36.1℃．心拍数98/分，整．血圧122/86mmHg．呼吸数14/分．SpO2 98％（room air）\n意識　JCSⅡ-10\n\n内服：\nオルメテック10㎎1T1X, アムロジピン5mg1T1X, アリセプト3mg1T1X, アルファカルシドール1μg 1T1X\n\nA/P：\n#高Ca血症\n夏場の脱水に、VitD製剤の内服が重なり、高Ca血症→意識障害となった症例\nVitD製剤は中止し、来院後より生食による補正を開始\n\n生食は500の3本回しで投与\n意識障害の評価、採血評価でフォローする\n\n＃高血圧症\nオルメテック10㎎1T1X, アムロジピン5mg1T1Xの投与継続\n\n＃認知症\nアリセプト3mg1T1Xの投与継続\n\n","['意識レベルの低下', '高カルシウム血症', '脱水', '高血圧', '認知症']",01_118B49-50_高Ca血症_p1
１１月３日　１３：００　＃＃　Ｔ　点滴施行\n＃＃　Ｓ　「気持ちが悪い。食べたくない。ふらふらする」\n＃＃　Ｏ　昨日から食事量減っており、食思不振あり。嘔気あるが嘔吐なし。ふらつき訴えあり。皮膚・口腔内の乾燥目立つ。水分摂取促すが、食事量と共に減少しており、昨日のｉｎトータル４００ｍｌ。ｏｕｔトータル３５０ｍｌ。本日１１時ごろに排尿あったが、濃縮尿で混濁・浮遊物あり。５０ｍｌ。\n＃＃　Ａ　乾燥目立っており、ｉｎｏｕｔ共に減少している。水分・食事量低下により脱水の可能性あり。\n＃＃　Ｐ　主治医へ報告し点滴指示受ける。ラクテック５００ｍｌ×４本右前腕に点滴施行。採血指示受ける。\n,"['悪心', '食欲減退', '浮動性めまい', '悪心', '皮膚乾燥', '口内乾燥', '水分摂取量減少', '尿比重異常', '脱水', '尿量減少']",ＮＵＭ－０００３
緊急手術では小腸，腸間膜および脾臓の損傷に対して小腸部分切除と脾臓全摘を行った。腹腔内の止血は得られ、また循環動態の安定も得られたことから、左横隔膜下およびダグラス窩にドレーン留置の上、閉腹とした。\n術後はそのままICUに入室となった。\n入室の呼吸・循環動態は安定。また入室時より膀胱内圧測定を開始した。\n第３病日に至るまで、呼吸・循環動態は安定して経過した。また膀胱内圧は8mmHg程度で推移し、ドレーン排液も連日少量であったことから、術後の再出血および腹腔内圧の上昇は示唆されなかった。\n第４病日にはドレーン抜去とし、また自発呼吸の出現を確認しながら、抜管とした。排ガスを確認しながら、順次食上げおよびリハビリを施行し、第14病日に抜糸を行い、第17病日には、食事自立で全量摂取、歩行自立で自宅退院となった。,"['消化管損傷', '脾臓損傷', '腹腔内出血', '処置後ドレーン排液持続']",02_118C66-68_脾損傷
"S うーん、ここは⋯病院ですか？ 何日かは⋯わかりません。\nO\nJCS I-2, GCS E4V4M6\nRR 16 /min, HR 100 /min, BP 120/60 mmHg, SpO2 96%(室内気) BT 37.4℃\n尿量 60ml/h\n\n血液検査：尿素窒素 25mg/dL、クレアチニン 1.0mg/dL、Na 145mEq/L、K 3.4mEq/L、Cl 109mEq/L、CK 1136U/L、Hb 13.7g/dL、Ht 42％\n\nA/P\n#Ⅳ度熱中症\nactive coolingで加療を行い、遷延する意識障害のフォローおよび横紋筋融解症のフォロー目的に入院となった。\n尿量は保たれており、循環動態安定、意識障害も改善傾向にある。\n血液検査で臓器障害の進行もなくCK値も改善傾向。\n明日より経口摂取開始とする。\n\n","['意識レベルの低下', '血中尿素増加', '血中クレアチンホスホキナーゼ増加', '熱中症', '意識レベルの低下', '横紋筋融解症']",16_118C59_熱中症_p2
S\n本人は意識レベルJCSⅡ-10\n８年前から高血糖放置\n糖分摂取過多あり\n２日前からの意識障害→本日増悪\n\nO\nJCSⅡ-10\n体温37.2℃．心拍数92/分，整．血圧100/64mmHg．呼吸数16/分．SpO2 98％（room air）\n尿素窒素42mg/dL，クレアチニン1.8mg/dL，尿酸10.8mg/dL，血糖936mg/dL，HbA1c 13.0％\n尿所見：蛋白（－），糖4＋，ケトン体（－）\n血ガス：アシドーシスなし\n電解質正常\n\nA/P\n血糖異常高値、ケトン陰性、アシドーシスないことから、HHSの診断\n生食1000mL/hrで急速投与\nインスリン10単位ボーラス投与のうえ5U/hrで持続投与開始。\n血糖降下は50-70mg/dL/hrのスピードで\n尿量、血糖値、電解質は１時間おきチェック \n\n,"['意識レベルの低下', '高血糖', '血中尿素窒素／クレアチニン比増加', '高尿酸血症', 'コントロール不良の糖尿病', '尿中ブドウ糖陽性', '高血糖性高浸透圧性非ケトン性症候群']",03_118C72-74_HHS_p1
９月１７日　１５：００\n＃＃　Ｓ　おなか？痛くないよ。なんか、少し変な感じあるかな。ふわふわする気がする。気持ちは悪くない。\n＃＃　Ｏ　ＥＲＣＰ後、内視鏡室よりストレッチャーにて帰室。内視鏡室にてドルミカム１Ａ使用、ＥＲＣＰにてメタルステント留置後アネキセート使用行い覚醒確認後に帰室。帰室後２時間は絶飲食、ベッド上安静、酸素送気０．５Ｌ使用の指示あり。１０秒以上の開眼あり、会話もしっかりとできている。ＲＡＳＳ：０\n＃＃　Ａ　総胆管結石の為、ＥＲＣＰ実施。ドルミカム使用の影響かふわふわするという自覚症状あり。アネキセート使用で覚醒促されておりＲＡＳＳ：０であるが再度鎮静効果強まる事あり、覚醒状況観察継続していく。\n＃＃　Ｐ　安静解除まで観察継続していく。\n,"['浮動性めまい', '胆管結石']",NUM-0053
"S 痛みはなんとか‥\nO　腹部は平坦、軟。創部に圧痛あり。\n体温36.8℃。心拍数64/分、整。血圧104/64mmHg。呼吸数14/分。SpO2 99％（room air）。\n赤血球402万、Hb 14.0g/dL、Ht 36％、白血球9,600、血小板24万、\n総蛋白5.2g/dL、アルブミン3.6g/dL、総ビリルビン0.6mg/dL、AST 24U/L、ALT 18U/L、LD 224U/L、ALP 60U/L（基準38～113）、γ-GT 32U/L（基準13～64）、アミラーゼ156U/L（基準44～132）、CK 356U/L（基準59～248）、尿素窒素28mg/dL、クレアチニン1.2mg/dL、尿酸12.0mg/dL、Na 130mEq/L、K 3.8mEq/L、Cl 96mEq/L、Ca 8.9mg/dL。CRP 24mg/dL。\nA/P 術後2日目、炎症反応はさらに改善、腎機能も改善を認める。本日より食事開始、排便や排ガスを確認する。\n\n","['疼痛', '腹部圧痛', '赤血球減少症', '白血球数増加', '総蛋白減少', '血中アルブミン減少', 'アミラーゼ増加', '血中クレアチンホスホキナーゼ増加', '血中尿素増加', '血中尿酸増加', '低ナトリウム血症', '低クロール血症', 'Ｃ−反応性蛋白増加', '十二指腸穿孔', '炎症', '腎機能障害']",11_118A57_穿孔性腹膜炎_p3
"S ああ…はい⋯\nO\nJCS Ⅱ-10, GCS E3V4M6\nRR 16 /min, HR 80 /min, BP 130/70 mmHg, SpO2 96%(室内気) BT 37.1℃\n瞳孔　2.5mm/2.5mm 両側対光反射迅速\n硬膜下ドレーン 20ml/day 旧血様\n皮下ドレーン 10ml/day 旧血様 \n\n血液検査(来院時採血)：尿素窒素 10mg/dL、クレアチニン 0.5mg/dL、Na 144mEq/L、K 4.2mEq/L、Cl 109mEq/L、CK 20U/L、CRP 0.9 mg/dl、WBC 7000 /μL、Hb 11.2g/dL、Ht 34％\n\nA/P\n＃慢性硬膜下血腫\n本日緊急で穿頭ドレナージを施行。ドレーンを留置して帰室。\n意識はやや改善傾向、術直後というのもあるだろう。\n呼吸循環は安定している。\n明日ドレーン抜去予定、早期退院検討。\n\n","['意識レベルの低下', '処置後ドレーン排液持続', '硬膜下血腫']",19_118D57_慢性硬膜下血腫_p1
"S 背中の管は抜けるんですね、身軽になって嬉しいです。\nO\nGCS E4V5M6\n瞳孔径 3.5mm/3.5mm 対光反射迅速\nRR 16 /min, HR 65 /min,  BP 120/68 mmHg, SpO2 96%(室内気) BT 37.3℃\n明らかな脳神経学的異常所見なし 四肢麻痺なし\n経口摂取　常食8割\n排便あり\nスパイナルドレーン ( 0cmH2O)  180ml/day キサントクロミー\n血液検査：特記すべき異常所見なし\n胸部レントゲン：肺水腫なし、CP angle sharp\nリハビリ：PT トイレ離床自立レベル　ST　短期記憶障害残存\nA/P\nWFNS GradeⅣ (GCS E3V2M5) の前交通動脈瘤破裂によるくも膜下出血に対して緊急コイル塞栓術を施行しICU入室。14POD。\nスパズム期終了と考え、腰椎ドレナージは終了、ピヴラッツも終了とした。\nリハビリテーションにより、記憶障害も残存あるものの改善傾向である。離床状況改善してきているためヘパリンCa皮下注も終了とした。\n自宅退院を目標に本日回復期リハ病棟へ転棟のうえADL回復のためのリハビリ施行の方針となった。\n\n","['瞳孔対光反射試験正常', '処置後ドレーン排液持続', '記憶障害', '動脈瘤破裂', 'くも膜下出血']",04_118E41-42_SAH_p4
S  美味しく食べてます。リハビリしたけど全然動けなくなっちゃった\nO　便培養　Clostridium difficile(+) \nBP 126/75 76bpm BT 36.6℃　摂食良好\nA/P\n#　偽膜性腸炎\n炎症反応改善。下痢も徐々に改善している。メトロニダゾール投与中10日間投与後入れ切り終了。徐々に食上げを行い、食上げ終了次第退院予定。\n#誤嚥性肺炎\n7日間抗生剤投与し症状改善傾向であり、下痢の原因も疑われ抗生剤終了し経過観察。\n\n,"['不動症候群', 'クロストリジウム・ディフィシレ大腸炎', '偽膜性大腸炎', '下痢', '誤嚥性肺炎']",17_118D20_誤嚥性肺炎、偽膜性腸炎_p4
１１／９／２１　１４：００\n＃＃　Ｓ　お尻痛いな。横向けて欲しい\n＃＃　Ｏ　自己体動不可　臀部発赤あり　褥瘡なし　喀痰や咳嗽なし　ＲＲ：２０回\n＃＃　Ａ　自己体動困難なため、適宜除圧が必要\n＃＃　Ｐ　高機能マットレス挿入　時間を決めて除圧や体交行っていく\n,"['疼痛', '紅斑']",NUM-0026
以上のことから高血糖高浸透圧症候群の診断として入院加療の方針となった.\n入院後より、ICUに入室。生理食塩水を1000mL/hrで急速投与および、インスリン10単位ボーラス投与のうえ持続静注（5U/hr）を開始した。\n以降は尿量、循環動態、血糖値、電解質などをモニタリングしながら、輸液投与量およびインスリン投与量を調整し、血糖の低下速度を維持するように調整を行った。\n第２病日には血糖は200mg/dL程度となり、ランタスおよびヒューマログ皮下注へとインスリン投与を切り替えていった。\nまた同日より意識状態は改善がみられ、一般病棟へ退室となった。\n第３病日には入院時認めた腎機能障害は正常化した。\n強化インスリン療法に加え、糖尿病食による食事指導を続け、血糖コントロールの安定が得られたが、第４病日にはスケールに沿って朝食前血糖82mg/dLで8単位インスリン投与と低血糖発作あり、持効型のランタス投与量を減らして対応し、その後、低血糖発作は認めなかった。\n血糖コントロールが落ち着き、全身状態も良好であることから第７病日に退院とした。\n退院時のインスリン投与量はランタス6単位／就寝前、ヒューマログ各４単位／朝昼夕食前とした。\n,"['高血糖性高浸透圧性非ケトン性症候群', '高血糖', '高血糖性意識消失', '腎機能障害', '低血糖']",03_118C72-74_HHS
"S うーん、ええと…\nO\nJCS Ⅱ-30, GCS E2V3M5\nRR 18 /min, HR 115 /min, BP 105/70 mmHg, SpO2 94%(鼻カヌラ O2 2L/min) BT 37.7℃\n尿量 40ml/h\n\n血液検査(来院時採血)：尿素窒素 30mg/dL、クレアチニン 1.2mg/dL、Na 148mEq/L、K 4.6mEq/L、Cl 104mEq/L、CK 2360U/L、Hb 15.2g/dL、Ht 53％\nA/P\n#Ⅳ度熱中症\nactive coolingで加療を行い、遷延する意識障害のフォローおよび横紋筋融解症への処置目的にICU入院の方針となった。\n腎障害については熱中症による臓器障害だけでなく腎前性腎障害の要素もありそうであり、補液 120ml/hで投与、尿量 0.5ml/kg/hは保たれている。\n意識、呼吸、循環を引き続きモニタリング。 \n\n","['意識レベルの低下', '心拍数増加', '発熱', '血中尿素増加', '血中クレアチニン増加', '血中クレアチンホスホキナーゼ増加', '熱中症', '意識レベルの低下', '横紋筋融解症', '腎障害', '腎前性腎不全']",16_118C59_熱中症_p1
"S (挿管中)\nO \nプロポフォール 80mg/hで鎮静、フェンタニル 40μg/hで鎮痛、RASS -2〜-3\n人工呼吸器使用中、モード　A/C PC f 14 PIP 15 PEEP 5 FiO2 40% Ti 1.20\nTV 420ml MV 5.88L/min \nP/F 270 pCO2 36 Torr\nCT：両側胸水、無気肺あり\nカテコラミン使用なし、MAP 70mmHg程度 Hr 180ml/h Lac 1.0\n入室からのIn out balance +5000ml\n腹部正中創 パッキング中 浸出液少量\n左後腹膜ドレーン 60ml/day 淡血性　骨盤底ドレーン 40ml/day 漿液性\nCT：後腹膜の血腫増加なし\n経管栄養 消化態栄養剤 10ml/h 360kcal タンパク量 22g/day\n排便なし\n利尿薬投与中\nHb 10.6g/dl, PLT 18万/μl, Fbg 240mg/dl 輸血需要なし\nWBC 10000 /μL, CRP 27 mg/dl\n抗菌薬：CEZ投与、閉腹24時間後に終了\nSU prophylaxis PPI ivq12h\nDVT prophylaxis 低分子ヘパリン 2000IUq12h 投与開始\nA/P\n2POD。昨日閉腹しドレーン留置。ドレーン排液、性状も問題なし。\n本日からSATを開始しクリア、SBTは呼吸器設定を下げられずfailure。\n利尿薬を開始し体液コントロールをしてからの抜管を予定する。\n経管栄養とDVT予防の低分子ヘパリン開始。\n\n","['胸水', '無気肺', '体液貯留', '処置後ドレーン排液持続', '後腹膜血腫', '処置後便秘', 'ヘモグロビン減少', '白血球数増加', 'Ｃ−反応性蛋白増加']",15_118C50_腎損傷_p2
85歳男性、誤嚥性肺炎、COPD。以前から労作時SOB、飲食でのむせなどADL低下していたPt、体重減少もあり。入院1週間前より咳嗽、喀痰増加、2日前から発熱、呼吸困難あり2024年1月10日に当科入院。既往歴HTに対しACE-I内服、5年前にADの診断。娘家族と同居中。喫煙歴BI=20×45=900、飲酒歴なし。入院時BT38℃、SpO2 85%(RA)、両側wheezes、右背側coarse crackle聴取。口腔内衛生不良。WBC9800好中球優位、CRP5.1、BUN28、Cre1.5。Aガス(NC2L)でPaCo2 58、PaO2 72、HCO3- 30。COVID-19(-)。画像で両肺気腫、右背側浸潤影あり。ECG所見なし。COPDベースの誤嚥性肺炎と診断、ABPC/SBTで治療、mPSL80mg/day、SABAも開始。徐々に酸素化改善、mPSLは第5病日で終了、ABPC/SBTも7日で終了、全身状態良好のため1月20日にENT。スピリーバのみ処方、次回2ヶ月後外来受診予定。,"['誤嚥性肺炎', '慢性閉塞性肺疾患', '労作性呼吸困難', '誤嚥', '日常生活動作低下', '体重減少', '咳嗽', '喀痰増加', '発熱', '呼吸困難', '高血圧', 'アルツハイマー型認知症', '酸素飽和度低下', '喘鳴', 'ラ音', '衛生状態不良', '白血球数増加', '好中球数増加', '炎症', '血中尿素窒素／クレアチニン比増加', '呼吸性アシドーシス', '肺気腫']",117C72-74_誤嚥性肺炎＋COPD-G
"S 入院前は睡眠薬を飲んでいたんですけど、それが原因なんですかね\nO\nJCS Ⅰ-1, GCS E4V5M6\nRR 16 /min, HR 60 /min, BP 122/78 mmHg, SpO2 96%(室内気) BT 36.4℃\n瞳孔　2.5mm/2.5mm 両側対光反射迅速\n\n血液検査(来院時採血)：尿素窒素 10 mg/dL、クレアチニン 0.4 mg/dL、Na 145 mEq/L、K 4.0 mEq/L、Cl 111 mEq/L、CK 109 U/L、CRP 1.1 mg/dl、WBC 9800 /μL、Hb 10.6g/dL、Ht 30％\nA/P\n＃慢性硬膜下血腫\n＃ベンゾジアゼピン離脱症候群\n\n緊急穿頭洗浄血腫ドレナージ術　6POD。\nベンゾジアゼピン内服エピソードを聴取後よりジアゼパム15mg/dayの内服を開始。\n幸いにも痙攣発作の再燃なく経過している。\n入院中に脳波検査を行っておく。リハビリ励行。\n\n","['硬膜下血腫', '薬剤離脱症候群']",19_118D57_慢性硬膜下血腫_p4
"S ここはどこなの？病院？\nO 体温36.4℃。心拍数80/分、整。血圧104/64mmHg。呼吸数16/分。SpO2 98％（room air）。\n眼球結膜に黄染を認める。甲状腺腫と頸部リンパ節とを触知しない。前胸部にくも状血管拡張と手掌紅斑とを認める。心音と呼吸音とに異常を認めない。腹部は平坦、軟で、肝を触知しない。脾臓を左肋骨弓下に1cm触知する。下腿に浮腫を認めない。\n血液検査：赤血球396万、Hb 12.1g/dL、白血球3,800、血小板10万、PT-INR 1.0（基準0.9～1.1）。総蛋白7.0g/dL、アルブミン3.4g/dL、総ビリルビン3.7mg/dL、AST 74U/L、ALT 52U/L、γ-GT 63U/L（基準9～32）、コリンエステラーゼ150U/L（基準201～421）、アンモニア180μg/dL（基準18～48）、尿素窒素12mg/dL、クレアチニン0.6mg/dL、血糖148mg/dL、HbA1c 7.6％（基準4.9～6.0）、Na 142mEq/L、K 3.8mEq/L、Ca 8.8mg/dL。頭部単純CTで異常を認めない。\n\nA/P 身体所見より肝硬変が疑われる。アンモニアが高値であり、肝性脳症による意識障害が疑わしい。入院で加療を行う。\nまた、1週間ほどの便秘があり、便秘が誘因になった可能性が高い。\nラクツロースを開始して、便通コントロールを行う。タンパク制限食として、アミノレバンも開始する。\n\n","['10058117', 'くも状母斑', '手掌紅斑', '脾触知', '赤血球数減少', 'ヘモグロビン減少', '血小板数減少', '血中アルブミン減少', '血中ビリルビン増加', 'アスパラギン酸アミノトランスフェラーゼ増加', 'アラニンアミノトランスフェラーゼ増加', 'γ−グルタミルトランスフェラーゼ増加', '血中コリンエステラーゼ減少', 'アンモニア増加', '高血糖', 'グリコヘモグロビン増加', 'アンモニア増加', '肝性脳症', '意識変容状態', '便秘']",13_118B41-42_肝性脳症_p1
腹部造影CTの冠状断像では右腎に血管外漏出像を認め、右腎損傷に伴う出血性ショックの診断となった。初期輸液で血行動態安定したため、RCC:FFP:PCを1:1:1で輸血しながら選択的右腎動脈塞栓術を施行したが、処置中に再度血圧低下したため、ただちに腎摘出による根治的止血の必要があるものと判断し、緊急開腹手術施行の方針とした。術中・術後も輸血を続け、最終的に各14単位を投与し、最終的に循環動態の安定を得た。術後はICUに帰室とした。\n第４病日には、呼吸・循環動態の安定を確認し、また自発呼吸テストもクリアしたことから抜管とした。\n第７病日にフォローの造影CT実施としたところ、造影剤注入後より気分不快、全身性の発疹に続いて呼吸困難感の出現があり、アドレナリン0.5㎎の筋注およびそれに引き続いて、抗ヒスタミン薬・ステロイドの投与を行い、アナフィラキシーからの回復を得た。\n造影剤アレルギーとの判断から、以降エコーおよび単純CTにより、血種の存在有無を確認するが、特に問題なく経過。\n術後の創部にも問題がなく、第16病日に抜糸のうえ、第18病日に退院となった。\n,"['腎出血', '腎損傷', '出血性ショック', '血圧低下', '血行動態不安定', '不快気分', '発疹', '呼吸困難', '造影剤アレルギー']",15_118C50_腎損傷
入院時に膿瘍を穿刺し、ドレナージを行なった。また、抗菌薬としてTAZ/PIPC4.5gの1日3回投与を開始した。穿刺液培養ならびに血液培養からはKlebsiella pneumoniaeが検出されたため、抗菌薬は感受性のあるABPC/SBTに変更した。その後もドレーンからの排液量は徐々に減少、発熱も改善した。採血データや画像所見も改善し、第10病日にドレーンを抜去、第15病日に退院した。退院後は抗菌薬の内服を継続する。,"['膿瘍', 'クレブシエラ感染', '発熱']",117B45-46_肝膿瘍
S　ここ数日僕はおかしかったんですね。\nO　BP 120/78mmHg 　SpO2 98%(２Lカヌラ)\nA/P\n# PTE/DVT\nヘパリンを開始し適宜ATPP観察していく。明日CTを行い経過をみる。\n若年の発症であり、長期間同じ姿勢を取っていたわけでもないこと、父親のエピソードもあり血栓因子ついて血液検査を提出した。\n\n,"['肺塞栓症', '深部静脈血栓症']",09_118A19_肺血栓塞栓症_p2
S\nありがとうございます。\n明日退院ですね。\nお世話になりました。\n\nO\n体温36.2℃．心拍数72/分，整．血圧136/80mmHg．呼吸数14/分．SpO2 100％（room air）\n意識清明\n\nA/P\n明日退院\n外来フォロー継続\n自宅では以下に従ってインスリン調整していただくよう、表を渡して指導\n自宅でも妻協力で食事療法継続\n\n早朝空腹時血糖値(mg/dl)\nランタス追加量\n≦79 　　　-2 \n80-159 　　0 \n160-199 　+1 \n≧200 　　+2\n\n\n食前血糖値(mg/dl) \nヒューマログの追加量 \n≦79 -2 \n80-159 　　0 \n160-199 　+1 \n200-249 　+2 \n250-299 　+3 \n300-349 　+4\n\n,[],03_118C72-74_HHS_p5
９月１３日１１：３０\n＃＃　Ｓ　大丈夫、痛くないです。少し疲れただけです。\n＃＃　Ｏ　車椅子にて上記時刻に入院される。ポリペク後、内視鏡室より直接入院となる。ポリペク時の鎮静は使用していないとのこと。車椅子からベッドへの移乗は見守り下にて可能であり、ふらつきなし。意識レベルクリア、元々自宅で一人暮らしされており、認知症状もない方。血圧のみ外来時のデータよりやや低めで１１０台、他ＶＳの異常値無し。腹部症状なし。処置中は苦しかったとの事であるが、今は平気であると上記Ｓあり。\n＃＃　Ａ　ポリペク後の腹部症状なく経過。腹痛の出現やバイタルサインの観察継続していく。\n＃＃　Ｐ　プラン立案\n,['疲労'],NUM-0051
９月２６日　１５：００\n＃＃　Ｓ　え？なんのことですか？平気です。\n＃＃　Ｏ　心電図モニターアラーム鳴動あり、ＶＴ波形。急いで訪室行うも上記Ｓ自覚症状なし。ＨＲ：７５、ＢＰ：１２６／６６と平常値からの逸脱無し。胸部症状なし。\n＃＃　Ａ　Ａｆ波形あり、心電図モニター装着中の患者様。心電図のリコール確認行うが、これまではＰＶＣの散発あるがＶＴ様波形は出ていない事を確認。３連以上のＰＶＣもなく、今回のＶＴ波形は歯磨きによる波形と判断。本人へは説明行い歯磨きをややおだやかにしていただくようお願いした。\n＃＃　Ｐ　プラン継続\n,"['心室性頻脈', '心房細動', '心室性期外収縮']",NUM-0055
S おはようございます。体調は良いです。今日はよろしくお願いします。\nO 体温36.0℃。脈拍55/分、整。血圧114/72mmHg。呼吸数12/分、SpO2 99%(room air)。\n腹部は平坦、軟。腹部に圧痛なし。\nA/P 本日ERCP予定。ERBD抜去と採石を行う。\n経過が問題なければ、早期の退院を目指す。\n\n,[],10_118A69_胆管結石胆管炎_p4
１１／８／２１　１５：００\n＃＃　Ｓ　家ではコンビニ弁当よく買ってきて食べてました。あと甘いものも好きです\n＃＃　Ｏ　血糖値：２８９　高血糖症状自覚なし　入院食１０割摂取　間食していない\n＃＃　Ａ　高血糖持続しており、症状の観察および食生活変容ができるよう他職種交えて介入していく\n＃＃　Ｐ　栄養士へ介入依頼していく。\n,[],NUM-0025
S (挿管中)\nO \nプロポフォール 120mg/hで鎮静、フェンタニル 40μg/hで鎮痛、RASS -3〜-4\n人工呼吸器使用中、モード　A/C PC f 16 PIP 16 PEEP 6 FiO2 50% Ti 1.20\nTV 420ml MV 6.7L/min \nP/F 220 pCO2 38Torr\nカテコラミン使用なし、Hr 80ml/h Lac 1.0\n入室からのIn out balance +5000ml\n腹部正中 創部 パッキング中 浸出液少量 膀胱内圧 8mmHg\n左横隔膜下ドレーン 80ml/day 淡々血性、横隔膜下ドレーン 120ml/day 淡血性\n排便なし\n電解質異常なし\nHb 10.6 PLT 11万 Fbg 210 輸血需要なし\n抗菌薬：周術期のCEZのみ、閉腹24時間後に終了\nSU prophylaxis PPI ivq12h\nA/P\n術後ICUに入室。Lacは経時的に改善傾向。ドレーン排液量、色調ともに問題なし。\n大量輸血に伴う腹部コンパートメント症候群を懸念していたが、幸いにも膀胱内圧は低値で経過している。本日中は腹圧が上がらないよう深鎮静で管理する。\n\n,"['処置後分泌物', '処置後ドレーン排液持続', '術後貧血', '血小板数減少', '血中乳酸増加']",02_118C66-68_脾損傷_p1
９月２０日　１０：００\n＃＃　Ｓ　…\n＃＃　Ｏ　酸素送気３ＬマスクにてＳＰＯ２：９２－９５％で推移。肺雑音あり、下葉より水泡音確認できる。湿性咳嗽あり、サクションにて気管内より中等量の白色痰吸引あり。蛇管に４０㎝ほど吸引。９：００静注のフロセミドの反応尿１時間で４００ｍｌあり。\n＃＃　Ａ　心不全による全身浮腫、胸水に対して９／１５よりフロセミド２回／日に増量となっている。フロセミドの反応尿は１回／日の時と比べて大きな変化はなく十分に水分引けていると思われる。全身浮腫や胸水には明らかな改善は未だ見られず、観察継続していく。\n＃＃　Ｐ　全身状態、並びに酸素飽和度の観察、呼吸ケア行っていく。\n,"['酸素飽和度低下', 'ラ音', '湿性咳嗽', '心不全', '全身性浮腫', '胸水', '尿量増加']",NUM-0054
"S：\n足は相変わらず動かない\n痛みなし\n\nO：\n体温36.6℃。心拍数84/分、整。血圧118/66mmHg。呼吸数16/分。SpO2 99％（room air）。\nMMT(R/L): trap 5/5, del 5/5, bi 5/5, tri 5/5, brachio 5/5, ilio 1/1, quad 1/1, ham 1/1, ant.tib 0/0, gastro 0/0\n臍部から両下肢に感覚障害あり\n膝蓋腱反射とアキレス腱反射は両側減弱\n\nA/P：\n#胸椎骨折（T10,11）＃脊髄損傷（T10T11レベル）\n　＃下肢麻痺＃下肢感覚障害\nT9-T12後方固定術 　2POD\nコルセット着用\nリハビリ継続\n\n","['筋力低下', '感覚障害', '反射減弱', '胸椎骨折', '脊髄損傷']",06_118F64-66_胸髄損傷_p3
＃肝膿瘍\n　Klebsiella pneumoniae（+）\n　TAZ/PIPC4.5ｇ*3→ABPC/SBT\n＃糖尿病\n2024年7月31日から倦怠感を自覚、翌日より悪心・嘔吐、悪寒戦慄を伴う発熱が出現した移動困難となり救急受診。検査にてＷＢＣ：19600、ＣＲＰ：11.4と炎症反応の上昇、観光その経度上昇を認めた。\n造影ＣＴにて肝右葉に膿瘍認め、肝膿瘍の診断にて穿刺ドレナージを行った。\n当初タゾピペ使用したが、血液・穿刺液培養よりKlebsiella pneumoniae（+）でありABP,"['肝膿瘍', 'クレブシエラ感染', '糖尿病', '倦怠感', '悪心', '嘔吐', '悪寒', '発熱', '歩行不能', '白血球数異常', 'Ｃ−反応性蛋白増加', '炎症', '肝酵素上昇']",117B45-46_肝膿瘍-C
来院直後より、胸郭挙上不十分でありAの異常と判断した。経口エアウェイを挿入し下顎挙上、用手的換気を行ったが換気不良であり気管挿管施行の方針としたが、声門が直視できず挿管困難であったため、輪状甲状靭帯切開を実施した。\n気道確保後にPrimary Surveyを再度実施しクリア。Secondary Surveyとして行ったダイナミック造影CTで脾臓周囲に血管外漏出像および大量の血性腹水を認めた。\n気道確保を気管挿管に切り替えたうえで、脾損傷に対して緊急で脾臓摘出術施行の方針となった。術前より大量輸血プロトコルを開始し、RBC、FFP、PCのバランス輸血を行った。術中に特記すべき合併症なくICUに帰室となった。\nその後も循環動態、呼吸動態は安定しており、第３病日に実施した造影CTでは術後の問題は無かったものの右下肺野に浸潤影を認め、誤嚥性肺炎の疑いから、CTRXの投与を開始した。第６病日に撮像した単純CTでは、浸潤影の縮小を認めるものの、胆嚢内に新たに胆石を認め、CTRX投与に伴う偽性胆石症が考えられた。抗菌薬をABPC/SBTに切り替え、呼吸状態に問題ないことや自発呼吸が良好に出現していることを確認しつつ第７病日に抜管とした。\nその後は抗菌薬の投与を終了しつつ、一般病棟でのリハビリおよび離床を進め、第15病日に退院となった。,"['呼吸異常', '呼吸不全', '溢出', '血性腹水', '脾臓損傷', '肺浸潤', '誤嚥性肺炎', '胆石症', '偽胆石症']",20_118F56_高エネルギー外傷
S　おはよう。\nO 体温36.5℃。心拍数76/分、整。血圧110/64mmHg。呼吸数14/分。SpO2 98％（room air）。\n眼球結膜に黄染あり\nアルブミン3.2g/dL、総ビリルビン3.2mg/dL、AST 68U/L、ALT 50U/L、γ-GT 60U/L、アンモニア152μg/dL（基準18～48）\nA/P 肝性脳症のため昨日入院した。ラクツロースとアミノレバンを開始している。昨日排便あり、引き続き排便コントロールを行なっていく。\n意識レベルは増悪なく、アンモニアはわずかに改善している。現加療を継続する。\n\n,"['黄疸眼', '血中アルブミン減少', '血中ビリルビン増加', 'アスパラギン酸アミノトランスフェラーゼ増加', 'アラニンアミノトランスフェラーゼ増加', 'γ−グルタミルトランスフェラーゼ増加', 'アンモニア増加', '肝性脳症']",13_118B41-42_肝性脳症_p2
"S：\n体調問題ないです\nお父さんのこともあるから、早く退院したいです\n\nO：\n体温36.1℃．心拍数78/分，整．血圧122/68mmHg．呼吸数14/分．SpO2 99％（room air）\n意識　JCSⅡ-10\n\nHDS-R：19点\n\nA/P：\n#高Ca血症\n生食は500の3本回し継続\n離床問題無し\n食事の経口摂取良好\n明日の採血で問題無ければ退院とする\n\n＃高血圧症\nオルメテック10㎎1T1X, アムロジピン5mg1T1Xの投与継続\n\n＃認知症\nアリセプト3mg1T1Xの投与継続\nHDS-R：19点\n\n","['意識レベルの低下', '認知症', '高カルシウム血症', '高血圧']",01_118B49-50_高Ca血症_p3
１１月２日　２２：００　＃＃　Ｔ　転倒\n＃＃　Ｓ　「右腕が痛い。転んだ時にぶつけた」\n＃＃　Ｏ　消灯後巡視時にトイレ前で座り込んでいるところを発見。消灯後にトイレへ行こうとしたが、足がもつれ転倒し、転倒した際に右腕を打撲。右前腕に腫脹・熱感・疼痛あり。また右手拳に１ｃｍの擦過傷認める。出血少量あり、浸出液なし。その他外傷なし。嘔気・嘔吐なし。ｂｐ１４５／８８ｍｍｈｇ、ｐ８８回。\n＃＃　Ａ　炎症兆候あるため右前腕に骨折の可能性あり。ｂｐ高めであるが、転倒直後であったためと考える。\n＃＃　Ｐ　ｂｐ１５分後に再検。右前腕アイスノン使用する。明日回診時に主治医へ報告しｘｐ考慮。右手拳の擦過傷はカットバンにて保護。\n,"['転倒', '外傷疼痛', '足のもつれ', '挫傷', '腫脹', '熱感', '疼痛', '皮膚擦過傷', '出血', '二次性高血圧', '炎症', '上肢骨折']",ＮＵＭ－０００２
１０月２日　１３：３０\n＃＃　Ｓ　私ね、そろそろお暇させていただきますから\n＃＃　Ｏ　臨時カンファレンス　参加スタッフ：○○、××、□□、△△　出来事：昨晩の夜勤帯でスタッフ体位交換の時間帯に離棟され、１階を徘徊しているところを守衛スタッフにより発見される。センサーマット使用していたが、オムツ交換行っており、すぐに対応できなかった間に離棟してしまっていた。患者背景／原因：大腿骨頚部骨折後、リハビリメインで入院中の患者様。元々認知力低下あり、徘徊をしていた経緯あり、自宅からいなくなり何度か警察に保護されていた事もある。リハビリが進み、ＡＤＬ拡大により車椅子→杖歩行へと移行している最中で帰宅願望が強くなっていた。今後の対策：夜間のスタッフがいない時の対応は困難、特にナースコールが複数鳴るトイレが重なる時間帯などはすぐに駆けつけられない。クリップセンサーの検討→寝返りなどの体動激しく、常に動作してしまう為ＮＧ　夜間のみ体幹抑制などの検討→不穏が強くなる事が目に見えておりＮＧ　夜間などスタッフが少なくなる時間帯病棟出入口にストレッチャーを配置し、すぐに出ることが困難な状態にして対応することとする。\n＃＃　Ａ　不完全な記録をどうするか？\n＃＃　Ｐ\n,"['徘徊癖', '大腿骨頚部骨折', '認知症']",NUM-0058
１１／８／２１　１０：００\n＃＃　Ｓ　右手の動かしにくさ残ってます。\n＃＃　Ｏ　右上肢麻痺あり　右下肢麻痺自覚なし　頭痛や嘔気なし　安静度３０°守っている　食事摂取時むせこみなく自己摂取\n＃＃　Ａ　麻痺症状の増悪に注意し観察が必要。\n＃＃　Ｐ　麻痺症状の増悪に注意し観察していく。\n,['片麻痺'],NUM-0023
来院時SpO2 85%と低下あり、画像所見、血液検査所見より、COPDを背景とし誤嚥性肺炎を疑い、抗生剤加療を目的に同日入院とした。\n同日よりABPC/SBT 3g q8h、メチルプレドニゾロン80mg/day、SABAを開始した。第3病日には酸素化改善がみられた。メチルプレドニゾロンは第5病日に終了し、炎症反応が改善したことよりABPC/SBTは第7病日に終了した。全身状態が改善したため第10病日の1月20日に退院した\n,"['酸素飽和度低下', '慢性閉塞性肺疾患', '誤嚥性肺炎', '炎症']",117C72-74_誤嚥性肺炎＋COPD
約5mmの前交通動脈瘤破裂によるくも膜下出血と診断され、入院当日に緊急開頭クリッピング術が行われた。術後は再出血の兆候はなく、血圧管理や鎮静を必要としたため、ICUに入室した。第3病日には意識レベルが徐々に改善し、再出血は認められなかった。第10病日には全身状態が安定したため、一般病棟へ転棟した。理学療法・作業療法をはじめとするリハビリも行い、ADLの向上を図った。第27日目には自立歩行が可能となり、ADLもほぼ自立したことから、退院した。,"['動脈瘤破裂', 'くも膜下出血', '意識レベルの低下', '歩行不能', '活動性低下']",117F59-61_クモ膜下出血-H
"S 草刈りをしてたんです。そしたら段々意識朦朧としてきて…草刈りまでは体調良かったんですけどね。\nO\n意識清明\nRR 16 /min, HR 80 /min, BP 140/70 mmHg, SpO2 94%(室内気) BT 37.0℃\n尿量 1500ml/day\n\n血液検査：AST 21U/L、ALT 19U/L、尿素窒素 16mg/dL、クレアチニン 0.89mg/dL、Na 140mEq/L、K 3.9mEq/L、Cl 104mEq/L、CK 650U/L、Hb 12.4g/dL、Ht 36％\n\nA/P\n#Ⅳ度熱中症\nactive coolingで加療を行い、遷延する意識障害のフォローおよび横紋筋融解症のフォロー目的に入院となった。\n臓器障害の進行なし、CK値も改善傾向。\n本日ICU退室、経口摂取開始。\n内服状況をかかりつけに確認中。\n\n","['血中クレアチンホスホキナーゼ増加', '熱中症', '横紋筋融解症']",16_118C59_熱中症_p3
意識レベル低下、瞳孔所見、頭部CTよりくも膜下出血と診断し、気管挿管を行った。血液培養を提出後、抗菌薬投与を開始した。脳浮腫予防にグリセオールの投与を開始した。血液培養は2セットとも陽性となり、第3病日目にStaphylococcus aureusと同定された。感染性心内膜炎を疑い、心臓エコーを施行した。僧房弁に5mm大の疣贅がみられ、感染性心内膜炎の診断となった。\n第14病日にグリセオールは投与終了とした。血液培養陰性を確認し、全身状態も安定したため、第16病日にくも膜下出血に対し開頭手術を行った。第28病日に抗生剤を終了した。心臓エコーで再度僧房弁を確認したところmoderate MRであった。明らかな麻痺もなく、全身状態改善したため2月20日に退院した。,"['意識レベルの低下', 'くも膜下出血', '細菌感染', '細菌性心内膜炎', '僧帽弁閉鎖不全症']",117C66-68_IE
"S：\nありがとうございます。\nだいぶ体が楽になりました\n\nO：\n体温36.6℃．心拍数82/分，整．血圧134/76mmHg．呼吸数14/分．SpO2 97％（room air）\n意識　JCSⅡ-10\n\nHDS-R：19点\n\nA/P：\n#高Ca血症\n生食は500の3本回し継続\n意識障害は改善し意識清明\nCaは11.6と改善傾向\n\n＃高血圧症\nオルメテック10㎎1T1X, アムロジピン5mg1T1Xの投与継続\n\n＃認知症\nアリセプト3mg1T1Xの投与継続\nHDS-R：19点\n\n","['認知症', '高カルシウム血症', '高血圧']",01_118B49-50_高Ca血症_p2
"S (挿管中)\nO \nプロポフォール 160mg/hで鎮静、フェンタニル 40μg/hで鎮痛、RASS -3〜-4\n人工呼吸器使用中、モード　A/C PC f 16 PIP 20 PEEP 10 FiO2 60% Ti 1.20\nTV 400ml MV 6.4L/min \nP/F 180 pCO2 42Torr\nNAD 0.06γ、MAP 70mmHg程度 Hr 100ml/h Lac 1.3\n入室からのIn out balance +4000ml\nOpen abdomenで管理中、排液 80ml/day 淡々血性\n電解質異常なし\nHb 9.7g/dl, PLT 15万/μl, Fbg 190mg/dl FFP 2U投与\n血糖安定 スライディングスケール管理\n抗菌薬：周術期のCEZのみ、閉腹24時間後に終了\n頚部の輪状甲状間膜切開部 感染徴候なし\nSU prophylaxis PPI ivq12h\nA/P\n術後ICUに入室。Lacは改善傾向。腹腔内に大量血性腹水あり、洗浄後Open abdomenとした。\n肥満体型であり、高PEEPを要している。\n高用量の鎮静薬に伴い血圧低下があり少量のカテコラミンを使用しているが、それ以外の血圧低下の原因は現時点で明らかではない。\n術中よりRBC 10U、FPP 8U、PC 10U投与を行っており、術後Fbgは250mg/dlを目標にFFP 2U投与する。\n明日2nd lookを行い、問題なければ閉腹予定。\n\n","['鎮静', '体液貯留', '処置後ドレーン排液持続', '血性腹水', '血圧低下']",20_118F56_高エネルギー外傷_p1
"S 少し息苦しさはありますけど、大丈夫です。\nO\nGCS E4V5M6\n抜管後 RR 16 /min, SpO2 94%(酸素マスク O2 4L/min)\nHR 100 /min, BP 150/80 mmHg Lac 1.0\n左横隔膜下ドレーン 10ml/day 漿液性、骨盤底ドレーン 10ml/day 漿液性\n経管栄養間欠投与 消化態栄養剤 1200kcal タンパク量 75g/day\n泥状便あり\nAST 38U/L ALT 50U/L ALP 87U/L γ-GTP 55U/L\nK 4.5mEq/L 補正終了\n輸血需要なし\nWBC 7000 /μL, CRP 10.5 mg/dl\n抗菌薬：\n第3病日〜第6病日 CTRX\n第6病日〜　ABPC/SBT\nSU prophylaxis PPI ivq12h\nDVT prophylaxis 低分子ヘパリン 2000IUq12h 投与開始\nA/P\nSAT、SBTクリアし抜管した。\nドレーン排液量、性状も問題なく、ドレーン抜去とした。\n肺炎加療を継続しつつ、リハビリテーション強化する。\n\n","['酸素飽和度低下', '高血圧', '処置後ドレーン排液持続', '下痢', 'アラニンアミノトランスフェラーゼ増加', 'γ−グルタミルトランスフェラーゼ増加', 'Ｃ−反応性蛋白増加', '肺炎']",20_118F56_高エネルギー外傷_p4
"S 検査しました…あんまりうまくできていないみたいで。\nO\nGCS E4V4M6　瞳孔径 4+/4+\nHR 80 /min, BP 135/60 mmHg SpO2 96% (室内気)\nMMT 上肢 左2/右4　下肢 左2/右4\n頭部MRI⋯硬膜下水腫増悪なし、DAIなし、慢性虚血性変化あり\n経口摂取 6割程度\nNa 142mEq/L\nPT…端坐位まで行えている\nST…記憶障害・遂行機能障害あり\nA/P\nT&Dの急性硬膜下血腫に対して緊急開頭血腫除去術 8POD。\n術後フォローと高次脳機能障害の評価として頭部MRI施行、硬膜下水腫の増悪はなく、その他の器質的疾患も明らかではなかった。\nST介入いただき、高次脳機能障害があるため、高次脳のリハビリテーションが必要。転院調整を開始する。 \n\n","['片麻痺', '硬膜下血腫', '脳虚血', '記憶障害', '遂行機能障害', '硬膜下血腫', '高次脳機能障害']",14_118B43-44_急性硬膜下血腫_p4
"S (うなずきあり)\nO \nデクスメデトミジン 0.4μg/kg/h フェンタニル 40μg/hで鎮痛、RASS 0〜-1\n人工呼吸器使用中、モード　A/C PSV PS 5 PEEP 5\nf 18 TV 420ml MV 7.56L/min \nP/F 250 pCO2 38Torr\n胸部CT：みぎ下葉肺炎像改善傾向\nHr 100ml/h Lac 1.2\n入室からのIn out balance +1000ml\n左横隔膜下ドレーン 20ml/day 漿液性　骨盤底ドレーン 10ml/day 漿液性\n経管栄養 消化態栄養剤 30ml/h 1080kcal タンパク量 66g/day\n泥状便あり\n腹部CT：胆嚢内に新規の胆石あり\nAST 60U/L ALT 47U/L ALP 130U/L γ-GTP 80U/L\n低K血症点滴補正中 60 mEq/L/day K 3.7mEq/L\nHb 10.8g/dl, PLT 40/μl, Fbg 380mg/dl  輸血需要なし\nWBC 8700 /μL, CRP 16 mg/dl\n抗菌薬：\n第3病日〜第6病日 CTRX\n第6病日〜　ABPC/SBT\nSU prophylaxis PPI ivq12h\nDVT prophylaxis 低分子ヘパリン 2000IUq12h 投与開始\nA/P\n本日SAT、SBT clearした。\n肺炎加療中でありP/F改善傾向であり抜管も検討したが、肝逸脱酵素上昇のため抜管を見送り、再評価目的の単純CTを施行した。\n肺炎は改善傾向であったが、胆嚢内に新規胆石あり、CTRXによる偽胆石症を疑い抗菌薬をABPC/SBTに変更した。\n呼吸循環安定して経過していれば明日抜管とする。\n\n","['鎮静', '肺炎', '体液貯留', '処置後ドレーン排液持続', '下痢', '胆石症', 'アスパラギン酸アミノトランスフェラーゼ増加', 'アラニンアミノトランスフェラーゼ増加', '血中アルカリホスファターゼ増加', 'γ−グルタミルトランスフェラーゼ増加', 'ヘモグロビン減少', '白血球数増加', 'Ｃ−反応性蛋白増加', 'アスパラギン酸アミノトランスフェラーゼ増加', 'アラニンアミノトランスフェラーゼ増加', '血中アルカリホスファターゼ増加', '偽胆石症']",20_118F56_高エネルギー外傷_p3
１１月１日　１９：００　＃＃　Ｔ　便秘時指示\n＃＃　Ｓ　「お腹苦しくないよ。ガスはたまに出るね」\n＃＃　Ｏ　本日ｓｔ－８日。腹部膨満感あり、腹壁ややハード、超蠕動音微弱。腹部ｘｐ結果ガス貯留著明。腸管内に便貯留認める。嘔気、嘔吐なし。気分不快の訴えなし。ｂｐ１０２／５５ｍｍｈｇ。昼食・夕食共に１割摂取。\n＃＃　Ａ　本人の自覚症状はないが、腸内にガス・便貯留認めており、食事量も減っているため排便コントロールが必要。\n＃＃　Ｐ　便秘時指示のグリセリン浣腸６０ｍｇ実施,"['便秘', '腹部膨満', '嘔吐', '不快気分']",ＮＵＭ－０００１
"S：\nありがとうございました。\n国枝選手って知ってますか？\n自分も車いすテニスやってみようかと思います\n今後もリハビリがんばります\n\nO：\n体温36.6℃。心拍数84/分、整。血圧118/66mmHg。呼吸数16/分。SpO2 99％（room air）。\nMMT(R/L): trap 5/5, del 5/5, bi 5/5, tri 5/5, brachio 5/5, ilio 2/2, quad 2/2, ham 2/2, ant.tib 1/1, gastro 1/1\n臍部から両下肢に感覚障害あり\n膝蓋腱反射とアキレス腱反射は両側減弱\n\nA/P：\n#胸椎骨折（T10,11）＃脊髄損傷（T10T11レベル）\n　＃下肢麻痺＃下肢感覚障害\nT9-T12後方固定術 　31POD\n下肢麻痺はMMT2程度まで改善あるが、麻痺残っている\n感覚障害残存\n在宅にてリハビリ継続\n外来にて画像フォローとする\n\n","['筋力低下', '感覚障害', '反射減弱', '胸椎骨折', '脊髄損傷']",06_118F64-66_胸髄損傷_p4
"S (挿管中)\nO \nプロポフォール 120mg/hで鎮静、フェンタニル 40μg/hで鎮痛、RASS -3〜-4\n人工呼吸器使用中、モード　A/C PC f 18 PIP 16 PEEP 6 FiO2 60% Ti 1.20\nTV 420ml MV 7.56L/min \nP/F 200 pCO2 40 Torr\nカテコラミン使用なし、MAP 70mmHg程度 Hr 80ml/h Lac 1.8\n入室からのIn out balance +6000ml\nOpen abdomenで管理中、排液 80ml/day 淡々血性\n電解質異常なし\nHb 8.9 g/dl, PLT 7 万/μl, Fbg 220 mg/dl \n血糖安定 スライディングスケール管理\n抗菌薬：周術期にCEZ投与、閉腹24時間後に終了予定\nSU prophylaxis PPI ivq12h\nA/P\n術後ICUに入室。Open abdomenで管理中。Lacは改善傾向。\n大量輸血によるものかやや酸素化低下あり、呼吸器設定で対応。\n術中にRBC 14U、FPP 14Uを行っており、帰室後にPC 10U投与する。\n明日2nd lookを行い、問題なければ閉腹予定。\n\n","['体液貯留', '処置後ドレーン排液持続', 'ヘモグロビン減少', '血小板減少症', '酸素飽和度低下']",15_118C50_腎損傷_p1
"S お腹も痛くありません。退院決まって嬉しいです。\nO\n意識清明、RR 16 /min, HR 70 /min, BP 138/80 mmHg, SpO2 93%(室内気) BT 35.9℃\n腹部 平坦軟 自発痛圧痛なし\n経口摂取 常食10割\nAST 14U/L ALT 17U/L ALP 22U/L γ-GTP 19U/L\nWBC 5600 /μL, CRP 2.4 mg/dl\n抗菌薬：\n第3病日〜第6病日 CTRX\n第6病日〜第9病日 ABPC/SBT\nリハビリ：階段昇降可\n低分子ヘパリン 2000IUq12h 第10病日に投与終了\nA/P\n#脾臓損傷\n#誤嚥性肺炎\n#偽胆石症\n抗菌薬加療終了後リハビリ継続中、全身状態は問題なし。明日退院予定。\n退院前に肺炎球菌ワクチン接種を案内予定。\n\n","['酸素飽和度低下', '血中アルカリホスファターゼ減少', 'Ｃ−反応性蛋白増加', '脾臓損傷', '誤嚥性肺炎', '偽胆石症']",20_118F56_高エネルギー外傷_p5
１１／１０／２１　１４：００\n＃＃　Ｓ　息が急にしんどくなってきた\n＃＃　Ｏ　ベッド頭上フラット状態　ＲＲ：２７回　ｓｐｏ２：８５％　努力様呼吸　咳嗽や喀痰なし　両肺野雑音なし　左肺野換気音減弱あり　呼吸困難感あり\n＃＃　Ａ　呼吸状態の悪化あり、急変リスクも考慮してモニタリングおよび呼吸介助行う必要あり\n＃＃　Ｐ　モニター装着。右側臥位に体位整え酸素投与開始する。主治医へレントゲン・採血・血ガスオーダー依頼も兼ねて状態報告していく\n,"['呼吸困難', '呼吸数増加', '酸素飽和度低下']",NUM-0030
１０月２日　２：５４\n＃＃　Ｓ　急にめまいがしちゃって，フラフラって。トイレでお通じがあって，そのあと手を洗ってたら目の前が真っ暗になっちゃって。\n＃＃　Ｏ　脳梗塞発症後のリハビリ目的にて入院中。９／２５より安静度拡大。付き添い歩行解除となり独歩にて移動していた。２：２８　女子トイレにてガタンと音がしたため看護師が駆け付けると，患者が床に座り込んでいるのを発見。バイタルサインは体温表参照。顔面蒼白，冷や汗あり。四肢の脱力見られず，自動運動可能。会話可能。意識明瞭。ストレッチャーにて病室へ帰室。肉眼的外傷確認されず。当直医へ状況報告。外傷なく意識明瞭であればバイタルサイン測定継続し経過観察の指示あり。２：５４　意識明瞭。バイタルサインは体温表参照。再度当直医へ報告。主治医診察まで移動時は看護師付き添い歩行に安静度を変更との指示あり。\n＃＃　Ａ　排便後に気分不良を起こしたこと，横になると血圧が回復したこと，意識レベル低下が見られなかったことから，一過性の迷走神経反射の疑いと考えられる。しかし，気分不良時に検査を行っていないため，脳梗塞の再発など他の要因の可能性も否定しきれない。引き続き，脳梗塞に関連した症状の観察，及び転倒予防のための環境調整や歩行状況の確認を行っていく必要があると考える。\n＃＃　Ｐ　歩行状態の観察　転倒転落リスクの再評価　転倒予防のためベッド周辺の環境整備　移動時及びトイレでの気分不良時のナースコール指導\n,"['浮動性めまい', '失神寸前の状態', '蒼白', '冷汗', '不快気分', '血圧異常']",NUM-0062
１１月２１日　１１：３０\n＃＃　Ｓ　ねむい…ねむい…頭痛い\n＃＃　Ｏ　糖尿病２型、軽度認知症あり。１日／回昼飯前にインスリン注射実施している。昼食前血糖値３８９ｍｇ／ｄｌ。家族が差し入れにてチョコレート、柿、大福を持ってきたとの事、ゴミ箱にチョコレートのゴミなどが捨ててある。たびたび差し入れを摂取している様子が見られていた。\n＃＃　Ａ　家族からの差し入れにてチョコレート等を摂取したことにより、高血糖症状が出現していると思われる。本人認知症あり、自ら飲食のコントロールをする事が困難になっていると考えられるため、家族に差し入れをしないよう指導する必要がある。血糖コントロール不良であり糖尿病の悪化する可能性あり。\n＃＃　Ｐ　医師に報告。血糖コントロールについて検討。差し入れの禁止を家族へ指導する。\n,"['頭痛', '２型糖尿病', '認知症', '高血糖']",NUM-0017
"S (挿管中)\nフェンタニル 40μg/hで鎮痛、RASS -3〜-4\n瞳孔径 1mm/1mm 対光反射なし\n頭部CT：痙攣の原因となりうる器質的異常なし\n人工呼吸器使用中、モード　A/C PC f 18 PIP 16 PEEP 8 FiO2 40% Ti 1.00\nTV 450ml MV 8.1L/min \nP/F 290 pCO2 35Torr\nカテコラミン使用なし、HR 110 /min,  MAP 70mmHg程度 Hr 80ml/h Lac 2.5 mmol/L\n入室からのIn out balance +3000ml\n排便なし　腸管使用なし\nコリンエステラーゼ〈ChE〉40 U/L\n電解質異常なし\n輸血需要なし\n血糖安定 スライディングスケール管理\n抗菌薬：なし\nSU prophylaxis PPI ivq12h\nアトロピン 4mg/hで持続投与中\nA/P\n意識障害に対して気管挿管、臨床所見とコリンエステラーゼ低値から有機リン中毒を疑い、活性炭投与、アトロピン持続投与を開始している。\n痙攣のエピソードがあるが頭部CTは器質的異常なく経過からは中毒による急性症候性発作が疑われる。\n呼吸、循環は安定しているため、PAMや透析などは行わずに経過を見ていく。\n\n","['意識レベルの低下', '縮瞳', '瞳孔対光反射試験異常', '痙攣発作', '頻脈', '血中乳酸増加', '体液貯留', '便秘', '血中コリンエステラーゼ減少', '化学物質中毒']",08_118F70-72_有機リン中毒_p1
上記の経過であり、入院加療を開始した。\n食止めを行い、抗生剤投与後の偽膜性腸炎を疑い便培養を提出、誤嚥性肺炎は改善傾向であったため抗生剤は終了とした。メトロニダゾールを開始した。全身状態は安定したため第3病日より食事を開始し徐々に食上げを行った。便培養からClostridium difficileが検出され偽膜性腸炎と診断した。第10病日には内服も終了した。廃用がすすんでおり、自宅の環境整備や施設入所が検討され、第18病日に療養型病院へ転院となった。,"['偽膜性大腸炎', '誤嚥性肺炎', 'クロストリジウム・ディフィシレ大腸炎', '不動症候群']",17_118D20_誤嚥性肺炎、偽膜性腸炎
"S 3日前から尿が出にくい。今日から熱が出て震えている。\nO　意識は清明。\n体温38.8℃。脈拍112/分、整。血圧136/60mmHg。呼吸数26/分。SpO2 98％（room air）。\n眼瞼結膜と眼球結膜とに異常を認めない。甲状腺腫と頸部リンパ節とを触知しない。心音と呼吸音とに異常を認めない。下腹部が膨隆しているが、圧痛を認めない。肝・脾は触知しない。左の肋骨脊柱角に叩打痛を認める。直腸指診で4cm大の前立腺を触知し、圧痛を認めない。\n尿所見：蛋白1＋、糖1＋、潜血（－）、沈渣に赤血球1～4/HPF、白血球100以上/HPF\n血液所見：赤血球461万、Hb 14.9g/dL、Ht 44％、白血球14,300（桿状核好中球2％、分葉核好中球90％、好酸球1％、好塩基球1％、単球3％、リンパ球3％）、血小板12万、PT-INR 1.18（基準0.9～1.1）。血液生化学所見：総蛋白6.6g/dL、アルブミン3.9g/dL、総ビリルビン1.5mg/dL、直接ビリルビン0.4mg/dL、AST 13U/L、ALT 15U/L、LD 219U/L（基準124～222）、ALP 79U/L（基準38～113）、γ-GT 30U/L（基準13～64）、CK 76U/L（基準59～248）、尿素窒素26mg/dL、クレアチニン1.3mg/dL、尿酸4.7mg/dL、血糖120mg/dL、HbA1c 7.0％（基準4.9～6.0）、総コレステロール197mg/dL、トリグリセリド226mg/dL、HDLコレステロール69mg/dL、LDLコレステロール83mg/dL、Na 138mEq/L、K 4.5mEq/L、Cl 105mEq/L。CRP 14mg/dL。\n胸部エックス線写真：心胸郭比51％、両側肺野に浸潤影を認めない。\n腹部超音波検査：膀胱内に大量の尿が貯留している所見を認めるが水腎症は認めない。\nA/P 来院時には発熱と左CVAの叩打痛あり、下腹部も膨隆している。\n尿検査では白血球が高値、血液検査でも炎症反応が高値であり、尿路感染症が疑われる。腹部超音波検査では、膀胱内に大量の尿が貯留しており、尿閉の所見を認める。下腹部の膨隆はそれに伴うものと思われる。\n尿閉の原因としては内服している三環系抗うつ薬およびヒスタミンH1ブロッカーによるものを疑うので、これらは一旦中止とする。\n入院して抗菌薬治療を行う。尿培養と血液培養採取後にCTRX2g/dayを開始する。\n明日採血フォローも行う。\n\n","['排尿困難', '発熱', '腹部膨満', '疼痛', '尿中蛋白陽性', '尿中ブドウ糖陽性', '尿中血陰性', '血尿', '尿中白血球異常', '白血球数増加', '好中球数増加', 'リンパ球数減少', '血小板数減少', '凝血異常', '血中ビリルビン増加', '血中尿素窒素／クレアチニン比増加', '高血糖', 'グリコヘモグロビン増加', '血中トリグリセリド増加', 'Ｃ−反応性蛋白増加', '心胸郭比増加', '炎症', '尿閉']",07_118F67-69_尿路感染症_p1
S\n今はもう大丈夫です。\n冷や汗と震えがきて、具合が悪くなってびっくりしました\n\nO\n体温36.6℃．心拍数78/分，整．血圧118/64mmHg．呼吸数14/分．SpO2 99％（room air）\n意識清明\n尿素窒素18mg/dL，クレアチニン0.8mg/dL，血糖186mg/dL\n\nA/P\n朝食前血糖82mg/dLで8単位インスリン投与\nその後、便意があり朝食摂取する前にトイレにこもっていたところ、低血糖発作ありナースコール\nブドウ糖10g摂取し、症状回復したため、そのまま朝食摂取\nランタス2単位減らして\n8:8:8:6で\n\n,"['冷汗', '振戦', '体調不良', '高血糖', '低血糖']",03_118C72-74_HHS_p3
１１／９／２１　１５：００\n＃＃　Ｓ　放射線治療から帰ってきた。当ててるところなんともないで\n＃＃　Ｏ　ＲＴ１０／１５回予定　ＲＴ照射部位発赤なし　掻痒感なし　呼吸平静　呼吸困難感なし　咳嗽や喀痰なし\n＃＃　Ａ　ＲＴによる副作用症状出現なく経過\n＃＃　Ｐ　ＲＴによる作用に注意し観察継続。\n,[],NUM-0027
"# 早期大腸がん\n　２週間前から腹部膨満感があり、便秘症状の精査目的で下部消化管内視鏡検査を行ったところ、早期大腸がんを疑う所見あり、精査加療目的に入院した。\n　下部消化管内視鏡検査で、S状結腸に約15mm大のIsポリープを認め、EMRを施行した。経過良好であり、処置翌日に退院となった。\n　病理結果は、病理結果はWell-differentiated tubular adenocarcinoma in tubular adenoma, tub1, pTis(M), Ly0, V0, pHM0, pVM0であり、治癒切除と判断した。\n　２週間後に経過フォローの外来予定。今後は、定期的に下部消化管内視鏡検査でフォロー予定。","['結腸癌', '腹部膨満', '便秘', '大腸ポリープ', '腸管腺癌']",118C63-65_大腸がん-I
S　階段登れました。お腹痛くないです。\nO　\n意識清明\nHR 70　BP 110/60　SpO2 97％(室内気) BT 36.5℃\n腹部 平坦軟 自発痛圧痛なし\n創部癒合良好、全抜糸後離開なし\n排便あり、排ガスあり\n食事：全粥10割摂取\n血液検査：介入を要する異常値なし\nA/P\n＃脾損傷\n＃小腸損傷\n13POD。術後経過は良好であり段階的に食上げを行っている。\n創部の全抜糸を実施した。排便状況良くやや軟便のため浸透圧下剤は終了する。\nリハビリで階段昇降トライし自立しているようなので自宅退院可能と判断した。\n明日常食に食上げし、問題ないことを確認してから自宅退院とする。\n退院前に外来で肺炎球菌ワクチンの接種を行う予定。\n\n,['軟便'],02_118C66-68_脾損傷_p5
"S (右手で離握手可能、追視あり)\nO\nGCS E4VTM6　瞳孔径 4+/4+\nMMT 上肢 左1/右4　下肢 左1/右4\nSBTクリアし抜管、SpO2 99% (酸素マスク O2 4L/min)\nHR 100 /min, BP 150/80 mmHg\n腎電解質問題なし\n経管栄養 間欠投与に変更 1400kcal/day タンパク量 75g/dayl \n排便コントロール良好\n血糖コントロール良好\n輸血需要なし\n抗菌薬：使用なし\nSU prophylaxis PPI ivq12h\nA/P\nT&Dの急性硬膜下血腫に対して緊急開頭血腫除去術 5POD。\n全身状態は安定、SBT クリアしたため抜管とした。\n抜管後に神経診察を行い、左不全片麻痺が残存していることがわかった。\n高次脳機能障害については抜管直後でありICUせん妄などの要素もありうるため引き続き評価を行っていく。\n\n","['高血圧', '硬膜下血腫', '高次脳機能障害']",14_118B43-44_急性硬膜下血腫_p3
１２月１０日　２３：００\n＃＃　Ｓ　なかなか眠れません、癌だったらどうしよう\n＃＃　Ｏ　入院３日目、普段より眠剤１種類内服していた。便鮮血、貧血があり内視鏡による検査のため入院中。本日より頓用の眠剤が追加された。\n＃＃　Ａ　病気への不安や入院によるストレス、環境の変化から入眠困難となっていると考えられる。頓用の眠剤が追加となり、今後睡眠状態が改善していく可能性がある。睡眠薬の使用、追加により夜間や早朝の転倒のリスクが考えられる。\n＃＃　Ｐ　睡眠薬の効果、覚醒状態の観察。不安やストレスについてや思いを傾聴する。\n,"['不眠症', '血便排泄', '貧血', '不安', 'ストレス']",NUM-0019
２月１６日　１０：００\n＃＃　Ｓ　息苦しい…痰がゴロゴロしてる\n＃＃　Ｏ　喘鳴あり、吸引にてやや粘稠の淡黄色痰が多量に引ける。Ｓｐｏ２：９５％、吸痰後はＳｐｏ２：９８％に上昇。呼吸数２４回、普段より多い。咳嗽あり。\n＃＃　Ａ　痰量の増加にて貯留や咳嗽がみられることから、排痰が十分にできていないようである。呼吸困難感やＳｐｏ２の低下、呼吸数の増加からガス交換障害の可能性がある。痰量に増加がみられており、感染や発熱の可能性ありに注意が必要と思われる。\n＃＃　Ｐ　ベッドギャッチアップし、楽な姿勢ややや側臥位に体位調整し、吸引にて対応する。全身状態、Ｓｐｏ２のこまめな観察を行う。医師に報告する。\n,"['呼吸困難', '喀痰増加', '喘鳴', '酸素飽和度低下', '呼吸数増加', '咳嗽', '痰貯留', '呼吸系ガス交換障害']",NUM-0020
＃SIADH　\n2023/01/04-01/23　\n倦怠感・水様便・体重減少（3㎏/1ｗ）で受診、低Na血症で入院\n補正後、第3病日には症状改善\n\n＃左肺小細胞がん　肝転移+\nSIADH精査の過程で指摘\n家族本人と相談の上、化学療法は実施しない方針\n施設入所の方針で1/23　ENT\n\n既往歴：高血圧（カルシウム拮抗薬内服）\n生活歴：妻と二人暮らし\n喫煙：20歳から40本/日\n飲酒：なし\n\n内服　カルシウム拮抗薬\nENT)なし\n\n退院後初回診察\n施設でBSCの方針,"['抗利尿ホルモン不適合分泌', '倦怠感', '下痢', '体重減少', '低ナトリウム血症', '小細胞癌', '肝転移', '高血圧']",117C60-62_肺がん-E
【39F】\n6ヶ月前～月経量↑、3ヶ月前～動悸・息切れ現れ、9/11入院、9/15退院。\n入院時検査: RBC371万、Hb8.5、Ht29%、Fe18、フェリチン12。\nCTにて子宮内約10cm腫瘤確認→子宮筋腫疑い。\n入院中はフェジン40mg点滴（1日2回）実施、症状軽快。\n退院時はフェロミア内服指示、2週後外来フォロー予定。,"['頻発過多月経', '動悸', '呼吸困難', '貧血', '子宮腫瘤', '子宮平滑筋腫']",117B47-48_月経過多に伴う貧血-D
３月２９日　＃＃　Ｔ　疼痛コントロール\n＃＃　Ｓ　腰が痛くて・・・眠れないんです。動くのも嫌になってしまいます。\n＃＃　Ｏ　腰椎圧迫骨折で入院され、硬性コルセット使用中。ＮＲＳを聞くと安静時２、体動時５と言われる。鎮痛剤などは内服されていない。\n＃＃　Ａ　疼痛コントロール不良のため、離床困難となっている。\n＃＃　Ｐ　疼痛時の予想指示よりカロナール２００㎎２錠内服して頂き、効果の聞き取り行っていく。\n,"['疼痛', '身体疾患による睡眠障害', '圧迫骨折', '寝たきり']",NUM-0048
１月２９日　１０：０７\n＃＃　Ｓ　お腹が痛い…\n＃＃　Ｏ　筋ジストロフィー様症状にて検査入院中。排便３日なし。ナースコールあり、ポータブルトイレに座り前傾姿勢。冷や汗あり。硬便が見られた後、多量の下痢便がありその直後１０秒程意識消失。その後は普段通り、体温３６．９、脈６２回／分、血圧１１６／６４、Ｓｐｏ２：９８％\n＃＃　Ａ　筋力の衰えより便秘のリスクが高い。入院中であることとストレスや運動不足、水分量等で硬便から下痢が生じたと思われる。意識消失は多量の下痢による血管迷走神経反射性失神の可能性が考えられる。\n＃＃　Ｐ　医師に報告、下剤調整にて便秘を予防する。その後も様子観察する。\n,"['腹痛', '便秘', '冷汗', '硬便', '下痢', '意識消失', '筋力低下', '失神']",NUM-0011
 来院時には、発熱と右季肋部痛があり、血液検査で炎症反応の上昇および胆道系酵素の上昇を認めた。さらに、画像検査で胆管内に結石を疑う所見を認めることから、総胆管結石性胆管炎と診断し、加療目的に入院した。第1病日にERCPを行い、EST中切開ならびにERBD(7Fr、7cm)を行った。ERCPに伴う膵炎などの合併症はなく、第2病日に食事を再開した。発熱と腹痛は速やかに改善し、炎症反応は徐々に改善を認めた。第7病日に再度ERCPを行い、ERBD抜去と採石術を行った。その後も腹痛や発熱の再燃はなく経過は良好であり、第9病日に退院した。\n,"['発熱', '上腹部痛', '炎症', '肝酵素上昇', '胆管結石', '胆管炎']",10_118A69_胆管結石胆管炎
S　食事食べ始めました。トイレには自分で行けていますが排便はまだありません。\nO　\n意識清明\nHR 80　BP 120/70　SpO2 96％(室内気) BT 37.0℃\n腹部 平坦軟 自発痛圧痛なし\nグル音良好\n創部　感染徴候なし\n排便なし、排ガスあり\n食事：流動食 8割摂取\n血液検査：貧血進行なし、炎症反応上昇なし\nレントゲン；腸管拡張、niveauなし、小腸ガスあり\nA/P\n＃脾損傷\n＃小腸損傷\n7POD。昨日より流動食開始したが腹痛なく経過している。\n排ガスはあるが排便は未だなし、一時的に浸透圧下剤を追加しておく。\n離床が安定してきたため低分子ヘパリンを終了する。\n順次食上げし腹部症状フォローする。,"['処置後便秘', '術後貧血', '鼓腸', '脾臓損傷', '消化管損傷']",02_118C66-68_脾損傷_p4
１１月９日２２：００　＃＃　Ｔ　不安\n＃＃　Ｓ　（話せなくてつらいです。一時的なものであると分かっているけど結構ストレスですね。夜もあまり眠れなそうです。）\n＃＃　Ｏ　本日気管切開術施行された。消灯の際、筆談にて上記Ｓあり。表情は暗い。医師へ確認し、術前にも使用していたベルソムラ１錠内服。\n＃＃　Ａ　元々不安が強い患者であり、話せないことやカニューレの違和感がさらに不安やストレスを増強させていると考える。\n＃＃　Ｐ　不安な思いの表出を促し、状態の経過を可能な限り伝えていく。十分な休息が図れるよう、必要時眠剤の調整を図っていく。\n,"['不安', 'ストレス', '不眠症', '抑うつ気分']",NUM-0032
来院後ただちに行った頭部CTではくも膜下腔に高吸収域を認め、またCTAでは前交通動脈に動脈瘤を認め、くも膜下出血の診断となった。\nCT撮影直後より、呼吸動態に注意しながらセルシン1A投与による鎮静、およびニカルジピン持続投与による降圧を開始した。血圧目標は100-120mmHgとした。\nこの時点で脳外科担当医からのICにより、緊急でコイル塞栓術施行の方針となった。\n救急外来にて血圧コントロールを継続しながら、愛護的に気管挿管を行い、血管内治療室へ移動となった。\n右鼠径部アプローチにて、前交通動脈動脈瘤に到達。コイルによる塞栓を確認して手術を終了とした。術中に重篤な合併症を認めなかった。\nICU帰室後は鎮静・鎮痛下に人工呼吸器管理とし、腰椎ドレナージを挿入とした。\n翌日の頭部CTでは出血性の合併症など認めなかったため、脳血管攣縮予防としてピヴラッツ持続静注を15病日まで投与の方針としつつ体液管理・血圧管理を継続とした。\n第４病日には、鎮静のレベルを下げ、自発呼吸を確認しながら抜管とした。この時点で短期記憶障害を認めたものの、麻痺や失語症状は認めなかった\n第７病日に行ったMRI/MRAでは血管攣縮および新規梗塞巣は認めず、SCUに移動しつつ、ベッド上でのリハビリを継続した。\n第14病日までに血管攣縮の合併が無いことを確認しつつ、回復期リハ病棟へ転棟のうえADL回復のためのリハビリ施行の方針となった。\n第30病日に行ったMRI/MRAでは動脈瘤の再発等の異常所見を認めなかった。\n短期記憶障害は残るものの、自宅退院可能な状態となり、本人の希望もあったことから、第32病日に自宅退院となった。\n,"['動脈瘤', 'くも膜下出血', '記憶障害']",04_118E41-42_SAH
S　薬が効いてきたみたいで痛みは弱くなりました。\nO　BP 144/82mmHg SpO2 99%(RA)\nA/P \n#  右緊張性気胸\n本日ドレーン留置した。エアリークを観察しつつ、プランクテスト施行予定。\n疼痛管理に気を付ける。\n# 右第5肋骨骨折\n整形外科で併診してもらう。基本安静とのこと。\n\n,"['疼痛', '高血圧', '気胸', '肺のエアリーク', '肋骨骨折']",12_118B35_緊張性気胸_p1
７月７日　１３：００\n＃＃　Ｓ　なんか腰が痛いです。\n＃＃　Ｏ　体温３７．５度あり。腰痛の訴えあり。認知症あり、受け答えは可能だが真意は不明な事が多い。尿回数、尿量少なく、濃く混濁あり。食事時に出るお茶一杯の半量程度を３回の飲水量。\n＃＃　Ａ　微熱、腰痛あり、尿性状から尿路感染や腎盂腎炎の可能性あり。認知症あり症状をうまく訴えられない可能性があると考えられる。１日の飲水量として少なく、水分摂取をすすめる必要がある。\n＃＃　Ｐ　医師に報告し、検査・早期治療へ繋げる。全身状態の観察。水分摂取に努める。\n,"['背部痛', '認知症', 'コミュニケーション障害', '乏尿', '尿量減少', '尿異常', '水分摂取量減少']",NUM-0018
S\nおはようございます\nだいぶ楽になりました\nお腹が減った\n\nO\n体温36.8℃．心拍数88/分，整．血圧122/74mmHg．呼吸数14/分．SpO2 98％（room air）\n意識清明\n尿素窒素24mg/dL，クレアチニン1.1mg/dL，血糖224mg/dL\nインスリン1.5U/hr\n\nA/P\n意識障害改善\n血糖も目標通り降下達成\nインスリンは持続静注から皮下注での強化インスリン療法へ切り替え\nログ　8:8:8\nランタス8眠前投与\nスライディングスケールも\n\n食事経口摂取開始\n栄養士による食事指導開始,"['血中尿素窒素／クレアチニン比増加', '高血糖']",03_118C72-74_HHS_p2
"S ああ、はい、大丈夫です⋯\nO\nJCS Ⅰ-2, GCS E4V4M6\nRR 20 /min, HR 100 /min, BP 140/80 mmHg, SpO2 95%(室内気) BT 37.0℃\n瞳孔　2.5mm/2.5mm 両側対光反射迅速\n\n血液検査(来院時採血)：尿素窒素 16 mg/dL、クレアチニン 0.6 mg/dL、Na 144 mEq/L、K 4.3 mEq/L、Cl 110 mEq/L、CK 540 U/L、CRP 4.1 mg/dl、WBC 14800 /μL、Hb 11.0g/dL、Ht 33％\n\n頭部CT：1PODのCTと著変なし\nA/P\n＃慢性硬膜下血腫\n緊急穿頭洗浄血腫ドレナージ術　3POD。\n夜間に痙攣し、自然頓挫したエピソードあり。CTは著変なく、硬膜下血腫による痙攣とも言えず。\n本人の意識の改善を待って病歴聴取を行い原因検索。\n\n","['意識レベルの低下', '硬膜下血腫', '痙攣発作']",19_118D57_慢性硬膜下血腫_p3
入院時より貧血に対してフェジン40mg1日2回の点滴を開始した。動悸や息切れの自覚症状は軽快し、貧血も徐々に改善を認めたため、第4病日に退院した。なお、腹部CT検査では子宮筋腫を疑う所見があり、症状の原因となっている可能性があるため、退院後に外来で治療方針を相談する。,"['貧血', '動悸', '呼吸困難', '子宮平滑筋腫']",117B47-48_月経過多に伴う貧血
救急外来では高度な気道確保が必要と判断され、気管挿管とした。\n続いて行ったCT撮影では急性硬膜下血腫の診断となった。脳神経外科へコンサルトの上、緊急開頭血腫除去術を施行した。術後はICU管理となり、人工呼吸器管理を行った。術後5日目には全身状態が安定したことから、人工呼吸器離脱プログラムに則り、問題ないことを確認しながら抜管とした。\n抜管後の評価では、記憶障害・遂行機能障害などの高次脳機能障害および、左不全片麻痺の残存を認めたため、術後13日目にリハビリテーション病院へ転院のうえ、リハビリ継続の方針となった\n退院時状況 | 高次脳機能障害、左不全片麻痺の残存\n,"['硬膜下血腫', '記憶障害', '遂行機能障害', '高次脳機能障害', '不全片麻痺']",14_118B43-44_急性硬膜下血腫
起炎菌同定のため、血液培養、関節液培養を提出し、また関節液についてGram染色を行ったところ、グラム陽性球菌（黄色ブドウ球菌）が同定された。MRSAおよびMSSA両方をカバーする目的で、バンコマイシンおよびセファゾリンの投与を開始した。\n術後9日目には、血液培養の陰性、および関節液培養からはMSSAが同定されたことから、バンコマイシンは中止し、セファゾリンの投与を継続とした。\n術後10日目に待機的に再手術の方針となり、手術中、人工関節は抜去せず、洗浄およびデブリドマンで対応可能と判断され、閉創となった\n術後12日目に初回歩行を開始したところ、突然の胸痛と呼吸困難が出現し、胸部造影CTで肺血栓塞栓症の診断となった。\nすぐさまICUに入室のうえ、救急科にてヘパリン投与など治療を継続していただいた。\n術後16日目には循環動態の安定を確認して、ヘパリンナトリウムの投与からリクシアナの投与を開始し、３か月継続の方針とした。\nまた術後18日目には一般病棟に戻り、抗菌薬をケフレックス500mg4T4Xに変更して採血フォローを継続した。\n術後28日目には体幹を中心に、融合傾向を示す紅斑が多発し、鑑別としてケフレックス内服開始に伴う薬疹の可能性が考えられた。同日より抗菌薬はオーグメンチン250mg3T3X + サワシリン250㎎3T3Xに変更し、ステロイド外用薬塗布としたところ、第30病日には薬疹は消失した。\n術後39日目には採血に問題なく、臨床症状も認めないことから、関節内感染が沈静化したものと考え、退院となった。,"['ブドウ球菌感染', '人工関節使用者', '胸痛', '労作性呼吸困難', '肺塞栓症', '紅斑性皮疹', '薬疹']",05_118F61-63_術後PE
"S　減塩とか言われたけど本当？それじゃ食べられるものないんだけど。帰りたい。\nO　BP 126/75mmHg HR 70bpm BW 78kg SpO2 97%(1Lカヌラ) 尿量 1500ml/day\n胸部Xp CPA dull  CTR 60%\n心エコー  IVC 15mm RV(±)\nA/P\n#高血圧性心不全\n酸素需要は引き続きあり。尿量保たれ、腎機能低下もみられないため2A2xで引き続き酸素離脱まで継続予定。離脱すれば内服へ。全身状態がある程度安定してきたためβblckerを導入する。MRA,SGLT2,ARB導入済み。\n食事療法は受け入れが難そう。まず、栄養指導をいれてみる。退院前には一度奥様と受けていただく。\n# HT\nニトロは終了。ニフェジピン20mg 2T2xで開始し、安定した。退院後血圧上昇予測され、アジルバ→エンレストになるか。二次性精査L/D提出済み。\n\n","['胸水', '心拡大', '高血圧性心疾患', '高血圧']",18_118D25_高血圧性心不全_p4
４月２０日９：３０　＃＃　Ｔ　発熱\n＃＃　Ｓ　身体がだるい・・・。ちょっと息苦しいです。\n＃＃　Ｏ　ＢＴ３８．４℃　ＳＰＯ２　８８％（ＲＡ）　ＲＲ２５回／分　ＨＲ１０４回／分　ＢＰ１２５／７０　湿性咳嗽あり、左下肺野に断続性ラ音聴取。倦怠感、軽度の呼吸苦の訴えあり。\n＃＃　Ａ　発熱と酸素化不良あり。\n＃＃　Ｐ　主治医報告。胸部Ｘ－Ｐ・採血・血培・痰培検査と酸素投与の指示あり、実施する。\n,"['発熱', '倦怠感', '酸素飽和度低下', '呼吸数増加', '心拍数増加', '湿性咳嗽', 'ラ音', '低酸素症']",NUM-0044
８月２０日１６：００　＃＃　Ｔ　転倒・起立性低血圧\n＃＃　Ｓ　トイレに行こうとしました。何でこけてしまったのか、自分では全然覚えてないです。\n＃＃　Ｏ　ガシャンという大きな音がして訪室すると、ベッドサイドに倒れているのを発見する。全身チェックしたところ右後頭部に皮下血腫あり　その他外傷見当たらず。両上肢・下肢の上げ下げなどは特に問題無く、自力で起き上がってベッドに戻られる。臥位で血圧測定したところ８８／４０。その他バイタル問題なし。\n＃＃　Ａ　血圧低値。トイレに行こうとして立ち上がったところ、起立性低血圧を起こして意識消失し、転倒したと考えられる。本人の訴えや皮下血腫の形成から、右後頭部を打撲した様子。\n＃＃　Ｐ　主治医報告し、緊急で頭部ＣＴ検査の指示あり。\n,"['転倒', '起立性低血圧', '皮下血腫', '低血圧', '意識消失']",NUM-0042
１月１０日１５：００　＃＃　Ｔ　血圧高値\n＃＃　Ｓ　全然自覚は無いんですけど。あー、ちょっと下がりましたね。\n＃＃　Ｏ　血圧高値のためシリンジポンプでニカルジピンを４．０ｍｌ／Ｈ投与中。\n＃＃　Ａ　ニカルジピン投与で徐々に血圧低下してきている。\n＃＃　Ｐ　予想指示に従い、ニカルジピンを４．０→３．０ｍｌ／Ｈに減量。\n,"['高血圧', '血圧低下']",NUM-0049
"S ここはどこですか…名前はわかりますけど、なんでここにいるかわかりません。\nO\nGCS E4V4M6\n瞳孔径 3.5mm/3.5mm 対光反射迅速\nスパイナルドレーン ( 5cmH2O)  260ml/day 淡血性排液\n抜管後 RR 18 /min, HR 60 /min,  BP 130/80 mmHg, SpO2 96%(鼻カヌラ O2 2L/min)\n胸部レントゲン：肺水腫像なし\n入室からのIn out balance +750ml\n経管栄養 30ml/h 1080kcal 蛋白66g  抜管に際して一時栄養中断\n泥状便あり\nNa 147 mEq/L, K 4.0 mEq/L\n輸血需要なし\n血糖安定 スライディングスケール管理\n抗菌薬：なし\nSU prophylaxis PPI ivq12h\nDVT prophylaxis ヘパリンCa皮下注 5000単位q12h\n\nA/P\nWFNS GradeⅣ (GCS E3V2M5) の前交通動脈瘤破裂によるくも膜下出血に対して緊急コイル塞栓術を施行しICU入室。3POD。\nSAT clear、SBT clearし抜管した。\n短期記憶障害はあるが、麻痺、失語が無いことは確認できた。\nピヴラッツ使用中であるが肺水腫を来さずに管理出来ている。\nアムロジピン内服開始し、血圧は安定して経過している。\nスパズム期終了までは神経症状増悪に注意しつつリハビリ継続、抜管後の呼吸状態が安定しているようであればICU退室しSCUへの移動を調整する。\n\n","['意識レベルの低下', '瞳孔対光反射試験正常', '処置後ドレーン排液持続', '体液貯留', '下痢', '高ナトリウム血症', '意識レベルの低下', '動脈瘤破裂', 'くも膜下出血', '記憶障害']",04_118E41-42_SAH_p2
S　今日鼻取れました！でも歩くと看護師さんが飛んできました。たいしたことないのに\nO　BP 115/78mmHg 　SpO2 96%(RA)\nA/P\n# PTE/DVT\n内服に切り替え、著変なし。酸素離脱し安定していれば退院。\n若年の発症であり、長期間同じ姿勢を取っていたわけでもないこと、父親のエピソードもあり血栓因子ついて血液検査を提出し結果待ち。\n\n,"['肺塞栓症', '深部静脈血栓症']",09_118A19_肺血栓塞栓症_p5
"S：\nありがとうございました。\nまだまだ暑いのでお水もたくさん飲むようにします\n\nO：\n体温36.1℃．心拍数78/分，整．血圧122/68mmHg．呼吸数14/分．SpO2 99％（room air）\n意識　JCSⅡ-10\n\nHDS-R：19点\n\nA/P：\n#高Ca血症\nCa9.6\n点滴終了\n明日退院\n\n＃高血圧症\nオルメテック10㎎1T1X, アムロジピン5mg1T1Xの投与継続\n\n＃認知症\nアリセプト3mg1T1Xの投与継続\nHDS-R：19点\n\n＃骨粗鬆症\nアルファカルシドール中止となっている\nかかりつけの整形外科にて内服調整いただく\n\n","['意識レベルの低下', '認知症', '高血圧', '骨粗鬆症']",01_118B49-50_高Ca血症_p4
約5mmの前交通動脈瘤破裂によるくも膜下出血と診断され、入院当日に緊急開頭クリッピング術が行われた。術後は再出血の兆候はなく、血圧管理や鎮静を必要としたため、ICUに入室した。第3病日には意識レベルが徐々に改善し、再出血は認められなかった。第10病日には全身状態が安定したため、一般病棟へ転棟した。理学療法・作業療法をはじめとするリハビリも行い、ADLの向上を図った。第27日目には自立歩行が可能となり、ADLもほぼ自立したことから、退院した。,"['動脈瘤破裂', 'くも膜下出血', '意識レベルの低下', '活動性低下', '歩行不能']",117F59-61_クモ膜下出血
"S 転院は明日ですか、ありがとう。\nO\nGCS E4V5M6　瞳孔径 4+/4+\nHR 75 /min, BP 130/60 mmHg SpO2 97% (室内気)\nMMT 上肢 左2/右5　下肢 左2/右5\n経口摂取 8割程度\nNa 144mEq/L\nPT…介添えで立ち上がり動作まで可能\nST…記憶障害・遂行機能障害あり\nA/P\nT&Dの急性硬膜下血腫に対して緊急開頭血腫除去術 12POD。\n状態変わりなく経過している。明日リハビリテーション病院へ転院予定。\n\n","['片麻痺', '記憶障害', '遂行機能障害', '硬膜下血腫']",14_118B43-44_急性硬膜下血腫_p5
"S だいぶ良くなってきました。食欲もあります。\nO　腹部は平坦、軟。圧痛なし。\n体温36.6℃。心拍数58/分、整。血圧102/58mmHg。呼吸数12/分。SpO2 99％（room air）。\n白血球6,400\n尿素窒素20mg/dL、クレアチニン1.0mg/dL、CRP 5mg/dL。\nA/P 術後6日目、ドレーン廃液量も減ってきたため、本日抜去する。\n食事摂取も良好であり、排便も認める。経過良好であり現加療を継続する。\nリハビリを進める。\n\n","['血中クレアチニン増加', 'Ｃ−反応性蛋白増加']",11_118A57_穿孔性腹膜炎_p4
"S おはようございます。昨日は処置をありがとうございました。お腹は痛くありません。\nO 体温37.0℃。脈拍70/分、整。血圧124/86mmHg。呼吸数18/分、SpO2 98%(room air)。\n腹部は平坦、軟。腹部に圧痛なし。\n白血球13,600。総ビリルビン3.9mg/dL、直接ビリルビン2.2mg/dL、AST 89U/L、ALT90U/L、ALP 131U/L（基準38～113）、γ-GT 137U/L（基準13～64）、アミラーゼ52U/L（基準44～132）。CRP 8mg/dL。\nA/P 昨日胆管炎に対してERCPを行った。腹痛やアミラーゼの上昇はなく、膵炎などの合併症を疑う所見は見られない。腹部症状も改善し、血液検査所見でも肝胆系酵素の改善を認める。経過良好であり、本日の昼から食事を開始する。\n\n","['白血球数増加', '高ビリルビン血症', '肝酵素上昇', 'γ−グルタミルトランスフェラーゼ増加', 'Ｃ−反応性蛋白増加', '胆管炎']",10_118A69_胆管結石胆管炎_p2
１１月１２日１６：００　病状説明同席記録\n＃＃　Ｓ　家に帰りたいけど、息子にも家族があるし、俺の面倒は見られないと思う。転院で良いです。最期は家で過ごしたいという強い思いはないから。（以下、息子）そうですね。もちろんみてあげたいんですが、自宅ではなかなか…\n＃＃　Ｏ　担当医師より患者、息子へ病状説明あり。看護師１名同席。ターミナルケアについて自宅退院または転院になるとの説明あり。患者より上記Ｓあり。息子はそれに対して戸惑いの表情あり。\n＃＃　Ａ　患者には最期は家で過ごしたいという思いがあるものの、家族に迷惑をかけられないという思いもある。今後も気持ちの変化があると考えられ、気持ちの表出と精神面のサポートをしていく必要がある。\n＃＃　Ｐ　息子へ在宅支援サービスについて紹介を行う。それを踏まえた上で、退院先について家族で十分に考えていただく。\n,[],NUM-0040
５月１５日　＃＃　Ｔ　褥瘡\n＃＃　Ｓ　お尻が痛い。ちょっと見て。\n＃＃　Ｏ　オムツ交換時、側臥位になって頂くと仙骨部にＮＰＵＡＰステージⅡの褥瘡発見する。サイズは２㎝×２㎝程度で浸出液少量、感染兆候無し。疼痛あり。ＡＤＬベッド上寝たきり、脳梗塞後の右片麻痺あり自力での寝返り困難。\n＃＃　Ａ\n＃＃　Ｐ　医師に報告し、診察後アズノール処方していただく。創部を洗浄後、アズノール塗布してメロリンとテープで保護実施。\n,"['褥瘡性潰瘍', '疼痛', '皮膚滲出液', '脳梗塞', '片麻痺', '日常活動における個人の自立の喪失']",NUM-0045
"S　傷は痛いです。\nO  腹部は平坦、軟。創部に圧痛あり。\n体温37.0℃。心拍数82/分、整。血圧104/62mmHg。呼吸数16/分。SpO2 99％（room air）。\n赤血球481万、Hb 16.0g/dL、Ht 38％、白血球10,800、血小板21万、\n総蛋白5.6g/dL、アルブミン3.3g/dL、総ビリルビン0.7mg/dL、AST 22U/L、ALT 20U/L、LD 220U/L、ALP 50U/L（基準38～113）、γ-GT 30U/L（基準13～64）、アミラーゼ223U/L（基準44～132）、CK 432U/L（基準59～248）、尿素窒素30mg/dL、クレアチニン1.6mg/dL、尿酸16.2mg/dL、Na 132mEq/L、K 4.0mEq/L、Cl 96mEq/L、Ca 8.9mg/dL。CRP 32mg/dL。\nA/P 昨日に十二指腸穿孔に対して緊急手術を施行、穿孔部の縫合と腹腔内の洗浄を行なった。呼吸や循環動態は比較的安定しており、本日一般病棟に転棟する。\nリハビリも依頼して早期の離床を促す。排便と排ガスの状態を確認しながら食事も開始を検討する。\n\n","['疼痛', '腹部圧痛', '赤血球数増加', 'ヘモグロビン増加', '白血球数増加', '総蛋白減少', '血中アルブミン減少', 'アミラーゼ増加', '血中クレアチンホスホキナーゼ増加', '血中尿素増加', '血中クレアチニン増加', '血中尿酸増加', '低ナトリウム血症', '低クロール血症', 'Ｃ−反応性蛋白増加', '十二指腸穿孔']",11_118A57_穿孔性腹膜炎_p2
"下部消化管内視鏡検査を行ったところ、S状結腸に約15mm大のIsポリープを認め、内視鏡的粘膜切除術（EMR）を行った。処置後の経過は良好であり、出血などの合併症もなく、処置後翌日に退院した。\nなお、病理結果はWell-differentiated tubular adenocarcinoma in tubular adenoma, tub1, pTis(M), Ly0, V0, pHM0, pVM0であり、治癒切除と判断した。\n","['大腸ポリープ', '腸管腺癌']",118C63-65_大腸がん
１１月４日　２１：３０　＃＃　Ｔ　不眠訴え\n＃＃　Ｓ　「眠れません。薬ください」\n＃＃　Ｏ　消灯前から廊下を徘徊しており、誘導にて自室へ戻られたがナースコールあり上記訴えあり。表情眠気あり、呂律不良も認めている。以前眠剤使用後に転倒した経緯あり。\n＃＃　Ａ　消灯前から入眠体制取れておらず、消灯後時間も間もない。また表情も眠気あるため、時間と共に入眠できると考える。また以前転倒した経緯あり眠剤使用は慎重に行う。\n＃＃　Ｐ　まずは眠剤使用せず、臥床を促す。\n,"['不眠症', '徘徊癖', '傾眠', '構音障害', '転倒']",ＮＵＭ－０００４
"S：\nいたいです\n首とか背中とか全部痛い\n\n足が動かないのはなんでですか？\n治療すれば治りますよね？\n\nO：\n体温36.5℃。心拍数84/分、整。血圧130/62mmHg。呼吸数20/分。SpO2 98％（room air）。\nMMT(R/L): trap 5/5, del 5/5, bi 5/5, tri 5/5, brachio 5/5, ilio 1/1, quad 1/1, ham 1/1, ant.tib 0/0, gastro 0/0\n臍部から両下肢に感覚障害あり\n膝蓋腱反射とアキレス腱反射は両側減弱\n\nFAST：心臓周囲、胸腔、モリソン、脾臓周囲、ダグラスに液体貯留なし\nCT：明らかなエキストラなし　T10　T11骨折あり\nMRI：　T2でT10レベルに高信号あり\nA/P\n#胸椎骨折（T10,11）＃脊髄損傷（T10T11レベル）\n　＃下肢麻痺＃下肢感覚障害\n画像所見より上記診断\n外固定のまま明日待機的に後方固定術施行\nステロイドパルスは本日からえｍPSL1000mg/dayで３日間施行\n\n","['疼痛', '頚部痛', '背部痛', '筋力低下', '感覚障害', '反射減弱', '胸椎骨折', '脊髄損傷']",06_118F64-66_胸髄損傷_p1
１１月１０日１４：００ 　＃＃　Ｔ　皮膚統合性障害\n＃＃　Ｓ　おしりのとこ痛いです。前からそうです。\n＃＃　Ｏ　手術目的で本日入院された。下半身麻痺にて寝たきりであり、自己での体位交換困難。陰部洗浄施行時、仙骨部に直径２×３ｃｍの皮膚潰瘍発見。ＮＰＵＡＰステージＩＩ程度。疼痛あり。エアマットへ変更。\n＃＃　Ａ　持ち込みの褥瘡あり。自己での効果的な体位交換困難であり、今後術後安静にて皮膚障害悪化のリスクがあると考える。\n＃＃　Ｐ　皮膚の清潔の維持に努めるとともに、定期的に体位交換を行なっていく。担当医師へ確認し、皮膚・排泄ケア認定看護師へ介入依頼する。\n,[],NUM-0035
S　昨日はかなりしんどかった。本当もうだめだと思ったよ。血圧は健康診断でいつも言われてたけど大丈夫だったから気にしてなかった。それが原因だったの？自業自得だね。\nO　BP 145/82mmHg HR 76bpm BW 82kg SpO2 96%(3Lマスク) 尿量 2400ml/day\n胸部Xp CPA dull  CTR 62%\n心エコー  IVC 18mm RV(-)\nA/P\n#高血圧性心不全\nラシックス2Aで尿量流出良好。2A2xで引き続き酸素離脱まで継続予定。本日食事開始したため、MRA、SGLT2を導入した。退院までにβblckerを導入する。\n# HT\nニトロは現在4mL/hで漸減し安定している。内服開始したため明日以降終了検討。\n二次性精査L/D提出済み。\n\n,"['高血圧', '尿量増加', '胸水', '心拡大', '高血圧性心疾患']",18_118D25_高血圧性心不全_p2
１１月８日　８：４０　＃＃　Ｔ　吐血\n＃＃　Ｓ　声をかけるが反応なし\n＃＃　Ｏ　訪室するとベッド上で意識消失。多量に吐血しており、ｊｃｓ３－１００、ｂｐ７４／３３ｍｍｈｇ\n＃＃　Ａ　ショックバイタルであり、気道確保と血管確保が必要であると考える。\n＃＃　Ｐ　生理食塩液５００ｍｌ左前腕から点滴開始、ｏ２　１０ℓ投与。主治医へ報告する。\n,"['吐血', '意識レベルの低下', '意識消失', '血圧低下']",ＮＵＭ－０００８
"S あ⋯あ⋯\nO\nGCS E4V3M6\n瞳孔径 3mm/3mm 対光反射緩慢\n抜管後 RR 20 /min, SpO2 94%(鼻カヌラ O2 4L/min)\n胸部レントゲン：ひだり下肺野に肺炎像残存\nカテコラミン使用なし、HR 90 /min,  BP 160/100 mmHg, Lac 1.0 mmol/L\n入室からのIn out balance +1500ml\n経管栄養 20ml/h 720kcal 蛋白44g  抜管に際して一時栄養中断\n第5病日に水様便あり\nコリンエステラーゼ〈ChE〉160 U/L\nNa 139 mEq/L, K 3.6 mEq/L\n輸血需要なし\n血糖安定 スライディングスケール管理\n抗菌薬：人工呼吸器関連肺炎に対してPIPC/TAZ投与中\nWBC 11000, CRP 9.22 mg/dl\nSU prophylaxis PPI ivq12h\nDVT prophylaxis ヘパリンCa皮下注 5000単位q12h\nA/P\n昨日のChEが82U/Lまで上昇したためアトロピン静注は中止したが、その後中毒症状の再燃なし。\nSAT、SBTクリアしたため本日抜管とした。\n排便コントロールに難渋し経管栄養を増量できていなかったが、抜管したため今後は飲水テストを行い、経口摂取に切り替えていく。\n第5病日より人工呼吸器関連肺炎に対して抗菌薬を開始しており、治療経過は良好である。喀痰培養の結果を待ってdeescalationを検討する。\n離床、リハビリも強化していく。\n\n","['意識レベルの低下', '瞳孔対光反射試験異常', '低酸素症', '肺炎', '高血圧', '体液貯留', '下痢', '血中コリンエステラーゼ減少', '肺炎', '白血球数増加', 'Ｃ−反応性蛋白増加']",08_118F70-72_有機リン中毒_p3
１１月１２日１５：００ 　病状説明同席記録\n＃＃　Ｓ　そうですか。癌ですか。まさか自分が癌になるとは思っていなかったので信じられない気持ちです。でも８０歳まで元気に生きてきたし受け入れるしかないですね。手術は家族とよく相談してみます。手術をして治る可能性はどれくらいですか？\n＃＃　Ｏ　担当医師より患者、妻へ病状説明あり。看護師１名同席。患者は医師の目をみてしっかりとした面持ちで話を聞いている。妻は時折涙ぐむ姿あり。患者より手術について質問される様子あり。\n＃＃　Ａ　腫瘍が見つかったことに対して本人も家族もまだ受け入れられていない状況であり、精神面のサポートが必要である。\n＃＃　Ｐ　不安や質問に対して真摯に対応していく。今後の方針について家族と十分に考えていただき、来週再度面談を行う。\n,[],NUM-0039
"S　栄養指導？受けたけど、あんなの無理だよ。俺飯作んねぇし、昼はコンビニだから難しい。それより食事足りないからコンビニ行っていい？\nO　BP 130/71mmHg HR 65bpm BW 77kg SpO2 97%(RA) 尿量 1200ml/day\n胸部Xp CPA dull   心エコー  IVC 15/7mm RV(+)\nA/P\n#高血圧性心不全\n酸素化改善した。ラシックス20mg 2T2x朝、昼で内服へ。βblckerを導入したが、徐脈や心不全増悪はなし。MRA,SGLT2,ARB導入済み。栄養指導を行うも効果なし。ご家族に相談していただくのと、宅食を提案するか。\n# HT\nアジルバ20mg 1T, ニフェジピン20mg 2T2xで安定。二次性精査の結果確認し、明らかな二次性所見なし。腎動脈造影は退院後検討。\n\n","['胸水', '右室拡大', '高血圧性心疾患', '心不全', '高血圧']",18_118D25_高血圧性心不全_p5
１１月９日１５：００　 　＃＃　Ｔ　非効果的気道浄化\n＃＃　Ｓ　（ちょっと息苦しいです。痰がゴロゴロしてます。）\n＃＃　Ｏ　本日午前中局所麻酔下にて気管切開術施行された。カフ付きカニューレ挿入中。筆談にて上記Ｓあり。加湿・吸引施行し、ごく少量淡血性混じりの白色粘稠痰が吸引チューブ２本分引ける。大気下ＳｐＯ２：９７％、呼吸苦軽減あり。\n＃＃　Ａ　術後、痰量多く、　呼吸困難感出現している。痰の粘稠性高く、自己での喀痰も難しいため、気道閉塞に注意する必要あり。\n＃＃　Ｐ　呼吸状態の観察行い、吸引や体位ドレナージにて気道浄化図っていく。\n,"['痰貯留', '呼吸困難', '喀痰増加']",NUM-0031
７月２日１９：４５　＃＃　Ｔ　不穏\n＃＃　Ｓ　もう家に帰らないと・・・。帰らせて下さい。ここはどこなんですか。何で私を閉じ込めるんですか。\n＃＃　Ｏ　誤嚥性肺炎で本日入院されたが、認知症あり帰宅願望強い。杖歩行であるがふらつきあり、大腿骨頸部骨折の既往あり。\n＃＃　Ａ　まずはリアリティオリエンテーションが必要だが、帰れないストレスに対して段々と易怒的になってきており、対応が困難。\n＃＃　Ｐ　ここが病院であることや入院の経緯について説明するが、入院した覚えが無いため納得されず。\n,"['落ち着きのなさ', '誤嚥性肺炎', '認知症', '浮動性めまい', 'ストレス', '記憶障害']",NUM-0047
 発熱と排尿困難を自覚しており、身体所見では左CVA叩打痛を認める。尿検査では白血球高値であり、血液検査でも炎症反応が高値であることから、尿路感染症（腎盂腎炎）が疑われるため、精査加療目的に入院した。腹部超音波検査で膀胱内に大量の尿が貯留しており、尿閉の所見を認めた。尿閉の原因として内服している三環系抗うつ薬およびヒスタミンH1受容体拮抗薬が考えられたため、これらの薬剤は一旦内服を中止した。尿路感染症の治療として入院時からCTRX2g/dayの投与を開始した。その後、発熱などの症状は徐々に改善し、尿量も確保することができた。入院時に採取した尿培養からは大腸菌が検出され、抗菌薬の感受性を確認し、同薬を継続投与することとした。血液培養は陰性だった。その後も症状の再燃はなく経過は良好であったため、第10病日に退院した。抗菌薬は内服に変更して合計2週間の投与とする。なお、尿閉の原因となる三環系抗うつ薬およびヒスタミンH1受容体拮抗薬については、かかりつけ医に変更の提案をする。\n,"['発熱', '排尿困難', '疼痛', '尿中白血球異常', '炎症', '尿路感染', '大腸菌性腎盂腎炎', '尿閉', '血液培養陰性']",07_118F67-69_尿路感染症
S：\n手術した方の膝が痛い気がする\n\nO：\n体温36.7℃。脈拍99/分、整。血圧122/68mmHg。呼吸数18/分。SpO2 96％（room air）\n\n\nA/P：\n#右変形性膝関節症\nTKA術後　6POD\n\n関節の熱感腫脹なし\nROMは問題なし\n\n術後の疼痛の範囲か\nひとまず鎮痛剤内服\n\n,"['疼痛', '変形性関節症']",05_118F61-63_術後PE_p1
S (刺激でうっすら開眼する)\nO \n頭位30°保持\nプロポフォール 投与終了、フェンタニル 20μg/hに減量\nGCS E3VTM5\n瞳孔径 4+/4+\n頭部CT：MLSなし、薄い硬膜下水腫あり、脳浮腫は改善\n人工呼吸器使用中、モード　PSV PS 6 PEEP 5 FiO2 30% \nf 15 TV 450ml MV 6.7L/min \nP/F 315 pCO2 37 Torr\nカテコラミン使用なし、MAP 80mmHg Hr 80ml/h Lac 0.4\n入室からのIn out balance +2000ml\n経管栄養開始　30ml/h 1080kcal タンパク量 66g/day\n泥状便あり\n3%NaCl投与終了後もNa 140mEq/L後半で経過\n血糖 150mg/dl程度で推移、スライディングスケール対応\nHb 13.1 PLT 21万 Fbg 300 輸血需要なし\n抗菌薬：使用なし\nSU prophylaxis PPI ivq12h\n\nA/P\nT&Dの急性硬膜下血腫に対して緊急開頭血腫除去術 4POD。\n頭部CTフォローで術後経過問題なく、本日よりSAT開始。\n徐々に覚醒が得られてきており、抜管出来る可能性がある。引き続きSAT、SBT行っていく。\n経管栄養は設定した急性期の投与量を達成した。\n電解質、血糖なども懸念なし。 \n\n,"['意識レベルの低下', '硬膜下血腫', '脳浮腫', '体液貯留', '下痢', '高ナトリウム血症', '高血糖']",14_118B43-44_急性硬膜下血腫_p2
"S 昨日はベッドサイドで立つことが出来ました。ここからは出るんですね。\nO\nGCS E4V4M6\n瞳孔径 3.5mm/3.5mm 対光反射迅速\nスパイナルドレーン ( 0cmH2O)  290ml/day キサントクロミー\n頭部MRI：明らかな新規脳梗塞なし、MRAで血管攣縮なし\nRR 16 /min, SpO2 94%(室内気) BT 37.5℃\n胸部レントゲン：肺水腫なし、CP angle sharp\nHR 70 /min,  BP 125/75 mmHg, Hr 100-140 ml/h, Lac 1.0 mmol/L\n入室からのIn out balance +950ml\n経口摂取　常食半量＋傾向補助食品\n排便あり\nNa 143 mEq/L, K 3.7 mEq/L\n輸血需要なし\n血糖安定 スライディングスケール管理\n抗菌薬：なし\nSU prophylaxis PPI ivq12h\nDVT prophylaxis ヘパリンCa皮下注 5000単位q12h\nA/P\nWFNS GradeⅣ (GCS E3V2M5) の前交通動脈瘤破裂によるくも膜下出血に対して緊急コイル塞栓術を施行しICU入室。6POD。\n頭部MRI施行し脳梗塞、血管攣縮を認めなかった。\n本日SCU転床、リハビリ励行。\n\n","['意識レベルの低下', '瞳孔対光反射試験正常', '処置後ドレーン排液持続', '発熱', '体液貯留']",04_118E41-42_SAH_p3
１０月１０日　１７：３０\n＃＃　Ｓ\n＃＃　Ｏ　ＩＣ記録　○○ＤｒよりＡ様　長男、長女に対するＩＣ　同席：□×Ｎｓ　経口摂取困難についてと、今後の栄養接種方法についてのＩＣ　誤嚥性肺炎にて、入院のＡ様についてＳＴ介入し、経口摂取が困難である為同意のもとＶＦを行い嚥下評価を行った結果嚥下機能は低下しており経口による摂取が困難であると主治医よりＩＣを行った。原因としては加齢と癌の闘病による体力と筋力の低下によるものと説明を行った。今後取れる手段としては以下の５点を説明した。①抹消静脈による点滴　→　投与できる栄養には限界があり徐々に全身状態が落ちていく事が説明した。②中心静脈による栄養　→　抹消静脈よりも栄養価もカロリーも高いが認知力が低下しており抜去によるリスクが高い為に終日抜去を避けるための抑制が必要になる可能性が高い事を説明した。③胃ろうによる栄養　→　一般的な胃ろうの説明を行い、手術が必要である事を説明した。④ＮＧチューブ夜栄養　→　経鼻的に経管栄養を行う事と、やはり抜去リスクがあるために抑制を行う必要がある事を説明した。⑤その他　誤嚥リスクを承知で食事を続ける。窒息のリスクが非常に高いが、本人はそれを希望していること、医療者がそばにいても窒息からの死亡を防ぐことが困難である事を説明した。以上を説明したうえで、家族から質問がありＤｒ個人としては自分の場合は⑤を家族にお願いするであろうこと。それが個人的にはＱＯＬが高いであろうと思っていることを伝えた。正解はない事、医師によっても意見が分かれることも改めてお伝えしたうえで家族で話し合いを行い来週中に返答を頂けく事となった。\n＃＃　Ａ\n＃＃　Ｐ\n,"['嚥下障害', '誤嚥性肺炎', 'がん', '筋力低下', '認知症']",NUM-0060
救急外来での検査中、麻痺の進行は認めず、外固定のまま翌日待機的に後方固定術施行の方針となった。\n入院当日よりステロイドパルス療法を開始とした。\n第２病日にはT9-T12後方固定術を施行した。\n第3病日より、ギャッジアップ開始。\n第４病日より硬性コルセットを装着したうえで、ベッド上端坐位のリハビリを続けた。第14病日に撮像のX線では、術後の固定性は良好であり、リハビリ病棟に転棟となった。\n両下肢の筋力低下はMMT2程度までの改善は認めたものの、立位や補助具を用いた歩行は困難であり、また臍部以下の感覚障害も残存する形となった。\n自己排尿および排便は困難であり、膀胱留置カテーテル留置のうえ、排便コントロールについては家族に入念な指導を行った。\n本人、家族からも麻痺が残存するのであれば早期の退院を希望するとのことで、第33病日に車いすで自宅退院となった。\n,"['筋力低下', '歩行不能', '感覚障害', '排尿困難', '排便困難']",06_118F64-66_胸髄損傷
"S (挿管中)\nプロポフォール 120mg/dlで鎮静、フェンタニル 40μg/hで鎮痛、RASS -4〜-5\n瞳孔径 2mm/2mm 対光反射緩慢\nスパイナルドレーン ( 0cmH2O)  200ml/day 血性排液\n頭部CT：明らかな新規脳出血なし\n人工呼吸器使用中、モード　A/C PC f 18 PIP 15 PEEP 7 FiO2 40% Ti 1.20\nTV 400ml MV 7.2L/min \nP/F 280 pCO2 32 Torr\nレントゲン：肺水腫を疑う血管陰影増強なし、胸水なし\nベニジピン 8ml/hで投与、HR 80 /min,  BP 110/70 mmHg \nHr 150ml/h Lac 2.0 mmol/L\n入室からのIn out balance +1200ml\n経管栄養 10ml/h 360kcal 蛋白22g  \n排便なし\n利尿薬 間欠的に静脈内投与\nK 3.2 mEq/L K製剤点滴投与し補正中\n輸血需要なし\n血糖安定 スライディングスケール管理\n抗菌薬：なし\nSU prophylaxis PPI ivq12h\nDVT prophylaxis ヘパリンCa皮下注 5000IUq12h\nA/P\nWFNS GradeⅣ (GCS E3V2M5) の前交通動脈瘤破裂によるくも膜下出血に対して緊急コイル塞栓術を施行しICU入室。1POD。\n頭部CTフォローし明らかな新規出血なく、脳血管攣縮予防のピヴラッツを開始した。\nまたスパイナルドレーンの排液も大きな問題なし。\nピヴラッツ開始に伴う肺水腫に配慮してIn out balanceは+500〜+1000ml程度を目標とする。\n現時点で肺水腫を疑うレントゲン所見は認めていない。利尿薬も適宜併用とする。\n本日より少量経管栄養を開始。\n3PODから鎮静深度を下げて抜管を狙う。\n\n","['鎮静', '瞳孔対光反射試験異常', '処置後ドレーン排液持続', '体液貯留', '非経口栄養', '処置後便秘', '意識レベルの低下', '動脈瘤破裂', 'くも膜下出血']",04_118E41-42_SAH_p1
"S　昨日からお腹が痛い。\nO 体温37.2℃。心拍数144/分、整。血圧86/60mmHg。呼吸数22/分。SpO2 99％（マスク5L/分 酸素投与下）。\n腹部は板状硬で筋性防御を認める。\n血液検査：赤血球599万、Hb 19.0g/dL、Ht 55％、白血球12,000（分葉核好中球87％、好酸球0％、好塩基球0％、単球2％、リンパ球11％）、血小板19万、PT-INR 1.2（基準0.9～1.1）。総蛋白5.6g/dL、アルブミン3.3g/dL、総ビリルビン0.7mg/dL、AST 24U/L、ALT 18U/L、LD 204U/L（基準124～222）、ALP 46U/L（基準38～113）、γ-GT 29U/L（基準13～64）、アミラーゼ235U/L（基準44～132）、CK 632U/L（基準59～248）、尿素窒素33mg/dL、クレアチニン2.2mg/dL、尿酸16.4mg/dL、血糖206mg/dL、HbA1c 6.0％（基準4.9～6.0）、Na 137mEq/L、K 4.4mEq/L、Cl 98mEq/L、Ca 8.7mg/dL。CRP 40mg/dL。\n肺野条件の腹部CTではfree airを認める。\nA/P 昨日からの腹痛のため、救急搬送された。身体所見では腹膜刺激症状を認める。採血でも炎症反応は著明に高値であり、腹部CT検査でfree  airを認めることから消化管穿孔の診断。本日中に緊急手術を行う。\n\n","['腹痛', '心拍数増加', '血圧低下', '腹部硬直', '赤血球数増加', 'ヘモグロビン増加', 'ヘマトクリット増加', '白血球数増加', '好中球増加症', '好酸球減少症', '好塩基球減少症', '単球減少症', 'リンパ球減少症', '凝血異常', '総蛋白減少', '血中アルブミン減少', 'アミラーゼ増加', '血中クレアチンホスホキナーゼ増加', '血中尿素増加', '血中クレアチニン増加', '血中尿酸増加', '高血糖', '血中カルシウム減少', 'Ｃ−反応性蛋白増加', '気腹', '腹壁反跳痛', '炎症', '消化管穿孔']",11_118A57_穿孔性腹膜炎_p1
＃胃体部癌、3型、HER2陰性\n＃肺転移\n2024/7/1-　SOX\n\n7/1入院精査、SOX導入、7/14退院\n有害事象はオキサリプラチンでの軽度末梢神経障害のみ\n\n2024/1から胸やけ、食欲不振\n5から呼吸困難、GFで胃癌\n既往内服なし\n喫煙：20歳から20本、入院2週前から禁煙\nHb9.1、Alb3、ALP200、CEA12.4、CA19-9 85.3\n\n肺転移：両肺に散在\nCT：胃体部肥厚、肝転移なし,"['胃癌', '肺転移', '末梢神経不全麻痺', '胃食道逆流性疾患', '食欲減退', '呼吸困難', '胃癌', '貧血', '栄養状態異常', '腫瘍マーカー上昇', '腫瘍マーカー上昇']",117B43-44_進行胃がん-B
S：\n昨日の夜から体がかゆくて、良くなるかと思ったんですけど、どんどん悪くなってきている\nかゆいとか痛いはあまりない\n\nO：\n体温36.8℃。脈拍68/分、整。血圧112/68mmHg。呼吸数16/分。SpO2 98％（room air）\n\n体幹を中心に、融合傾向を示す紅斑が多発\n\nA/P：\n＃薬疹の疑い\n術後18日目に抗菌薬をセファゾリンからケフレックス500mg4T4Xに変更\n術後28日目に体幹を中心に、融合傾向を示す紅斑が多発\n→ケフレックスを被疑薬とした薬疹と考え、オグサワに変更\n\n\n＃右変形性膝関節症（TKA術後　28POD）\n＃術後感染\n＃術後PE\n\n術後感染→リオペにて洗浄デブリ後\nリオペ後2日で歩行訓練開始としたところ、突然の胸痛と呼吸困難が出現し、胸部造影CTでPEの診断\n\nICUにて細胞外液の急速投与、およびヘパリンナトリウム5000単位のボーラス投与に続いて1000単位/hrの持続投与を開始した。\n速やかにショック状態は解除されたことから、血栓溶解療法の適応はないものとして、抗凝固療法を継続\n\n入室5日目には循環動態の安定を確認し、ヘパリンからリクシアナ60mg1T1Xに変更\n入室7日目には一般病棟に転棟となった。\n\n,"['そう痒症', '疼痛', '紅斑性皮疹', '変形性関節症', '処置後感染', '肺塞栓症', '胸痛', '労作性呼吸困難']",05_118F61-63_術後PE_p4
１１／８／２１　１６：００\n＃＃　Ｓ　検査（ＣＡＧ・下肢造影）は無事に終わっけど、急にこの辺が痛くなってきて\n＃＃　Ｏ　ＣＡＧでは有意狭窄なし　穿刺部圧迫止血中であり出血やしびれなし　頭骨Ａ触知可能　冷汗あり　皮膚湿潤あり　顔色不良　上腹部疼痛あり　ＮＲＳ：８　ＨＲ：８０代同調律　ＳＴ変化なし\n＃＃　Ａ　過度な上腹部痛が突然出現しており、心電図計測結果より心臓要因の可能性が低く、消化器要因の可能性が高い。\n＃＃　Ｐ　主治医へ報告しＣＴ検査オーダー依頼する。卓上モニター設置し、ルート２本・採血採取する\n,"['疼痛', '冷汗', '蒼白', '上腹部痛']",NUM-0024
９月３０日　１３：００\n＃＃　Ｓ　ちょっと動きずらいですね。動かさなければ痛くないです。\n＃＃　Ｏ　ＰＭ埋め込み術後２日目　ＤＤＤ：７０－１３０　ペーシング不全無し、センシング不全無し、吃逆なし。バストバンドのずれあり、介助にてバストバンドの再固定を行う。上記Ｓあり。創部の痛み無し。胸部症状なく経過している。\n＃＃　Ａ　二度房室ブロック→ＰＭ埋め込みの患者様。ＰＭ埋め込み後、トラブルなく経過している。胸部症状もなく安定している。\n＃＃　Ｐ　胸部症状、心電図波形観察継続していく。\n,"['医療機器使用部位運動障害', '医療機器位置異常', '第二度房室ブロック', '心臓ペースメーカー挿入']",NUM-0056
"上記の経過で入院となった。\n高血圧性心不全の診断で利尿薬、降圧薬調整を開始した。また、二次性高血圧の精査を開始した。第2病日は尿量流出良好であり、酸素化は改善がみられ、食事を開始した。内服も可能となったためARB,MRA,SGLT2を開始した。降圧は不十分であり、第3病日にニフェジピンを導入した。全身状態が安定してきたため第4病日にβ遮断薬を導入した。第5病日に酸素需要はなくなった。二次性高血圧について精査を行った血液検査では明らかな異常はみられず代謝異常は積極的に疑わない。腎動脈の狭窄は否定できず退院後造影CTを検討している。β遮断薬投与したが安定したため第7病日に増量した。\n塩分摂取は過多であったことより、栄養指導を家族へ行い食事改善を促した。内服に切り替えたが全身状態増悪なく安定していたため、第10病日に退院とした。\n","['高血圧性心疾患', '酸素飽和度異常']",18_118D25_高血圧性心不全
S (挿管中、呼びかけに頷きあり)\nO \nデクスメデトミジン 0.4μg/kg/h フェンタニル 40μg/hで鎮痛、RASS 0〜-1\n人工呼吸器使用中、モード　A/C PC f 15 PIP 10 PEEP 5 FiO2 40% Ti 1.20\nTV 450ml MV 6.75L/min \nP/F 280 pCO2 34Torr\n胸部レントゲンで両側胸水、無気肺\nHr 150-200ml/h Lac 1.0\n入室からのIn out balance +2000ml\n腹部正中創 開創 感染徴候なし 膀胱内圧 7mmHg\n左横隔膜下ドレーン 50ml/day 漿液性　骨盤底ドレーン 90ml/day 淡々血性\n排便なし\n利尿薬投与中、低K血症点滴補正中 60 mEq/L/day\nHb 10.0 PLT 27万 Fbg 350 輸血需要なし\n抗菌薬：使用なし\nSU prophylaxis PPI ivq12h\nDVT prophylaxis 低分子ヘパリン 2000IUq12h 投与開始\nA/P\n2POD。SATを行いクリア。\n大量輸血により体液過剰であり、呼吸器設定はまだweaningが必要である。\n利尿薬の投与を開始、低K血症が進んできたため補正投与を開始した。\n出血はコントロール出来ていそうであり、低分子ヘパリン開始。\n今後、SBTクリアしたら抜管、ドレーン抜去も検討。\n\n,"['術後呼吸不全', '疼痛', '低酸素症', '胸水', '無気肺', '処置後ドレーン排液持続', '処置後便秘', '低カリウム血症', '術後貧血', '処置後出血', '体液貯留', '術後呼吸不全']",02_118C66-68_脾損傷_p2
１１／８／２１　１０：００\n＃＃　Ｓ　寝たらしんどいけど座ってたら楽\n＃＃　Ｏ　座位呼吸　呼吸困難感なし　ＲＲ：１８回／分　ｓｐｏ２：９６％　頸静脈怒張なし　両下肢浮腫あり\n＃＃　Ａ　うっ血症状あり、モニタリングに注意が必要\n＃＃　Ｐ　呼吸状態及び、循環動態の変化に注意し観察していく。\n,"['呼吸困難', '浮腫']",NUM-0021
１０月２日　１１：００\n＃＃　Ｓ　これつけなくちゃだめなの？いやだな。\n＃＃　Ｏ　圧迫骨折後の患者様。ハードコルセット到着し、装着の補助行う。自力での装着は困難であり、介助が必要である様子。装着時のみベッド上安静の指示介助となることを説明すると上記Ｓあり。改めて、病状を説明しコルセット無い状態では更なる骨折が進行するリスクあり、神経の圧迫を招くことを説明し、納得いただく。\n＃＃　Ａ　圧迫骨折後のハードコルセット装着開始となる。ベッド上安静からＡＤＬ拡大に伴って転倒転落リスク高まる。安全に行動できると判断できるまで、見守り下にて行動するようコルセット脱着時、ベッドから離れる際はナースコール使用して看護師の付き添うこととした。４０台と年齢若い為に慣れは早いと思われるがその分無理な動きで負荷をかける可能性が高いと考える。慎重に動いて頂くよう指導、繰り返していく事とする。\n＃＃　Ｐ　プラン変更　ＥＰの項目追加とする。\n,"['圧迫骨折', '医療機器装着の問題']",NUM-0057
入院後に精査の結果、HER2陰性の進行胃癌であり、肺転移を認めた。すでに手術の適応はなく、化学療法を行うこととし、SOX療法（S-1＋オキサリプラチン）を導入した。副作用である嘔気対策として、グラニセトロンやデカドロンを併用した。オキサリプラチンによる軽度の末梢神経障害を認めたが、日常生活に支障を来すほどではなく、投与継続は可能と判断した。そのほかに特記すべき有害事象の発生はなく、食事摂取量も安定したため、第14病日に退院した。,"['胃癌', '肺転移', '悪心', '末梢神経不全麻痺', '食欲減退']",117B43-44_進行胃がん
"S かなり元気になってきました。リハの先生にも太鼓判を押してもらいました。出来れば自宅に帰りたいです。\nO\nGCS E4V5M6\n瞳孔径 3.5mm/3.5mm 対光反射迅速\nRR 15 /min, HR 70 /min,  BP 132/80 mmHg, SpO2 96%(室内気) BT 37.1℃\n明らかな脳神経学的異常所見なし 四肢麻痺なし\n経口摂取　常食9割\n排便あり\n血液検査：特記すべき異常所見なし\n頭部MRI：動脈瘤再発なし、MRAで脳血管異常なし\nリハビリ：PT 階段昇降可　ST　短期記憶障害残存\nA/P\nWFNS GradeⅣ (GCS E3V2M5) の前交通動脈瘤破裂によるくも膜下出血に対して緊急コイル塞栓術を施行しICU入室。29POD。\nフォローの頭部MRI/MRAでは動脈瘤の再発等の異常所見を認めなかった。\nADLは自宅退院可能な状態まで改善し、本人の希望も強いため、明後日自宅退院の方針。\n\n","['瞳孔対光反射試験正常', '記憶障害', '動脈瘤破裂', 'くも膜下出血']",04_118E41-42_SAH_p5
８月１６日　１３：３０\n＃＃　Ｓ　家でゆっくり過ごしたい。家の事は夫がやるので大丈夫です。\n＃＃　Ｏ　乳癌末期にて終末期を自宅にて過ごしたいとの希望があり調整中。疼痛コントロールやや不良。食欲がない日も多く食事摂取量は減少している。内服について自己の思いやこだわりがある。入院前は夫が中心に介護をしていた。家事や介護等について、夫がやってくれて当たり前という思いの表出あり。\n＃＃　Ａ　終末期であり本人の悲しみやストレスは大きい。在宅での希望があるが、自宅でどのように過ごすかや体調不良時のイメージはついていない様子である。また夫が全てやるという言葉などから、夫への負担が大きく今後夫のストレスが増大すると思われる。内服の調整やオピオイド、疼痛コントロールを解決し在宅に移るのが望ましいと思われる。\n＃＃　Ｐ　在宅でのサポート体制を検討し調整する。体調悪化時や食欲不良が続く時など受診の目安を検討し説明する必要がある。内服・疼痛コントロールを検討する。\n,"['乳癌第４期', '疼痛', '食欲減退', '悲嘆反応', 'ストレス']",NUM-0013
"S　少し楽になりました。\nO　BP 140/78mmHg HR 90bpm BW 85kg SpO2 95%(6Lマスク) 尿量 1000ml/6h\n心エコー　EF 70%(eyeball),有意な弁膜症なし, IVC 22mm RV(-)\nA/P \n#高血圧性心不全\n# HT\nラシックス1Aで尿量流出良好。胸水貯留は著明であり、2A2xで行っていく。血圧高値であり、外来でニトロを導入し現在8mL/hで安定している。明日、二次性高血圧の精査を含めたL/Dを提出予定。内服は明日朝よりアジルバ20mgから開始。酸素投与量が減り食事開始すればMRA、SGLT2を開始する予定。退院までにβblckerを導入する。\n\n","['高血圧', '酸素飽和度低下', '高血圧性心疾患', '胸水']",18_118D25_高血圧性心不全_p1
１０月１０日　１４：００\n＃＃　Ｓ　うっうっ…\n＃＃　Ｏ　１８トリソミー、３歳女児、気管切開にてカニューレ挿入している。ここ数日Ｓｐｏ２：９０％程度に低下することが頻回にあり、黄色の粘稠炭が少量〜緩めの痰が中量吸引された。気管カニューレ交換日であったため、カニューレ内観察すると痰の乾いた塊が内筒を囲み直径がやや狭まっていた。\n＃＃　Ａ　乾燥や痰の性状にて痰が粘稠しやすく、塊になり気管カニューレが閉塞ぎみであったと思われる。小児であり気管カニューレの大きさも小さく、閉塞にはより注意が必要であった。年齢が低いことや、気管切開にて発声が乏しい事から言語から女児の快・不快や苦痛等に気づくことが難しいため、表情や機嫌から察知する必要がある。\n＃＃　Ｐ　湿度を上げ乾燥を防ぐ必要あり。頻回なＳｐｏ２低下や痰の性状によっては気管カニューレの交換頻度を検討する。\n,"['１８トリソミー', '酸素飽和度低下', '医療機器閉塞', '発声障害']",NUM-0015
S 体調はいいです。\nO　体温36.6℃。心拍数70/分、整。血圧106/60mmHg。呼吸数14/分。SpO2 98％（room air）。\nアルブミン3.4g/dL、総ビリルビン2.6mg/dL、AST 64U/L、ALT48U/L、γ-GT 60U/L、アンモニア62μg/dL（基準18～48）\nA/P 意識レベルはクリアであり、家族も普段と同じと言っている。排便もあり、経過は良好のため、明日退院とする。\n\n,"['血中アルブミン減少', '血中ビリルビン増加', 'アスパラギン酸アミノトランスフェラーゼ増加', 'アラニンアミノトランスフェラーゼ増加', 'γ−グルタミルトランスフェラーゼ増加', 'アンモニア増加']",13_118B41-42_肝性脳症_p4
 身体所見で、黄疸やくも状血管拡張、手掌紅斑、脾腫などを認め、血液検査で血小板減少や肝障害、アンモニア血症を認めることから、肝硬変が疑われる。数日前からの意識障害は、高アンモニア血症があることから肝性脳症によるものと考えられ、精査加療目的に入院した。1週間前からの便秘が肝性脳症の誘因になった可能性があるため、入院時よりラクツロースを開始した。また、BCAA製剤を併用し、タンパク制限食を開始した。第3病日より意識障害は徐々に改善を認め、異常行動も消失した。アンモニア値も低下し、経過は良好だった。排便コントロールも良好であり、第10病日に退院した。なお、肝硬変の原因として非アルコール性脂肪性肝疾患が疑わしく、外来で治療を行うこととする。\n,"['黄疸', 'くも状母斑', '手掌紅斑', '脾腫', '血小板減少症', '肝障害', '高アンモニア血症', '肝硬変', '意識変容状態', '肝性脳症', '便秘', '異常行動', 'アンモニア増加']",13_118B41-42_肝性脳症
"S 糸が抜けて、いよいよ退院できると思うと嬉しいです。\nO\nGCS E4V5M6\nRR 16 /min, HR 80 /min, BP 130/70 mmHg, SpO2 98%(室内気)\n腹部平坦軟 自発痛、圧痛なし\n腹部正中創　癒合良好　全抜糸\n食事：経口摂取 常食10割\n排便排ガスあり\nリハビリ　階段昇降可\nA/P\n#右腎損傷\n腎臓摘出術後15POD。本日全抜糸。\nリハビリ状況も良く、明後日自宅退院の方針。\n\n",['腎損傷'],15_118C50_腎損傷_p5
来院前日からの腹痛と嘔吐を訴えて受診した。身体所見では腹部の板状硬と筋性防御があることから、腹膜刺激症状を認める。血液検査でも著明な炎症反応の上昇があり、腹部CT検査でfree airを認めることから消化管穿孔と診断し、第1病日に緊急手術を行った。術中所見より穿孔部は十二指腸の球部であると判断して、穿孔部の吻合と腹腔内の洗浄を行なった。手術後はICUに入室した。呼吸や循環動態は安定しており、第2病日に一般病棟に転棟した。離床も行い、第3病日より食事を開始した。排便、排ガスもあり、徐々に食上げを行った後も経過は良好だった。第7病日にドレーンを抜去した。腎機能や炎症反応の改善も順調であり、リハビリののちに第18病日に退院した。\n,"['腹痛', '嘔吐', '腹部硬直', '腹壁反跳痛', '炎症', '気腹', '消化管穿孔']",11_118A57_穿孔性腹膜炎
"S 退院でいいみたいです。精神科の通院はあった方が自分としても安心で気持ちが落ち着きます。\nO\nGCS E4V5M6\n瞳孔径 3.5mm/3.5mm 対光反射迅速\nRR 14 /min, HR 65 /min,  BP 116/69 mmHg, SpO2 96%(室内気)\n特記すべき身体所見なし\nA/P\n＃自殺企図\n精神状態は安定しており、現在は希死念慮もなし。\n精神科リエゾンチーム介入あり、自宅退院可能であり精神科外来フォローの方針となっている。\n明日退院予定。\n\n＃有機リン中毒 加療後\n＃人工呼吸器関連肺炎 加療後\n\n",['自殺企図'],08_118F70-72_有機リン中毒_p5
"S コレステロールの数値が高いって言われて薬を出されたんです。\nO\n意識清明\nRR 16 /min, HR 60 /min, BP 130/80 mmHg, SpO2 96%(室内気) BT 36.5℃\n尿量 1200ml/day\n\n血液検査：AST 15U/L、ALT 10U/L、尿素窒素 13mg/dL、クレアチニン 0.74mg/dL、Na 138mEq/L、K 3.9mEq/L、Cl 103mEq/L、CK 370U/L、Hb 11.6g/dL、Ht 35％\n\nA/P\n#Ⅳ度熱中症\nactive coolingで加療を行い、遷延する意識障害のフォローおよび横紋筋融解症のフォロー目的に入院となった。\n経口摂取開始し摂取良好のため輸液は中止。\n元の内服薬でスタチンを内服していたことが判明し、誘因の可能性もあることからスタチン中止し、ゼチーア開始とした。\n\n","['血中コレステロール増加', '血中クレアチンホスホキナーゼ増加', '熱中症', '横紋筋融解症']",16_118C59_熱中症_p4
１０月３日　９：３０\n＃＃　Ｓ　よろしくお願いします。入院は初めてなので，ちょっと緊張してます。\n＃＃　Ｏ　本日，ＴＵＲ－Ｂｔ目的のため入院。既往歴なし，内服薬なし。表情ややこわばりあるも，笑顔で話される。\n＃＃　Ａ　現在質問は聞かれないが，初めての入院であり，今後不明点が出てくる可能性あり。\n＃＃　Ｐ　入院時オリエンテーション，術前オリエンテーション実施\n,['緊張'],NUM-0063
"28歳男性\n2024年5月　腹痛悪心で救急受診　急性虫垂炎にたいして緊急ラパアッペ\nとくに既往なし\n術前初見　白血球10,200（好中球85％\n腹部は平坦で、右下腹部に圧痛を認めるが反跳痛なし\nCT：虫垂の腫大と壁肥厚を認め、周囲の脂肪織濃度上昇\n術中所見　穿孔や膿瘍形成なし\n術後経過良好。POD1食事開始POD４で退院","['腹痛', '悪心', '虫垂炎', '腹部圧痛', '肥大', '消化管壁肥厚', '脂肪織炎']",117B41-42_急性虫垂炎-A
９月１７日　２２：００\n＃＃　Ｓ　いや、大丈夫。大丈夫。ちょっと滑っただけだから。大げさにしないでよ。\n＃＃　Ｏ　ガシャン！という、物音あり。訪室すると、ベッド脇に座り込んでいる姿を発見する。何があったのかたずねるとトイレに行きたくて、ベッドから立ち上がろうとした際に足がもつれてしりもちをついてしまったとの事。二人がかりで抱え上げてベッドに戻す。打撲個所の痛み無し、変色無し、圧痛なし。本人の訴える打撲以箇所以外の変色、圧痛も見られない。当直Ｄｒへコール。診察の結果、大きな問題なしと経過観察指示となる。歩行制限もなし。疼痛や変色などの変化あった場合は改めてＤｒコールの指示となる。\n＃＃　Ａ　元々はウイルス性胃腸炎で入院の患者様。クリアな方であり、痛みや症状の把握もある程度自分で行える方であるが、多少の痛みなど我慢してしまう傾向ある方。本人の言葉を鵜呑みにせずバイタルサインの変化、動きなどから疼痛の様子観察していく。\n＃＃　Ｐ　転倒転落リスク再評価、転倒転落プラン立案とする。\n,"['転倒', '挫傷', 'ウイルス性胃腸炎']",NUM-0052
"S (挿管中)\nプロポフォール 80mg/dlで鎮静、フェンタニル 40μg/hで鎮痛、RASS -2〜-3\n瞳孔径 1mm/1mm 対光反射なし\n人工呼吸器使用中、モード　A/C PC f 15 PIP 12 PEEP 6 FiO2 30% Ti 1.00\nTV 380ml MV 5.7L/min \nP/F 330 pCO2 37 Torr\nカテコラミン使用なし、HR 70 /min,  MAP 75mmHg程度 Hr 60ml/h Lac 1.8 mmol/L\n入室からのIn out balance +4000ml\n経管栄養 10ml/h 360kcal 蛋白22g  \n排便なし\nコリンエステラーゼ〈ChE〉10 U/L\n電解質異常なし\n輸血需要なし\n血糖安定 スライディングスケール管理\n抗菌薬：なし\nSU prophylaxis PPI ivq12h\nDVT prophylaxis ヘパリンCa皮下注 5000単位q12h\nアトロピン 6mg/hで持続投与中\nA/P\nコリンエステラーゼ低値から有機リン中毒を疑い、活性炭投与、アトロピン持続投与を開始している。\nやや体動が見られ始めたため、プロポフォールによる鎮静を開始。\n呼吸は人工呼吸器管理で安定、プロポフォール開始し洞性頻脈も改善した。\nコリンエステラーゼは変わらず低値であり、アトロピン投与量を増量。\n経管栄養開始したがアトロピンにより腸管蠕動低下が予想され、活性炭投与後に排便ないため、腸管蠕動亢進薬、緩下剤を内服で追加し排便管理を行う。\nその他のsystemは大きな問題なし。引き続きICU管理を継続。\n\n","['鎮静', '縮瞳', '瞳孔対光反射試験異常', '血中乳酸増加', '体液貯留', '便秘', '血中コリンエステラーゼ減少', '化学物質中毒', '消化管運動低下']",08_118F70-72_有機リン中毒_p2
S (気管挿管中)\nO \n頭位30°保持\nプロポフォール 160mg/hで鎮静、フェンタニル 40μg/hで鎮痛、RASS -5\n瞳孔径 2-/2-\n皮下ドレーン 30ml/day 旧血様\n頭部CT：MLSなし、血腫増悪なし、脳浮腫わずかに増悪あり\n人工呼吸器使用中、モード　A/C PC f 12 PIP 15 PEEP 5 FiO2 40% Ti 1.20\nTV 500ml MV 6.0L/min \nP/F 350 pCO2 35 Torr\nカテコラミン使用なし、MAP 85mmHg Hr 100ml/h Lac 1.7\n入室からのIn out balance +4000ml\n経管栄養開始　10ml/h 360kcal タンパク量 22g/day\n排便なし\n3%NaCl投与中 Na 150程度で経過\n血糖 150mg/dl程度で推移、スライディングスケールで対応中\nHb 12.0 PLT 15万 Fbg 250 輸血需要なし\n抗菌薬：周術期にCTRX使用あり、本日終了\nSU prophylaxis PPI ivq12h\nA/P\nT&Dの急性硬膜下血腫に対して緊急開頭血腫除去術 1POD。\nICPモニターなしでの管理だが、CTではわずかに脳浮腫が見られる程度でICP高値の懸念はない。脳浮腫のピークまでは深鎮静管理としておく。\n呼吸器系には問題なく、pCO2 35-40 Torr程度で管理する。\n術前にLac上昇があったが、術後に改善傾向となっている。尿量も十分量得られている。\nCPPを考慮し、MAP>80mmHgを目標としているが達成できている。\n経管栄養を開始。目標エネルギーの80％程度を目指して漸増していく。\nICP上昇を避けるため、Naは150-155mEq/Lを目標に3%NaClを用いてコントロールする。\n血糖値は至適範囲に入っており、スライディングスケール対応とする。\n今後の予定として、脳浮腫ピーク過ぎた4PODあたりで頭部CTフォローし、その後抜管を目標にする。\n\n,"['昏睡', '縮瞳', '処置後ドレーン排液持続', '脳血腫', '脳浮腫', '体液貯留', '高ナトリウム血症', '高血糖', 'ヘモグロビン減少', '硬膜下血腫', '脳浮腫', '尿中乳酸増加']",14_118B43-44_急性硬膜下血腫_p1
１１月５日　１１：００　＃＃　Ｔ　ｂｔ４０℃\n＃＃　Ｓ　「うー、うー」\n＃＃　Ｏ　訪室すると呻吟あり、発汗、体熱感著名である。ｂｔ４０℃、ｐ１２０回、ｂｐ８８／６６ｍｍｈｇ、ｓｐｏ２　９６％、肺雑音聴取されず。胸部ｘｐ異常なし、尿一般検査異常なし。ｃｖ刺入部から排膿あり。\n＃＃　Ａ　感染兆候あり、カテーテル感染が考えられる。\n＃＃　Ｐ　ｄｒ報告しｃｖカテーテル抜去\n,"['発熱', '呻吟', '発汗熱', '熱感', '捻髪音', '化膿', 'カテーテル留置部位感染', '中心静脈カテーテル除去']",ＮＵＭ－０００５
S　ありがとうございました。\nO 腹部は平坦、軟。圧痛なし。\n体温36.4℃。心拍数58/分、整。血圧108/54mmHg。呼吸数14/分。SpO2 99％（room air）。\nA/P 十二指腸穿孔に対して術後17日目、経過良好であり、本日退院とする。\n退院後もPPIは継続しておく。\n十二指腸潰瘍の原因精査目的としてピロリ菌感染の有無については外来で精査加療を行う。\n\n,"['十二指腸穿孔', '十二指腸潰瘍']",11_118A57_穿孔性腹膜炎_p5
１０月２５日２３；００　＃＃　Ｔ　腎生検前の不安\n＃＃　Ｓ　明日検査なんですよね・・・。先生は背中に太い針を刺すと言ってましたが、痛いんでしょうか。正直怖いです。どうしてもしないといけないんでしょうか。\n＃＃　Ｏ　ＩｇＡ腎症疑いの為、明日腎生検予定。うつ病の既往あり。\n＃＃　Ａ　検査に対する恐怖や不安が強く、誰かに話を聴いてもらいたい様子。検査の必要性は理解されているが、できることならしたくないという思いも強い。\n＃＃　Ｐ　ベッドサイドで気持ちの傾聴を行う。\n,"['不安', '恐怖']",NUM-0043
S　おはようございます。昨日は便が出ました。食欲もあります。\nO  体温36.0℃。心拍数72/分、整。血圧110/60mmHg。呼吸数16/分。SpO2 98％（room air）。\nアルブミン3.2g/dL、総ビリルビン2.8mg/dL、AST 64U/L、ALT48U/L、γ-GT 62U/L、アンモニア70μg/dL（基準18～48）\nA/P 意識レベルは改善してきており、経過は良好。食事摂取もできており、アミノレバンの点滴は終了して、リーバクトの内服に変更する。\n1日1回の排便があり、コントロールは悪くない。引き続き排便コントロールを行う。\n\n,"['血中アルブミン減少', '血中ビリルビン増加', 'アスパラギン酸アミノトランスフェラーゼ増加', 'アラニンアミノトランスフェラーゼ増加', 'γ−グルタミルトランスフェラーゼ増加', 'アンモニア増加', '意識レベルの低下']",13_118B41-42_肝性脳症_p3
