file_id,type,input_text,simplified_text
JP0217-100,train,"症例は７０歳，男性．
血疾を主訴に当院紹介となり，ＣＴ・気管支鏡検査の結果，非小細胞肺癌と診断された．
その後，放射線化学療法（Ｓ－１ ＋ ＣＤＤＰ療法）が導入され，２コース施行後の維持療法としてデュルバルマブ療法（抗ＰＤ－Ｌ１抗体療法）を行ったところ，発熱と炎症反応上昇を認めたため抗ＰＤ－Ｌ１抗体投与５日後からＬＶＦＸ投与を開始した．
ＬＶＦＸ投与３口目の採血で肝機能障害と炎症反応の更なる上昇を認めたため造影ＣＴを施行したところ，肺癌に対する放射線治療の照射範囲に含まれる肝臓領域に多発する造影効果が乏しい小腫瘤を認めた．
経過から多発肝膿瘍または肺癌の多発肝転移を疑い，肝腫瘍生検を施行したところ，病理組織所見は凝固壊死と思われる肝細胞壊死を散見し，明らかな肺癌の肝浸潤所見は認められなかった．
血液培養も施行したが菌は検出されなかった．
以上の結果から炎症による多発肝腫瘤と判断し，抗生剤投与を継続したところ抗生剤投与開始から１週間後には炎症反応の改善を認めた．
しかし，同時期に施行したＥＯＢ－ＭＲＩでは多発肝腫瘤は残存していた．
２ヶ月後に施行したＣＴでは肝腫瘤の減少を認め，３ヶ月後のＣＴではほぼ肝腫瘤は消失していた．
考察：非小細胞肺癌に対する放射線化学療法施行後の抗ＰＤ－Ｌ１抗体投与が影響したと思われる壊死性多発肝腫瘤の１例を経験した．
近年，抗ＰＤ－Ｌ１抗体を含めた免疫チェックポイント阻害薬は様々な癌種に使用されるようになっているが，使用経験は浅く，その副作用に関しても十分判明していない．
本症例の病理組織は免疫チェックポイント阻害薬による自己免疫的な機序よりは放射線化学療法による肝障害を疑う所見であったが，放射線化学療法のみで照射範囲の肝臓に壊死性の多発肝腫瘤が出現することは極めて稀である．
このため本症例では放射線化学療法に加え，抗ＰＤ－Ｌ１抗体を投与したことが壊死性多発肝腫瘤発生に影響を及ぼした可能性が高いと考えた．
結語：非小細胞肺癌に対する放射線化学療法施行後の抗ＰＤ－Ｌｌ抗体投与が影響したと思われる壊死性多発肝腫瘤の１例を経験した．
これまで同様の報告は存在せず興味深い症例と思われ報告する．","患者さんは，７０歳，男性です。
血液の病気のため当院に紹介となり、CTと気管支鏡検査（気管支内の内視鏡検査）の結果、非小細胞肺がん（肺がんの一種）と診断されました。
その後，放射線化学療法（放射線と抗がん剤を組み合わせた治療）を開始しました。Ｓ－１ ＋ ＣＤＤＰ療法（エスワン錠とシスプラチンという抗がん剤を使用する治療）を２回終了後、維持療法（治療効果を維持するための治療）としてデュルバルマブ療法（抗ＰＤ－Ｌ１抗体療法：免疫療法を活性化してがんを攻撃できるようにする治療）を行ったところ，発熱と炎症反応の上昇を認めたため，抗ＰＤ－Ｌ１抗体を開始した５日後からＬＶＦＸ（抗菌薬の一種）の使用を開始しました．
３回目のＬＶＦＸの服用後、採血で肝臓の機能低下と炎症反応の更なる上昇を認めたため造影ＣＴ（造影剤を使用することにより病気の部分を見えやすくするCT）の検査を行い，肺がんの治療のため放射線を照射した範囲を含む肝臓の領域に多数の小腫瘤（小さなしこり）を認めましたが，造影剤の使用により腫瘤の影が強調される効果は得られませんでした．
これまでの経過から多発肝膿瘍（肝臓に膿の貯まっている箇所が多数あること）、または肺がんの多発肝転移（肝臓に多数の転移があること）を疑います。肝腫瘍生検（肝臓の腫瘍に針を刺し、組織の一部を採取する検査）を行ったところ，顕微鏡で見た結果では細胞が死んだ状態と思われる肝細胞壊死（肝臓の細胞が死んだ状態）が複数みられ，明らかな肺がんの肝浸潤（肝臓への広がり）はみられませんでした．
血液培養（血液を培養して細菌や病原菌の有無を調べる検査）も行ったが菌は検出されませんでした．
以上の結果から炎症による多発肝腫瘤（肝臓に多数にしこりが見られる状態）と考え，抗生剤投与を継続したところ抗生剤開始から１週間後には炎症反応が改善していました．
しかし，同時期に行ったＥＯＢ－ＭＲＩ（肝臓の病気の診断に特化したMRI)では多発肝腫瘤が残っていました．
２ヶ月後に行ったＣＴでは肝腫瘤が小さくなり，３ヶ月後のＣＴでは肝腫瘤が画像上ほぼ見えなくなっていました．
考察：非小細胞肺癌（肺がんの一種）に対する放射線化学療法施行後の抗ＰＤ－Ｌ１抗体投与が影響したと思われる壊死性多発肝腫瘤（肝臓に壊死を伴う複数のしこりがある状態）病変の１例を経験しました．
近年，抗ＰＤ－Ｌ１抗体を含む免疫チェックポイント阻害薬は様々な種類のがんに使用されるようになっていますが，使用経験が少なく，その副作用に関しても十分明らかになっていない．
本症例の病理組織は免疫チェックポイント阻害薬による自己免疫的な機序（がん細胞が免疫細胞の攻撃を逃れる仕組みを解除し、免疫細胞ががん細胞を攻撃できるようにする）より放射線化学療法による肝臓の機能低下が疑われたが，放射線化学療法のみで放射線が照射された範囲の肝臓に壊死性の多発肝腫瘤（死んだ細胞を伴う肝臓の複数のしこり）が出現することは非常に稀です．
このため本症例では放射線化学療法に加え，抗ＰＤ－Ｌ１抗体を投与したことが壊死性多発肝腫瘤（死んだ細胞を伴う肝臓の複数のしこり）の発生に影響を及ぼした可能性が高いと考えました．
結語：非小細胞肺がん（肺がんの一種）に対する放射線化学療法施行後の抗ＰＤ－Ｌｌ抗体投与が影響したと思われる壊死性多発肝腫瘤の１例を経験しました．
これまでに同じような報告はなく興味深い症例と思われるため報告します．"
JP0217-102,train,"【背景】免疫チェックポイント阻害薬（ＩＣＩ）が様々な疾患に使用可能となり，その特有の有害事象として免疫関連有害事象（ｉｒＡＥ）の報告も増加している．
肝臓に関するｉｒＡＥは自己免疫性肝炎（ＡＩＨ）様の病理所見が報告されているが，近年は胆管炎の報告も散見されている．
今回，我々は多彩な病理組織像を呈したニボルマブ関連胆管炎（免疫チェックポイント阻害薬を経験したので報告する．
【症例】６４歳男性，胃癌に対して１年前に幽門側胃切除術が施行された．
術後に腹膜，左鎖骨上リンパ節再発で３ｒｄ ｌｉｎｅ化学療法としてニボルマブが投与された．
ニボルマブ３コース終了後に乾癬型薬疹の出現と同時にＡＳＴ ９３Ｕ／Ｌ， ＡＬＴ ９４Ｕ／Ｌ， ＡＬＰ １３４１Ｕ／Ｌ， γＧＴＰ １４９Ｕ／Ｌの肝胆道系酵素の上昇を認めた．
肝炎ウイルスマーカーは陰性であり，抗核抗体８０倍，抗ミトコンドリア抗体陰性， ＩｇＧ １６４５．６ｍｇ／ｄＬ， ＩｇＧ４ ２０．５ｍｇ／ｄＬ， ＩｇＭ ４５．1ｍｇ／ｄＬであった．
ＣＴ， ＭＲＣＰでは総胆管や肝内胆管の拡張はみられず， ｉｒＡＥが疑われたため，肝生検が施行された．
病理組織所見では門脈域に中等度の炎症細胞浸潤と内皮炎がみられ，胆管上皮へのリンパ球浸潤，胆管上皮障害を認めた．
また小葉内にＬａｎｇｈａｎｓ型多核巨細胞を含む非乾酪性類上皮細胞肉芽種を認めた．
門脈域へのリンパ球はＣＤ８陽性，ＣＤ４陽性リンパ球でありニボルマブ関連胆管炎と診断された．
ＰＳＬ ０．５ｍｇ／ｋｇが投与され３週後にはＡＳＴ １１Ｕ／Ｌ， ＡＬＴ ２６Ｕ／Ｌ， ＡＬＰ ５６６Ｕ／Ｌ， γＧＴＰ ７３Ｕ／Ｌに改善をした．
しかしＰＳＬ ０．４ｍｇ／ｋｇに減量後２週で再燃し，４週後にはＡＳＴ １００Ｕ／Ｌ， ＡＬＴ １０４Ｕ／Ｌ， ＡＬＰ １２１５Ｕ／Ｌ，γＧＴＰ ３２８Ｕ／Ｌまで悪化を来したため，再度肝生検が施行された．
２回目の肝生検病理組織所見では門脈域に中等度の炎症細胞浸潤を認め，少数の形質細胞もみられた．
Ｉｎｔｅｒ－ｆａｃｅ ｈｅｐａｔｉｔｉｓと胆管上皮へのリンパ球浸潤，小葉内のリンパ球集簇も見られた．
浸潤リンパ球は１回目と同様にＣＤ８陽性，ＣＤ４陽性リンパ球であった．
ＰＳＬ １ｍｇ／ｋｇに増量後，肝胆道系酵素は低下し， ＰＳＬ ０．２ｍｇ／ｋｇまで減量しても再燃は認めていない．
【考察】ＩＣＩ関連の肝障害は多彩な組織像を呈する．
本症例は１回目の肝生検では肉芽腫形成が見られ原発性胆汁性胆管炎に類似する像を呈していた．
２回目の肝生検では形質細胞浸潤やｉｎｔｅｒｆａｃｅ ｈｅｐａｔｉｔｉｓなどＡＩＨ様の所見を呈しており，ＩＣＩ関連の肝障害には多彩な発症機序があることが示唆された．","【背景】免疫チェックポイント阻害薬（ＩＣＩ:免疫ががん細胞を攻撃する働きを保持する薬）が様々な病気に対して使用できるようになってきています。その特有の有害事象として免疫関連有害事象（ｉｒＡＥ:免疫チェックポイント阻害薬の使用による副作用）の報告も増えています．
肝臓に関する免疫関連有害事象では自己免疫性肝炎（ＡＩＨ:自らを守るための免疫が自身の肝細胞を攻撃することで引き起こされる肝炎）のような組織の特徴が見られると報告されていますが，最近では胆管炎（肝臓で作られた胆汁の通り道の炎症）の報告も多くなっています．
今回，我々が経験した様々な組織の特徴のあるニボルマブ関連胆管炎（免疫チェックポイント阻害薬であるニボルマブの副作用として起こる胆管炎）について報告します．
【症例】６４歳男性，胃がんに対して１年前に幽門側胃切除術（胃の出口側を切除する手術）が行われました．
手術後に腹膜（胃，小腸，大腸などのお腹の臓器表面を覆う膜），左鎖骨上リンパ節（左の鎖骨にあるリンパ節）の再発で３段階目の化学療法（抗がん剤治療）としてニボルマブ（免疫チェックポイント阻害薬の一種）が投与された．
ニボルマブ３コース終了後に乾癬型薬疹（薬剤に誘発されて生じる皮膚の薬疹）が出現しました．また同時に血液検査でＡＳＴ ９３Ｕ／Ｌ， ＡＬＴ ９４Ｕ／Ｌ， ＡＬＰ １３４１Ｕ／Ｌ， γＧＴＰ １４９Ｕ／Ｌの肝胆道系酵素（肝臓や胆汁の通り道に関わる酵素）が上昇していました．
肝炎ウィルスの有無を調べる血液検査は陰性（ウィルスがいない状態）でした．抗核抗体（自分自身の細胞や組織を攻撃してしまう自己抗体の検査）８０倍，抗ミトコンドリア抗体（原発性胆汁性胆管炎での陽性率が高い自己抗体）陰性， ＩｇＧ １６４５．６ｍｇ／ｄＬ（免疫グロブリンという抗体の一種 ）， ＩｇＧ４（免疫グロブリンという抗体の一種） ２０．５ｍｇ／ｄＬ， ＩｇＭ（細菌に感染した時に最初に作られる抗体）４５．1ｍｇ／ｄＬでした．
ＣＴ検査， ＭＲＣＰ（膵管や胆道を詳しく調べるMRI検査）では総胆管・肝内胆管（胆汁の通り道である胆管の一部）の拡張（管が異常に広がった状態）はなく， 免疫関連有害事象が疑われたため，肝生検（腹部に針を刺し、肝臓の組織の一部を採って調べる検査）が行われました．
肝生検の所見では門脈域（門脈という太い血管の周辺領域）に中等度の炎症細胞浸潤（炎症があることを示す所見）と内皮炎（内皮の炎症）がみられ，胆管上皮（胆管の表面を覆う上皮細胞）へのリンパ球浸潤（炎症や腫瘍があることを示す所見），胆管上皮障害（胆管の表面を覆う上皮細胞に障害がある状態）を認めました．
また肝臓の細胞が集まり肝臓を構成する小葉内にラングハンス型多核巨細胞（体の防御反応として出現する細胞）を含む非乾酪性類上皮細胞肉芽種（細胞死を伴わない肉芽腫、肉芽腫は免疫反応によりできる細胞の塊）がみられました．
門脈域へのリンパ球はＣＤ８陽性・ＣＤ４陽性リンパ球（慢性肝炎，自己免疫性肝炎、肝腫瘍などが疑われる所見）でありニボルマブ関連胆管炎と診断されました．
プレドニゾロン（ステロイド剤の一種） ０．５ｍｇ／ｋｇ（体重１kg当たり0.5mg）が投与され，３週後にはＡＳＴ １１Ｕ／Ｌ， ＡＬＴ ２６Ｕ／Ｌ， ＡＬＰ ５６６Ｕ／Ｌ， γＧＴＰ ７３Ｕ／Ｌと肝臓の機能が改善をしました．
しかしプレドニゾロン０．４ｍｇ／ｋｇに減量後２週で再び悪化し，４週後にはＡＳＴ １００Ｕ／Ｌ， ＡＬＴ １０４Ｕ／Ｌ， ＡＬＰ １２１５Ｕ／Ｌ，γＧＴＰ ３２８Ｕ／Ｌまで悪化したため，再度肝生検が行われました．
２回目の肝生検の所見では門脈域に中等度の炎症細胞浸潤を認め，少数の形質細胞肝臓の炎症を疑う所見）もみられました．
インターフェイス肝炎（門脈域の炎症を主体とする自己検疫肝炎）と胆管上皮へのリンパ球浸潤，小葉内のリンパ球集簇（炎症や腫瘍があることを示す所見）も見られました．
浸潤リンパ球は１回目と同じＣＤ８陽性・ＣＤ４陽性リンパ球（いずれも免疫に関わるT細胞の一種）でした．
プレドニゾロン１ｍｇ／ｋｇに増量後，肝胆道系酵素の値（ＡＳＴ，ＡＬＴ，ＡＬＰ，γＧＴＰ）が低くなり， プレドニゾロン ０．２ｍｇ／ｋｇまで減量したが、再び悪化していません．
【考察】免疫チェックポイント阻害薬関連の肝臓の機能低下では様々な組織の所見がみられる．
本症例は１回目の肝生検では肉芽腫がみられ、原発性胆汁性胆管炎（胆汁の流れが悪くなることによって起こる慢性の肝臓病）のような特徴がありました．
２回目の肝生検では形質細胞浸潤やインターフェイス肝炎など自己免疫性肝炎のような所見があり，免疫チェックポイント阻害薬関連の肝臓の異常には様々な発症メカニズムがある可能性が示されました．"
JP0217-103,train,"症例は６０歳代男性，当院耳鼻咽喉科で喉頭癌に対し２ｎｄｌｉｎｅとしてＮｉｖｏｌｕｍａｂ １５０ｍｇを２週毎に投与中であった．
投与開始４か月後の採血でＴ－ｂｉｌ ０．８１ｍｇ／ｄｌ，ＡＳＴ ９１Ｕ／ｌ，ＡＬＴ １４４Ｕ／ｌ，ＡＬＰ １４７８Ｕ／ｌ γＧＴ ４２６Ｕ／ｌと胆道系酵素優位の肝障害を認め消化器内科に紹介となった．
３７．６度の発熱の他に自覚症状はなく，腹部所見に特記事項は認めなかった．
血液生化学検査で各種ウイルスマーカー・ＡＮＡ・ＡＭＡ２は陰性でＩｇＧ・ＩｇＧ４は正常範囲内であった．
ＣＴで総胆管・左右肝管のびまん性拡張・壁肥厚及び胆嚢腫大・胆嚢壁肥厚を認めたが， ＭＲＣＰ， ＥＲＣでは胆管に狭窄や腫瘍性病変は認めなかった．
肝組織では肝細胞の炎症性変化や壊死は目立たず，門脈域に多彩な炎症細胞の浸潤と一部に非化膿性破壊性胆管炎の像を認めた．
以上から免疫チェックポイント阻害剤関連の胆管炎を疑いＮｉｖｏｌｕｍａｂ
の投与を中止したが，生化学所見・画像所見に改善が見られずＰＳＬ３０ｍｇの投与を開始した．
緩徐に肝胆道系酵素は改善したが， ＰＳＬ１５ｍｇまで減量した時点で胆管炎の再増悪を認めたためＵＤＣＡ６００ｍｇを追加した．
その後胆管炎に改善が見られ， ＰＳＬ終了としＵＤＣＡ単独投与とした．
Ｎｉｖｏｌｕｍａｂ投与にて奏効が得られていたが，休薬後に腫瘍は再増悪したため，殺細胞性抗がん剤による全身化学療法を施行するも効果なく，その間に胆管炎の再燃を認めなかったため，患者の強い希望もあり協議の結果Ｎｉｖｏｌｕｍａｂ投与再開した．
その後８ヶ月以上経過するも肝機能の再燃は見られず，再び腫瘍は縮小に転じている．
免疫チェックポイント阻害剤に関連した副作用（ｉｒＡＥ）として胆管炎の報告はまれであり，治療法について現時点での一定の見解はない．
また胆管炎を含むｉｒＡＥから回復後に抗ＰＤ－１抗体を再投与すべきか，恒久的に投与を中止すべきか明らかとなっていない．
今回ＰＳＬとＵＤＣＡの併用で胆管炎の改善が見られ， ＵＤＣＡ単独投与下に抗ＰＤ－１抗体を再投与した稀な一例を経験したため文献的考察を加え報告する．","患者は６０歳代男性である．当院耳鼻咽喉科で喉頭がん（喉のがん）に対し第２段階目の化学療法としてニボルマブ（免疫チェックポイント阻害薬の一種）１５０ｍｇを２週おきに投与していた．
投与開始４か月後の採血でＴ－ｂｉｌ（肝臓・胆道の状態） ０．８１ｍｇ／ｄｌ，ＡＳＴ（肝臓の酵素） ９１Ｕ／ｌ，ＡＬＴ（肝臓の酵素） １４４Ｕ／ｌ，ＡＬＰ（胆道の酵素） １４７８Ｕ／ｌ γＧＴ（胆道の酵素） ４２６Ｕ／ｌと肝臓の機能低下があり，肝臓よりＡＳＴ，ＡＬＴよりもＡＬＰ， γＧＴの方が高かった．そして，消化器内科（腹部の病気を専門とする内科）に紹介となった．
３７．６度の発熱以外に自覚症状はなく，腹部にも異常はなかった．
血液検査で様々なウイルス感染・ＡＮＡ（自己免疫疾患のスクリーニング検査）・ＡＭＡ２（原発性胆汁性胆管炎の診断に用いられる検査）に異常はなく、ＩｇＧ・ＩｇＧ４（免疫系の病気に関する検査）は正常範囲内であった．
ＣＴ検査で胆汁の通り道が広範囲に拡張（通り道が広がった状態）し，壁が厚くなっていた．また胆嚢という胆汁を貯めておく袋が腫れ・胆嚢の壁が厚くなっていた。ＭＲＣＰ（MRI検査の一種）， ＥＲＣ（内視鏡造影検査）という膵臓や胆道を詳しく調べるための検査では胆管の狭窄や腫瘍のような病変はみられなかった．
肝臓の組織を調べたところ，肝臓の細胞に炎症による変化や壊死（死んだ細胞）は目立っておらず，門脈という太い血管の周辺領域に様々な炎症細胞の集まり，一部に非化膿性破壊性胆管炎（肝臓内の胆管が炎症を起こし，徐々に破壊れていく病気）の所見がみられた．
以上から免疫チェックポイント阻害剤関連の胆管炎を疑いがあり、ニボルマブの投与を中止したが，採血や画像検査の結果に改善が見られずプレドニゾロン（ステロイドの一種）３０ｍｇの投与を開始した．
緩やかに肝胆道系酵素の値は改善したが， プレドニゾロン１５ｍｇまで減量した時点で再び胆管炎の悪化を認めたため，ウルソデオキシコール酸（胆汁の流れをよくする薬）６００ｍｇを開始した．
その後胆管炎に改善したため，プレドニゾロンを終了しウルソデオキシコール酸のみ継続した．
ニボルマブの投与により治療の効果が得られていたが，中止後、再び喉頭がんが悪化したため，殺細胞性抗がん剤（細胞の分裂や増殖を抑える抗がん剤）による全身化学療法（点滴による抗がん剤の投与）を行ったが、効果がなく，その間に胆管炎の再燃を認めなかったため，患者の強い希望もあり協議の結果ニボルマブ投与を再開した．
その後８ヶ月以上経過したが、肝臓の機能低下はなく，再び腫瘍は縮小傾向にある．
免疫チェックポイント阻害剤に関連した副作用（ｉｒＡＥ）として胆管炎の報告はまれであり，今のところ治療法については専門家の間でも定まっていない． 
また胆管炎などのｉｒＡＥから回復後に免疫チェックポイント阻害薬の一種である抗ＰＤ－１抗体を再び投与すべきか，永久に投与をやめるべきか明らかとなっていない．
今回ＰＳＬとウルソデオキシコール酸の併用で胆管炎の改善が見られ， ウルソデオキシコール酸を投与しながら、抗ＰＤ－１抗体を再び投与した珍しい一例を経験したため文献による考察を加え報告する．
"
JP0217-104,train,"【緒言】免疫チェックポイント阻害剤（ＩＣＩｓ）は，免疫抑制系を阻害し，腫瘍免疫を活性化することで，抗腫瘍効果を発揮する薬剤である．
２０１４年に悪性黒色腫に承認後，胃癌等に適応が拡大されてきたが，免疫関連有害事象（ｉｒＡＥｓ）の頻度が増加している．
ＩｒＡＥｓとしての肝障害は様々な臨床像を取り，不明な点が多い．
今回我々は，免疫チェックポイント阻害剤による肝障害が疑われた一例を経験したので報告する．
【症例】７０歳代，女性．
既往歴：高血圧症，高脂血症．
飲酒歴：なし，現病歴：２０ＸＸ－１年６月より肺転移を伴う外陰部悪性黒色腫に対して，当院皮膚科で抗ＰＤ１抗体のニボルマブが開始された．
その後肺転移巣は縮小傾向となり，２０ＸＸ－１年１１月に外陰部原発巣が切除された．
ニボルマブを１５コース目まで投与されたが，２０ＸＸ年１月に外陰部に転移巣が出現し，肺転移巣も増大傾向となった．
２０ＸＸ年２月下旬より抗ＣＴＬＡ－４抗体のイピリムマブが開始され，３月中旬まで２コース目の投与が行われた．
２０ＸＸ年４月上旬の皮膚科入院時に自覚症状はなかったが，血液検査でＴ－Ｂｉｌ ０．７ｍｇ／ｄＬ， ＡＳＴ ６７８１Ｕ／Ｌ， ＡＬＴ ５３８１Ｕ／Ｌ， ＡＬＰ ２１１１Ｕ／Ｌ， γ－ＧＴＰ ４８１Ｕ／Ｌ， ＰＴ ８７．２％，白血球数７９５０／μＬ，ＣＲＰ３．９７ｍｇ／ｄＬと軽度の炎症反応上昇を伴う肝機能障害の出現を認め，当科コンサルトとなった．
肝炎ウイルス検査，自己抗体検査はいずれも陰性であった．
腹部エコーでは，肝臓に形態変化はなく，胆管に有意所見は認めなかった．
腹部造影ＣＴでは，肝腫瘍，肝梗塞，門脈血栓，胆管腫瘍は認めなかった．
第３病日に肝生検を施行し，門脈域や中心静脈域にリンパ球を主体とした炎症細胞浸潤，膠原線維の増生を認めたが，胆管上皮への炎症細胞浸潤はわずかで，胆管の線維性肥厚は認めなかった．
ＤＤＷ－Ｊ２００４薬物性肝障害ワークショップのスコアリングでニボルマブが８点，イピリムマブが９点であり，薬物性肝障害の被疑薬と考えた．
第４病日よりＰＳＬ ４５ｍｇ／日（１ｍｇ／ｋｇ／日）の投与を開始した．
肝機能障害は改善を認め， ＰＳＬを漸減していき，第４９病日に退院となった，
【考察】ＩｒＡＥｓとしての肝障害には，肝胆道系酵素上昇を伴う肝不全，肝炎，硬化性胆管炎が報告されている．
その機序として，ＩＣＩｓによる自己免疫応答の顕在化，癌細胞のネオ抗原と自己抗原での交差反応の出現といった，従来のアレルギー性，代謝性等の薬物性肝障害とは異なる機序が推定されている，経過からはＩＣＩｓによる肝障害が疑われ，肝生検での病理所見から病態の検討を行った．","【はじめに】免疫チェックポイント阻害剤（ＩＣＩｓ）は，免疫の弱める仕組みを妨害し、がんを攻撃する免疫を活発にすることによって，がんの治療効果を発揮する薬剤である．
２０１４年に皮膚がんの一種である悪性黒色腫に承認された後，胃がんなど他のがんにも使用できるようになってきたが，免疫関連有害事象（ｉｒＡＥｓ：免疫チェックポイント阻害剤の使用による副作用）の頻度は増えている．
免疫関連有害事象による肝臓の機能障害には様々な特徴があり，不明な点が多い．
今回私たちは，免疫チェックポイント阻害剤による肝臓の機能障害が疑われた一例を経験したので報告する．
【症例】７０歳代，女性．
過去の病歴：高血圧症，高脂血症（血液中の脂肪が多い状態）．
過去の飲酒歴：なし，現病歴：２０ＸＸ－１年６月より肺転移を伴う外陰部悪性黒色腫（陰部の目に見える部位にできる皮膚がんの一種）に対して，当院皮膚科でニボルマブ（抗ＰＤ１抗体という免疫チェックポイント阻害薬の一種）が開始された．
その後、肺に転移したがんは小さくなり，２０ＸＸ－１年１１月に最初にできた外陰部のがんは手術で取り除かれた．
ニボルマブを１５回まで投与したが，２０ＸＸ年１月に外陰部に再びがんができ，肺に転移したがんも大きくなっていった．
２０ＸＸ年２月下旬よりイピリムマブ（抗ＣＴＬＡ－４抗体という免疫チェックポイント阻害薬の一種）の投与が開始され，３月中旬まで２回の投与が行われた．
２０ＸＸ年４月上旬、皮膚科入院時に自覚する症状はなかったが，血液検査で肝臓や胆道の働きに関わる項目の結果は，Ｔ－Ｂｉｌ ０．７ｍｇ／ｄＬ， ＡＳＴ ６７８１Ｕ／Ｌ， ＡＬＴ ５３８１Ｕ／Ｌ， ＡＬＰ ２１１１Ｕ／Ｌ， γ－ＧＴＰ ４８１Ｕ／Ｌ， ＰＴ ８７．２％，炎症に関わる項目の結果は，白血球数７９５０／μＬ，ＣＲＰ３．９７ｍｇ／ｄＬと軽度の炎症を伴う肝臓の機能低下があり，当科へ紹介された．
肝炎ウイルス検査，自己抗体検査（自分自身の細胞や組織を攻撃する抗体の有無を調べる検査）では．いずれも異常がなかった．
お腹の超音波検査では，肝臓の形状に変化はなく，胆管という胆汁の通り道に異常は見られなかった．
お腹の造影ＣＴ（造影剤を使用したCT）では，肝臓・胆管の腫瘍（できもの），肝梗塞（肝臓の血管が詰まった状態），門脈血栓（門脈という血管内に血栓ができる病気）は認めなかった．
入院３日目に肝生検（肝臓の組織の一部を採って調べる検査）を行い，肝臓の門脈・中心静脈という血管のあたりに炎症があることを示す所見があったが、胆管の内側を覆う細胞では炎症を示す所見がわずかで、胆管の壁が厚くなっていなかった。
ＤＤＷ－Ｊ２００４ワークショップによる薬剤性肝障害（薬の副作用によって肝臓の働きが障害された状態）の基準ではニボルマブが８点，イピリムマブが９点であり，薬物性肝障害の被疑薬（副作用に関連があると疑われた薬）と考えた．        
入院４日目よりプレドニゾロン（ステロイド剤の一種）1日 ４５ｍｇ（1日に体重１kgあたり１ｍｇで計算）の投与を開始した．
肝臓の機能低下は改善したため， プレドニゾロンを徐々に減らしていき，入院４９日目に退院となった．
【考察】免疫関連有害事象としての肝臓の機能低下は，肝胆道系酵素（肝臓や胆道の働きをみる血液検査）の上昇を伴う肝不全（肝臓の働きが著しく低下した状態），肝炎（肝臓が炎症を起こし、肝臓の細胞が壊れていく病気），硬化性胆管炎（胆管が炎症を起こし、通り道が狭くなる病気）が報告されている．
その仕組みとして，免疫チェックポイント阻害剤によって，普段は抑えている自分の免疫反応が現れ，T細胞ががん細胞のネオ抗原（がん由来の抗原）ではなく自身の抗原を間違えて攻撃する．そのため従来のアレルギーや肝臓で代謝される過程でおこる薬物性肝障害とは違った仕組みと考えられている．今回の経過からは免疫チェックポイント阻害剤による肝臓の機能低下が疑われ，肝生検で採取した細胞の特徴から病状の検討を行った．"
JP0217-107,train,"【緒言】近年，様々な悪性腫瘍に対して免疫チェックポイント阻害薬（ＩＣＩ）が適応となり，その有効性が認められている．
免疫抑制シグナルの伝達を阻害することで抗腫瘍効果を示すが，さまざまな臓器で免疫関連有害事象（ｉｍｍｕｎｅ－ｒｅｌａｔｅｄ ａｄｖｅｒｓｅ ｅｖｅｎｔｓ ： ｉｒＡＥ）が報告されている．
今回，ＩＣＩ使用後に著明な胆汁うっ滞性肝不全となった症例を経験したため報告する．
【症例】８３歳男性，腎細胞癌の胸膜転移再発に対しＩＣＩ（ニボルマブ，イピリムマブ併用）で加療され，４回投与されたが病勢増悪あり中止，その後パゾパニブの投与を開始したところ，肝障害，黄疸の出現を認めた．
パゾパニブ中止にても改善なく， ＰＳＬ６０ｍｇ投与を行われたが，黄疸の増悪を認めたため当科転院となった．
当科転院後ステロイドパルス療法を行ったが，黄疸の改善は得られなかった．
肝生検では慢性非化膿性破壊性胆管炎，著明な胆汁うっ滞を認め，ＰＢＣ様の所見を呈していた．
浸潤するリンパ球はＣＤ８陽性でありｉｒＡＥによると考えられた．
ミコフェノール酸モフェチル（ＭＭＦ）を投与したが，投与数日後全身状態の悪化があり永眠された．
【考察】肝関連ｉｒＡＥはステロイド投与が推奨されているが，本症例ではパルス療法を含むステロイド治療に抵抗性であった．
肝関連ｉｒＡＥでは種々のレベルの胆管障害が近年報告されており，胆管障害を伴う肝関連ｉｒＡＥはステロイド抵抗性の場合も報告されている．
ステロイド抵抗性症例ではＭＭＦが有効であるとの報告もあり，本症例でも導入されたが，その効果を評価することはできなかった．
今後，ｉｒＡＥによる肝障害症例は増加すると思われるが，症例の集積と，早期の免疫抑制剤治療を検討する必要があると思われる．","【はじめに】最近では，様々な悪性腫瘍（がん）に対して免疫チェックポイント阻害薬が使用できるようになり，その治療効果が認められている．
免疫の弱める仕組みを妨害することで、がんの進行を抑えたり、がんを小さくする効果が期待できますが，様々な臓器で免疫関連有害事象（免疫チェックポイント阻害薬の使用による副作用）が報告されている．
今回，免疫チェックポイント阻害薬を使用後に重度の胆汁うっ滞性肝不全（正常な胆汁の流れが妨げられることにより肝臓の働きが低下した状態）となった症例を経験したため報告する．
【症例】８３歳男性，腎細胞がん（腎臓の細胞にできるがん）が胸膜という肺を覆う膜へ転移・再発したため，免疫チェックポイント阻害薬（ニボルマブ，イピリムマブの２種類を使用）による治療が開始され，４回投与されたが病状の悪化があり中止した．その後パゾパニブ（分子標的薬の一種：特定の分子を狙い撃ちすることによりがんを治療する薬）の投与を開始したところ，肝臓の機能低下，黄疸が出現した．
パゾパニブを中止しても改善なく， プレドニゾロン（ステロイド剤）６０ｍｇを投与したが，黄疸が悪化したため当科転院となった．
当科転院後ステロイドパルス療法（大量のステロイドを短時間で投与する治療）を行ったが，黄疸は改善しなかった．
肝生検（肝臓の組織の一部を採って調べる検査）では慢性非化膿性破壊性胆管炎（原発性胆汁性胆管炎でみられる所見），著明な胆汁うっ滞（胆汁が正常に流れなくなった状態）があり，原発性胆汁性胆管炎（免疫の異常によって胆汁の通り道が壊れていく病気）のような組織の特徴がみられた．
集まっているリンパ球はＣＤ８（T細胞の一種）が陽性であり，免疫関連有害事象によると考えられた．
ミコフェノール酸モフェチル（免疫抑制剤）を投与したが，投与数日後に全身の状態が悪化あり永眠された．
【考察】肝臓に関連する免疫関連有害事象はステロイドの投与が推奨されているが，本症例ではステロイドパルス療法を含むステロイド治療に対して効果が乏しかった．
肝臓に関連する免疫関連有害事象では様々なレベルの胆管の障害が近年報告されており，胆管の異常を伴う肝臓に関連する免疫関連有害事象ではステロイドの効果がない症例も報告されている．
ステロイドが効かない症例ではミコフェノール酸モフェチルで効果が得られる可能性があるとの報告もある．本症例でも使用したが，その効果をわからなかった．
今後，免疫関連有害事象による肝障害患者は増加すると思われるが，症例の集め，早い時期に免疫抑制剤での治療を検討する必要があると考える．
"
JP0217-108,train,"症例は７４歳女性．
子宮平滑肉腫の肺脾臓転移に対し，当院産婦人科へ通院加療中であった．
２０１Ｘ年１２月１９日よりパゾパニブ内服８００ｍｇを開始されたが，２０１Ｘ＋１年１月２２日の採血でＴ－Ｂｉｌ ７．８５ｍｇ／ｄｌ，Ｄ－Ｂｉｌ ５．０７ｍｇ／ｄｌ，ＡＳＴ ５５９ＩＵ／Ｌ，ＡＬＴ ５１５ＩＵ／Ｌ，ＬＤＨ ７４７ＩＵ／Ｌ，ＡＬＰ １４９０ＩＵ／Ｌと混合型の著明な肝酵素上昇を認めたため当科ヘコンサルトとなった．
各種自己抗体，ウイルスマーカーは陰性であった．
パゾパニブに対するＤＬＳＴは陰性であった．
ＤＤＷ－Ｊ ２００４薬物性肝障害ワークショップのスコアリングで発症からの日数＋２，薬物以外の原因の有無＋２，過去の肝障害の報告＋１と総スコア５点であり，パゾパニブによる薬剤性肝障害を疑い，投与を中止し経過観察の方針とした．
しかし１週間後の採血で，Ｔ－Ｂｉｌ ２２．３７ｍｇ／ｄｌ，Ｄ－Ｂｉｌ 1５．０２ｍｇ／ｄｌ，ＡＳＴ ４４７ＩＵ／Ｌ，ＡＬＴ ３４８ＩＵ／Ｌ，ＬＤＨ ４９９Ｉｕ／Ｌ，ＡＬＰ ２３６０ＩＵ／Ｌと胆汁うっ滞型の肝機能増悪傾向となったため，同日原因精査のため肝生検を施行した．
肝組織では，中心静脈周囲の肝細胞での胆汁うっ滞，グリソン鞘での小型リンパ球主体の炎症性細胞浸潤，小葉内に巣状の肝細胞壊死が認められ，胆汁輸送障害と肝炎像を示す薬剤性肝障害と診断した．
腫瘍が増悪する可能性も考慮されたが，肝機能異常が主体病変であり，同日よりステロイドパルス療法（５００ｍｇ／日）を開始した．
１週間後に肝胆道系酵素の改善傾向が得られたためステロイド量を漸減し，投与２ヶ月後に肝胆道系酵素は正常化した．
本邦でもパゾパニブによる薬剤性肝障害の報告は散見されるが，本症例のようにＧｒａｄｅ４で肝生検を施行し，確定診断に至った報告は少ない．
今回，ステロイドパルス療法に奏効したパゾパニブによる薬剤性肝障害の１例を経験したため，自験例の経験を加えて報告する．","患者は７４歳女性．
子宮平滑肉腫（子宮の筋肉にできるがん）の肺と脾臓への転移に対し，当院の産婦人科に通院し治療を行っていた．
２０１Ｘ年１２月１９日よりパゾパニブ（がんの治療薬）内服８００ｍｇを開始されたが，２０１Ｘ＋１年１月２２日の採血でＴ－Ｂｉｌ（肝臓や胆道の状態） ７．８５ｍｇ／ｄｌ，Ｄ－Ｂｉｌ ５．０７ｍｇ／ｄｌ，ＡＳＴ（肝臓の酵素） ５５９ＩＵ／Ｌ，ＡＬＴ（肝臓の酵素） ５１５ＩＵ／Ｌ，ＬＤＨ（胆道系酵素） ７４７ＩＵ／Ｌ，ＡＬＰ（胆道系酵素） １４９０ＩＵ／Ｌと混合型の著明な肝酵素上昇（肝酵素と胆道系酵素の両方が上昇）を認めたため当科ヘ相談となった．
各種自己免疫疾患の検査，ウイルス感染の陰性（異常なし）だった．
パゾパニブに対する薬剤アレルギー反応は陰性（異常なし）だった．
ＤＤＷ－Ｊ ２００４薬物性肝障害ワークショップのスコアリングという基準でみると，発症からの日数＋２点，薬物以外の原因の有無＋２点，過去の肝障害の報告＋１点と総スコアが５点であった．そのため，パゾパニブによる薬剤性肝障害（薬剤による肝臓の機能障害）を疑い，投与を中止し経過をみる方針とした．
しかし１週間後の採血で，Ｔ－Ｂｉｌ ２２．３７ｍｇ／ｄｌ，Ｄ－Ｂｉｌ 1５．０２ｍｇ／ｄｌ，ＡＳＴ ４４７ＩＵ／Ｌ，ＡＬＴ ３４８ＩＵ／Ｌ，ＬＤＨ ４９９Ｉｕ／Ｌ，ＡＬＰ ２３６０ＩＵ／Ｌと胆汁うっ滞型の肝機能障害（主にＡＬＰが上昇）が悪化傾向となったため，同じ日に原因を詳しく調べるため肝生検（肝臓の組織の一部を採って調べる検査）を行った．
肝臓の組織では，中心静脈という血管周囲の肝細胞での胆汁うっ滞（胆汁の流れが滞った状態），グリソン鞘（門脈，肝動脈，胆管を包む結合織）での小型リンパ球主体の炎症性細胞浸潤（炎症があることを示す所見），肝細胞が集まった組織内に巣状の死んだ肝細胞が認められ，胆汁輸送障害（肝臓で作られた胆汁がうまく十二指腸に流れない状態）と肝炎像を示す薬剤性肝障害と診断した．
がんが悪化する可能性も考えられたが，肝臓の機能異常が主な病気であり，同日よりステロイドパルス療法（大量のステロイド薬を短期間に投与する治療）１日５００ｍｇを開始した．
１週間後，血液検査の肝胆道系酵素（肝臓や胆道の働きをみる血液検査）に改善の傾向がみられたためステロイドの投与量を徐々に減らし，投与２ヶ月後には肝胆道系酵素は正常になった．
我が国でもパゾパニブによる薬剤性肝障害の報告は複数あるが，この患者のようにグレード４（重症度の高い状態）で肝生検を施行し，確定診断に至った報告は少ない．
今回，ステロイドパルス療法が効いたパゾパニブによる薬剤性肝障害の１例を経験したため，自身の経験を加えて報告する．
"
JP0217-110,train,"【目的】免疫チェックポイント阻害剤は免疫系を阻害することで抗腫瘍効果を示す．
一方様々な臓器で免疫関連有害事象（ｉｍｍｕｎｅ ｒｅｌａｔｅｄ Ａｄｖｅｒｓｅ Ｅｆｆｅｃｔｓ ：ｉｒＡＥｓ）をきたすことが知られており，死亡例も報告されている．
肝障害は頻度が高いｉｒＡＥｓで，添付文書によると肝障害・肝炎は合わせて１０％程度認める．
肝生検では自己免疫性肝炎類似像を呈するが，報告は少ない．
今回我々はＰｅｍｂｒｏｌｉｚｕｍａｂによる急性肝障害を経験したので報告する．
【症例】症例は６０代男性．
２０１ｘ年１１月骨転移を伴うＳｔａｇｅ４の肺癌と診断．
ＰＤ－Ｌ１発現が確認されたため１２月よりｐｅｍｂｒｏｌｉｚｕｍａｂを２００ｍｇ投与，３週間間隔で投与開始した．
４クール時点でＡＳＴ ４４ＩＵ／Ｌ，ＡＬＴ ６３ＩＵ／Ｌであった．
５クール投与時採血でＡＳＴ １２０ＩＵ／Ｌ，ＡＬＴ 1７６ＩＵ／Ｌとなり，投与中止されたが，その後も肝機能障害が増悪し食欲低下も認めたため入院となった．
身長１６３ｃｍ，体重６６ｋｇ． 腹部所見は特に異常を認めず．
入院時ＡＳＴ １３６１ＩＵ／Ｌ，ＡＬＴ １５９３ＩＵ／Ｌ，Ｔ－Ｂｉｌ １．１ｍｇ／ｄＬ， ＩｇＧ １０２７ｍｇ／ｄｌ，ＰＴ ８１％，Ｍ２ＢＰＧｉ １．０６，ＡＮＡ４０倍，ＨＣＶ抗体陰性，ＨＢｓＡｇ陰性．
エコーでは脂肪肝，萎縮や腹水は認めず．
病理所見は中心静脈周囲に広範な肝細胞脱落，出血，マクロファージ，リンパ球，形質細胞浸潤を認めた．
小葉内はｓｐｏｔｔｙ ｎｅｃｒｏｓｉｓを認め，門脈域には軽度のリンパ球形質細胞浸潤を認めた．
Ｍｅｔｈｙｌｐｒｅｄｎｉｓｏ－ｌｏｎｅ １０００ｍｇを３日投与後ＡＳＴ ２７０ＩＵ／Ｌ，ＡＬＴ ８２２ＩＵ／Ｌと改善傾向をしめした．
以後ｐｒｅｄｎｉｓｏｌｏｎｅ１ｍｇ／ｋｇ／ｄａｙで投与を開始し，漸減しＡＳＴ／ＡＬＴは約２か月後には基準値となった．
【考察】免疫チェックポイント阻害薬は効果の持続が特徴の一つで，投与中止後も長く抗腫瘍効果が持続する．
一方ｉｒＡＥも同様に持続するといわれる．
肝細胞障害型の薬剤性肝障害は通常原因薬剤を中止することで肝障害が速やかに回復することが多いが，免疫チェックポイント阻害薬では薬剤中止後増悪する例がある．
今症例も薬剤中止後も急速に肝酵素上昇を呈した．
早期に肝生検を行い診断を確定した後，速やかにステロイドを導入することが肝要と考える．","【目的】免疫チェックポイント阻害剤は免疫系を阻害することでがんの成長を抑制する効果を示す．
一方，様々な臓器で免疫関連有害事象（ｉｒＡＥｓ：免疫チェックポイント阻害剤の使用による副作用）が起こることがあり，死亡例も報告されている．
肝障害（肝臓の機能低下）は頻度が高い免疫関連有害事象で，薬剤の添付文書によると肝障害・肝炎は合わせて１０％程度とされている．
肝生検（肝臓の組織の一部を採って調べる検査）では自己免疫性肝炎に似た特徴が見られるが，報告は少ない．
今回我々は免疫チェックポイント阻害剤の一種であるペムブロリズマブ（抗PD-1抗体）による急な肝障害を経験したので報告する．
【症例】患者は６０代男性．
２０１ｘ年１１月骨への転移を伴うステージ４の肺がんと診断．
がん細胞の表面にＰＤ－Ｌ１というたんぱく質の発現が確認されたため１２月よりペムブロリズマブを２００ｍｇ投与，３週間間隔で投与開始した．
４クール時点の採血ではＡＳＴ（肝臓の酵素） ４４ＩＵ／Ｌ，ＡＬＴ（肝臓の酵素） ６３ＩＵ／Ｌであった．
５クール投与時の採血ではＡＳＴ １２０ＩＵ／Ｌ，ＡＬＴ 1７６ＩＵ／Ｌとなり，投与が中止された．その後も肝臓の機能障害が悪化し，食欲の低下も認めたため入院となった．
身長１６３ｃｍ，体重６６ｋｇ． 腹部に異常はみられなかった．
入院時ＡＳＴ １３６１ＩＵ／Ｌ，ＡＬＴ １５９３ＩＵ／Ｌ，Ｔ－Ｂｉｌ（肝臓や胆道の働き） １．１ｍｇ／ｄＬ， ＩｇＧ（免疫グロブリンＧ） １０２７ｍｇ／ｄｌ，ＰＴ（血液が固まるまでの時間） ８１％，Ｍ２ＢＰＧｉ（肝臓の線維化の程度） １．０６，ＡＮＡ（抗核抗体）４０倍，C型肝炎ウイルス抗体陰性（Ｃ型肝炎に感染している可能性は低い），B型肝炎ウイルス表面抗原陰性（B型肝炎ウィルスの検出なし）．
超音波検査では脂肪肝（肝臓に脂肪が異常に蓄積されている状態），萎縮（小さくなった状態）や腹水（腹部に液体が貯留した状態）は認められなかった．
肝臓の組織を詳しく調べた検査では，中心静脈という血管の周りで広範囲に肝臓の細胞が死んで抜け落ち，出血が起き，免疫細胞（マクロファージ，リンパ球，形質細胞）が集まる炎症の所見がみられた．
肝臓の小葉内は巣状に肝細胞が死に，門脈という肝臓に血液を送る血管の周辺には軽度のリンパ球形質細胞浸潤（炎症があることを示す所見）を認めた．
メチルプレドニゾロン（ステロイド剤の一種）１０００ｍｇを３日投与後，ＡＳＴ ２７０ＩＵ／Ｌ，ＡＬＴ ８２２ＩＵ／Ｌと改善の傾向を示した．
以後プレドニゾロンを１日に体重ｋｇ当たり１ｍｇで投与を開始し，徐々に減量したところＡＳＴ／ＡＬＴは約２か月後には正常になった．
【考察】免疫チェックポイント阻害薬は効果の持続が特徴の一つで，投与中止後も長くがんを抑制する効果が持続する．
一方で免疫関連有害事象も同様に持続するといわれる．
肝細胞障害型（肝臓の細胞そのものがダメージを受けるタイプ）の薬剤性肝障害（薬の服用により、肝臓の機能障害）は通常原因となっている薬剤を中止することで肝障害が速やかに回復することが多いが，免疫チェックポイント阻害薬では薬剤中止後に悪化する例がある．
今回の患者も薬剤を中止後，急速に肝酵素が上昇した．
早期に肝生検を行い診断が確定後，速やかにステロイド投与を開始することが重要と考える．"
JP0217-29,train,"【症例】５３歳女性
【主訴】発熱
【経過】Ｘ－２年に皮疹を契機に当院皮膚科を受診し，水泡性類天庖瘡と診断された．
プレドニゾロン （ＰＳＬ） １ｍｇ／ｋｇ／ｄａｙを導入され，以降免疫調整薬を併用し，ＰＳＬ漸減の上で管理されていた．
Ｘ年８月にＰＳＬ６ｍｇ／ｄａｙまで減量した時点でＰＳＬを自己中断されたが皮疹の増悪は認められなかった．
９月９日より倦怠感を自覚，１０日に３８℃の発熱が出現したため，当院を受診した．
直接型優位のＢｉｌ上昇， ＰＴ７４％と軽度低下し， ＣＴで急性肝炎を疑う所見
を指摘されたため，当科に緊急入院となった．
自己中断していたＰＳＬを同量で再開，感染合併を疑われＣＭＺで加療開始された．
肝機能は改善傾向となるも緩徐に好酸球が増加し，全身に紅斑が出現した．
もともとの類天庖瘡とは異なる皮疹であり，ＣＭＺによる薬疹が疑われ，９月１７口より抗菌薬を中止された．
明らかな成因は不明であったが自然経過で徐々に解熱傾向となったため，好酸球増多は残存していたが９月２４日に退院した．
しかし２日後に再度発熱が出現し改善しないため，１０月１日に再入院となった．
再入院後，急激な凝固能延長，血球減少，黄疸の進行を認め，非昏睡型急性肝不全と診断された．
細菌感染や悪性腫瘍といったＰＳＬ禁忌となりうる因子がないことを確認の上で，１０月６日から急性肝不全治療としてＰＳＬパルス療法が開始された．
ＰＳＬ開始後速やかに解熱，肝機能は改善した．
好酸球も低ドするも連動して好中球１００／μ１と著明な好中球減少が遷延し，骨髄生検も行われたが，造血能に異常は指摘されなかった．
ＰＳＬ漸減後も肝障害の再燃や発熱は認めず，約１カ月の経過で血球減少も改善を認めたため，１０月２７日退院となった．
以降ＰＳＬ漸減中止されたが皮疹や肝障害の再燃なく経過している．
【考察】著明な好酸球増多を伴った急性肝不全の一例を経験した．
各種血液検査・画像検査・組織検査を行ったが，寄生虫を含めた感染や血流障害，自己免疫疾患，腫瘍性病変，血液疾患は否定的であった．
組織学的に肝臓や皮膚で血管周囲の好酸球を中心とする浸潤を認めたものの，血管炎の診断には至らず，いずれも二次性変化と判断された．
好酸球増多を伴う急性肝不全は極めて稀な症例であり，今回採取した肝・皮膚・骨髄の病理所見の考察を交えてここに報告する．","【症例】５３歳女性
【主訴】発熱
【経過】Ｘ－２年に発疹ができたため当院皮膚科を受診し，水泡性類天庖瘡（免疫系が皮膚を攻撃することで水ぶくれができる病気）と診断された．
プレドニゾロン １ｍｇ／ｋｇ／ｄａｙ（１日に体重１ｋｇあたり１ｍｇ）を開始し，それ以降免疫調整薬を併用し，プレドニゾロンを徐々に減量して管理されていた．
Ｘ年８月にプレドニゾロンを１日６ｍｇまで減量した時点でプレドニゾロンの内服をご自身で中断されたが発疹の悪化はなかった．
９月９日より体のだるさを自覚し，１０日に３８℃の発熱があったため，当院を受診した．
直接ビリルビンの上昇（肝臓や胆道の病気の可能性がある）， ＰＴ（血液が固まるまでの時間）７４％と軽度低下し， ＣＴの画像で急性肝炎（肝炎ウイルスの感染による急な肝臓の機能低下）を疑う所見をみられたため，当科に緊急入院となった．
自己判断で中断していたプレドニゾロンを同量で再開し，感染も疑われたためＣＭＺ（抗菌薬の一種）で治療を開始された．
肝臓の機能は改善傾向となったが緩やかに好酸球（白血球の一種）が増加し，全身に赤い発疹が現れた．
もともとの類天庖瘡（皮膚に水ぶくれやただれができる病気）とは異なる発疹であり，ＣＭＺによる皮膚のアレルギー反応（薬疹）が疑われ，９月１７口よりＣＭＺを中止された．
明らかな原因は不明であったが自然経過で徐々に解熱していったため，好酸球の増加は残っていたが９月２４日に退院した．
しかし２日後に再び発熱し改善しないため，１０月１日に再入院となった．
再入院後，急激な凝固能延長（血液が固まりにくい状態），血球（赤血球、白血球、血小板）減少，黄疸の悪化を認め，非昏睡型急性肝不全（意識障害を伴わないが肝臓の機能が著しく低下した状態）と診断された．
細菌感染やがんといったプレドニゾロンの投与を禁止する因子がないことを確認の上で，１０月６日から急性肝不全の治療としてプレドニゾロンパルス療法（大量のステロイド薬を短期間使う治療）が開始された．
プレドニゾロン開始後、すぐに体温が下がり，肝臓の機能は改善した．
好酸球が低下したが，連動して好中球（白血球の一種）１００／μ１と著しい好中球の減少が長引いた．骨髄生検（骨の内部にある骨髄組織を直接採取して調べる検査）も行われたが，新たに血液細胞を作る能力に異常はなかった．
徐々にプレドニゾロンを減量後も肝臓の機能低下の再発や発熱は認めず，約１カ月の経過で血球減少も改善していたため，１０月２７日退院となった．
以降プレドニゾロンを徐々に減量し中止されたが，発疹や肝臓の機能低下の再発なく経過している．
【考察】著しい好酸球の増加を伴った急性肝不全の一例を経験した．
各種血液検査・画像検査・組織検査（組織をとり顕微鏡で詳しく調べる検査）を行ったが，寄生虫を含めた感染や血流障害（血液の流れが滞る状態），自己免疫疾患（自分自身の細胞や組織を攻撃してしまう病気），腫瘍性病変（細胞が異常に増殖してできた組織の変化），血液の病気とは考えにくい．
組織の検査では肝臓や皮膚で血管周囲に好酸球などが集まっていたが，血管炎の診断には至らず，いずれも二次的な変化と判断された．
好酸球の増加を伴う急性肝不全は極めて稀な症例であり，今回採取した肝臓・皮膚・骨髄を顕微鏡で見た結果の考察を交えてここに報告する．
"
JP0217-30,train,"【症例】２６歳，男性．
【主訴】歩行困難，黄疸，下腿浮腫．
【現病歴】肝炎の原因となる輸血歴，手術歴，獣肉等の食事摂取歴，家族歴はない．
２０歳よりビール，日本酒，ウイスキー等，一日純アルコール２００ｇ－３００ｇ相当の飲酒を継続していた．
Ｘ年３月胆嚢炎疑いで入院し，その際にアルコール性肝硬変を指摘された．
Ｘ年８月頃から下腿浮腫，尿の黄染を自覚していた．
その後徐々に階段昇降が困難となり，立位保持が困難となったため，Ｘ年１０月当院救急搬送された．
入院時身体所見は顕性黄疸と掻痒症，下腿浮腫が出現していたが，肝性脳症はなかった．
ＣＴでは慢性肝障害，脾腫，皮下浮腫増悪を認め，両側胸水貯留，肺水腫と右上葉浸潤影を合併していた．
血液検査はＡＳＴ ５８ＩＵ／ｌ，ＡＬＴ ｌ８ＩＵ／ｌ，ＡＬＰ １７５ＩＵ／ｌ，γ－ＧＴＰ ２０８ＩＵ／ｌ，ＬＤＨ ４４９Ｕ／１，ＣｈＥ １０２Ｕ／１，Ｔ－ｂｉｌｌ １２．７ｍｇ／ｄｌ，Ｄ－ｂｉｌｌ ５．４ｍｇ／ｄｌ， ＰＴ３０％， Ｃｕ ９０μｇ／ｄｌ，Ｍ２ＢＰＧｉ １２．１６ＣＯＩ， 各種肝炎ウイルスマーカーは陰性， ＣＭＶおよびＥＢＶ関連抗原抗体反応は既感染パターン，ＩｇＧ １５６９ｍｇ／ｄｌ， 抗核抗体４０倍未満，抗Ｍ２抗体陰性であった．
ＷＢＣ ４９００／μｌ，ＲＢＣ ４１０×１０４／μｌ，Ｈｂ ２．１ｇ／ｄｌ，Ｈｔ ６．２％，ＭＣＶ １５１．２ｆｌ，ＭＣＨＣ ５１．２Ｐｇ，Ｐｌｔ１０．７×１０４／μｌ，網状赤血球の上昇を認め，末梢血塗抹標本では溶血を反映した破砕赤血球およびｓｐｕｒ ｃｅｌｌ （有棘赤血球）がみられた．
経皮的肝生検を施行したところ肝細胞の風船化およびＭａｌｌｏｒｙ ｂｏｄｙを認め，肝細胞周囲の線維化，炎症細胞浸潤がみられ，アルコール性肝硬変とそれに合併するＳｐｕｒ ｃｅｌｌ ａｎｅｍｉａと診断した．
肝硬変に対する栄養療法，貧血に対する輸血で対応したが徐々に肺野の透過性が低下し，酸素化不良を呈した．
人工呼吸器管理として輸血およびｐｌａｓｍａ ｆｉｌｔｒａｔｉｏｎ ｗｉｔｈ ｄｉａｌｙｓｉｓ，利尿剤の持続静脈注射を行った．
集学的治療により人工呼吸器離脱可能となり，現在は退院して外来通院中である．
【考察】Ｓｐｕｒ ｃｅｌｌ ａｎｅｍｉａは， Ｓｍｉｔｈらが１９６４年に初めて報告した肝硬変にまれに合併する病態であり，末梢血に有棘性の赤血球形態異常を伴ったＳｐｕｒ ｃｅｌｌが出現して重篤な溶血性変化をきたす．
Ｓｐｕｒ ｃｅｌｌ ａｎｅｍｉａは肝硬変の予後不良因子として報告されており，肝移植が唯一の治療法とされるが，本例では集学的治療を行うことで肝移植を施行することなく，外来通院可能となった．
良好な経過を辿ったＳｐｕｒ ｃｅｌｌ ａｎｅｍｉａを合併した若年アルコール性肝硬変の報告は少なく文献的考察を含め報告する．","【症例】２６歳，男性．
【主な症状】歩行が難しい状態，黄疸（皮膚や白目が黄色く見える状態），足のむくみ
【現在の病気の経過】肝臓に炎症を起こす原因となる輸血，手術，獣肉等の食事摂取なし，家族の病歴なし．
２０歳からビール，日本酒，ウイスキー等，一日の摂取アルコール総量２００ｇ－３００ｇ相当の飲酒を継続していた．
Ｘ年３月胆嚢炎（胆のうに炎症が起こる病気）疑いで入院し，その際にアルコール性肝硬変（長期間の過剰な飲酒によって肝臓が硬くなり機能が低下した状態）を指摘された．
Ｘ年８月頃から足のむくみ，尿の黄色が濃くなっていることを自覚していた．
その後徐々に階段昇降が困難となり，立ったままでいることが難しくなったため，Ｘ年１０月当院救急搬送された．
入院時身体所見は明らかな黄疸とかゆみ，足のむくみが現れていたが，肝性脳症（肝臓の機能が著しく低下することで、脳に異常が起こる状態）はなかった．
ＣＴでは慢性的な肝臓の機能低下，脾腫（脾臓が通常よりも大きく腫れる状態），皮膚の下のむくみの悪化を認め，両側胸水貯留（肺と胸壁の間に液体が異常に貯まった状態），肺水腫（肺に水分が異常に貯まった状態）と右肺の上方に浸潤影（炎症や異常な細胞・液体が入り込んでできる白い影）が見られた．
血液検査はＡＳＴ（肝臓の酵素） ５８ＩＵ／ｌ，ＡＬＴ（肝臓の酵素） ｌ８ＩＵ／ｌ，ＡＬＰ（胆道の酵素） １７５ＩＵ／ｌ，γ－ＧＴＰ（胆道の酵素）  ２０８ＩＵ／ｌ，ＬＤＨ （肝臓の酵素）４４９Ｕ／１，ＣｈＥ（肝臓の酵素） １０２Ｕ／１，Ｔ－ｂｉｌｌ（肝臓・胆道の状態） １２．７ｍｇ／ｄｌ，Ｄ－ｂｉｌｌ（肝臓や胆道の状態） ５．４ｍｇ／ｄｌ， ＰＴ（血液が固まるまでの時間）３０％， Ｃｕ血清銅（血液に含まれる銅） ９０μｇ／ｄｌ，Ｍ２ＢＰＧｉ （肝臓の線維化の程度）１２．１６ＣＯＩ， 各種肝炎ウイルスマーカーは異常なし， サイトメガロウイルスとエプスタイン・バーウイルスの抗体反応は過去に感染したことを示すパターン，ＩｇＧ（ 体を守るために働く抗体の一種）１５６９ｍｇ／ｄｌ， 抗核抗体（自分の細胞の核を標的にする自己抗体）４０倍未満，抗Ｍ２抗体（自己抗体）陰性であった．
血球の血液検査では，白血球数（免疫の状態）４９００／μｌ，赤血球数（貧血の状態）４１０×１０４／μｌ，ヘモグロビン（貧血の状態） ２．１ｇ／ｄｌ，ヘマトクリット （貧血の状態）６．２％，ＭＣＶ（赤血球1個当たりの平均的な大きさ）１５１．２ｆｌ，ＭＣＨＣ（赤血球1個当たりの平均ヘモグロビン濃度） ５１．２Ｐｇ，血小板（出血のしやすさ）１０．７×１０４／μｌ，網状赤血球（貧血の状態）の上昇を認めた．末梢血塗抹標本（顕微鏡で血球を観察する検査）では溶血（赤血球が壊れて中のヘモグロビンなどが血液中に漏れ出した状態）を反映した破砕赤血球（赤血球が壊れてできた断片）および有棘赤血球（異常な赤血球）がみられた．肝臓の組織の一部を採って調べる検査では肝細胞が風船のように膨らみ，マロリー体（アルコールによる肝臓病で肝臓の細胞内に見られる構造），肝細胞周囲の線維化（繊維成分により硬くなった状態），炎症細胞浸潤（炎症部位に免疫に関わる細胞が入り込むこと）がみられた．そのため，アルコール性肝硬変とそれに合併するスパーセル貧血（アルコール性肝硬変でよく起こる溶血性貧血）と診断した．
肝硬変に対する食事や栄養素の補給，貧血に対する輸血で対応したが，画像上徐々に肺が通常より白くなり，酸素が十分に体内に届かなくなった．
人工的に呼吸をサポートする人工呼吸器を装着し，輸血，血漿交換と透析（血液を浄化する治療法），利尿剤（体内の余分な水分を排泄する薬）の持続静脈注射を行った．
複数の治療を組み合わせて行うことにより人工呼吸器を外すことができる状態になり，現在は退院して外来通院中である．
【考察】スパーセル貧血は， スミス氏らが１９６４年に初めて報告した肝硬変をまれに合併する病態であり，末梢血（体の末端の血管を流れている通常の血液）に不規則な突起のある赤血球のように形の異常を伴ったスパーセルが現れて重篤な溶血による変化が起こる．スパーセル貧血は肝硬変の経過が悪くなる可能性を高める要素として報告されており，肝移植が唯一の治療法とされるが，本例では複数の治療を組み合わせて行うことで肝移植を施行することなく，外来通院が可能となった．
良好な経過を辿ったスパーセル貧血を合併した若年アルコール性肝硬変の報告は少なく文献に基づく考察を含め報告する．
"
JP0217-31,train,"【背景】門脈体循環シャントによる肝性脳症は，肝硬変や門脈圧充進症などの背景疾患を認めることが多い．
今回，肝臓に基礎疾患を認めず急性発症した肝性脳症に対して肝内門脈肝静脈シャントと診断し経皮経肝塞栓術 （ｐｅｒｃｕｔａ－ｎｅｏｕｓ ｔｒａｎｓｈｅｐａｔｉｃ ｏｂｌｉｔｅｒａｔｉｏｎ ； ＰＴＯ）を行った症例を経験したので，報告する．
【症例】症例は６８歳，男性．
心筋梗塞での加療中に傾眠傾向を認め，血液検査にて高アンモニア血症（１９３μｇ／ｄＬ）を指摘された．
頭部ＭＲＩのＴ１強調画像にて両側淡蒼球に高信号を認め，肝性脳症による意識障害と診断され，先天性代謝障害などが疑われ当院に紹介受診となった．
飲酒歴なし．
ＨＢｓ抗原陰性，ＨＣＶ抗体陰性．
転院時アンモニア１７６μｇ／ｄＬ， フィッシャー比１．４（基準２．４３～４．４），血中シトルリン２７．８ｎｍｏｌ／ｍＬ（基準１７．１～４２．６ｎｍｏｌ／ｍＬ）．
腹部エコーにて肝の形態に異常を認めず，左門脈分枝の拡張を認め，ドップラーにて門脈肝静脈シャントを疑った．
造影ＣＴにて肝内シャントのみで肝外にはシャントを認めなかった．
前医から開始していたラクチトールを増量したが効果乏しいため， ＰＴＯを施行した．
門脈造影では， ＣＴにて指摘の門脈左枝のシャントの他に，両葉に無数の非拡張性のシャントが認められた．
門脈左枝の瘤化している門脈肝静脈シャントに対して金属コイルにて塞栓を行った．
治療後，アンモニアは直ちに正常値化（４２μｇ／ｄＬ）し，以後も上昇なく経過した．
ラクチトール中止後もアンモニアの上昇を認めなかった．
【考察】本症例は，肝臓の基礎疾患なく突如発症した肝性脳症であるが，腹部エコー，造影ＣＴにて速やかに診断され治療に進むことができた．
肝性脳症の原因としては，肝硬変や門脈圧充進症に伴う門脈体循環シャントによるもの，尿素回路の先天的代謝障害などの他，本症例のように肝疾患を伴わない門脈体循環シャントによるものも報告されており，中でも肝内門脈肝静脈シャントの頻度はまれとされている．
成因として，外傷，肝生検の既往などがある場合は後天性と推測される．
本症例は急性心筋梗塞以外の既往はなく，先天的なものと考えられた．
無症状で偶然診断されたり，高齢になって初めて肝性脳症で診断される報告もあり，非硬変肝症例における肝性脳症の鑑別として念頭に置くべきと考えられた．
【結語】肝内門脈肝静脈シャントによる肝性脳症に対して経皮経肝塞栓術が奏功した．","【背景】門脈体循環シャント（肝臓に行くはずの血液が肝臓を通らずに全身に流れてしまう異常な血管の通り道ができた状態）による肝性脳症（肝臓の機能が著しく低下することで、脳に異常が起こった状態）は，肝硬変（肝臓の慢性的な炎症や障害により肝細胞が硬くなり肝臓の機能が低下した状態）や門脈圧充進症（門脈の血圧が異常に高くなった状態）などの原因となる病気を認めることが多い．
今回，肝臓に病気がなかったにも関わらず，急に発症した肝性脳症に対して肝内門脈肝静脈シャント（肝臓に行くはずの血液が肝臓を通らずに全身に流れてしまう異常な血管の通り道が肝臓内にできた状態）と診断し経皮経肝塞栓術（ＰＴＯ: 皮膚から肝臓を経由して血管に直接アクセスし、異常な血流を遮断する治療法）を行った症例を経験したので，報告する．
【症例】患者は６８歳，男性．
心筋梗塞（心臓の血管が詰まる病気）のため治療中に起きてもすぐに眠ってしまう症状があり，血液検査にて高アンモニア血症（血液中のアンモニア濃度が異常に高い状態）（１９３μｇ／ｄＬ）を指摘された．
頭部ＭＲＩ（体の内部を画像化する検査）のＴ１強調画像にて両側淡蒼球に高信号（慢性的な肝機能障害を示す所見）を認め，肝性脳症により意識がはっきりしない状態と診断された．また先天性代謝障害（生まれつき代謝に必要な酵素不足・機能低下があることにより様々な症状を引き起こす病気））が疑われ当院に紹介受診となった．
飲酒歴なし．
ＨＢｓ抗原陰性（B型肝炎ウィルスの検出なし），ＨＣＶ抗体陰性（Ｃ型肝炎に感染している可能性は低い）．
転院時のアンモニア（肝臓の機能や肝性脳症の評価など）１７６μｇ／ｄＬ， フィッシャー比（肝臓の機能の評価）１．４（基準２．４３～４．４），血中シトルリン（高アンモニア血症の評価など）２７．８ｎｍｏｌ／ｍＬ（基準１７．１～４２．６ｎｍｏｌ／ｍＬ）．
腹部の超音波検査では肝臓の形に異常を認めず，左の門脈が分岐する部分の拡張（太くなった状態）を認めた．ドップラー（超音波で血液の流れを可視化する検査）では門脈肝静脈シャント（門脈と肝静脈が異常につながり異常な血管の通り道ができる状態）を疑った．
造影剤を使ったＣＴにて門脈肝静脈シャントは肝臓内のみで肝臓外には認めなかった．
前の病院から開始していたラクチトール（高アンモニア血症治療薬）を増量したが効果が乏しいため，経皮経肝塞栓術を施行した．
門脈造影（門脈系の血流や構造を画像で評価する検査）では， ＣＴでみられた門脈左枝（左側の枝）のシャント（異常な血管の通り道）の他に，肝臓の左右に無数の非拡張性（太くなっていない）のシャントが認められた．
門脈左枝のこぶ状に膨らんでいる門脈肝静脈シャントに対して，金属のコイルを挿入し血流を遮断した．
治療後，アンモニアは直ちに正常（４２μｇ／ｄＬ）になり，以後も上昇なく経過した．
ラクチトール中止後もアンモニアの上昇を認めなかった．
【考察】この患者は，肝臓の慢性的な病気がなく突然発症した肝性脳症であるが，腹部超音波検査，造影剤を使用したＣＴにて速やかに診断され治療に進むことができた．
肝性脳症の原因としては，肝硬変や門脈圧充進症に伴う門脈体循環シャントによるもの，尿素回路の先天的代謝障害（体内で毒性のあるアンモニアを処理する仕組みに生まれつきの異常がある病気）などの他，この患者のように肝臓の病気を伴わない門脈体循環シャントによるものも報告されており，中でも肝内門脈肝静脈シャントの頻度はまれとされている．
原因として，過去にけがや肝生検（肝臓の組織の一部を採取して調べる検査）などの経験がある場合は生まれつきではないと考えられる．
この患者は急性心筋梗塞以外の既往はなく，生まれつきのものと考えられた．
症状がなく偶然診断されたり，高齢になって初めて肝性脳症で診断される報告もあり，肝硬変がない症例では肝性脳症の判別するために念頭に置くべきと考えられた．
【まとめ】肝内門脈肝静脈シャントによる肝性脳症に対して経皮経肝塞栓術が功を奏した．
"
JP0217-32,train,"【症例】８２歳女性
【主訴】意識障害
【既往歴】Ｘ－１１年：慢性Ｃ型肝炎ＩＦＮ治療，Ｘ－１年：Ｃ型肝硬変経口２剤（ＤＣＶ＋ＡＳＶ） ＳＶＲ， Ｘ－１年１２月１１日：大動脈弁狭窄症 ＴＡＶＩ
【現病歴，臨床経過】Ｘ－１年Ｃ型肝硬変に対しＤＣＶ＋ＡＳＶによる治療を施行されＳＶＲの判定，その後は定期経過観察の方針となっていた．
Ｘ－１年１２月１１日大動脈弁狭窄症に対しＴＡＶＩを施行．
治療は問題なく終了するも術後より意識障害，高アンモニア血症がみられるようになっていた．
術後リハビリ目的にＸ年１月８日転院となったが転院先でも同様に意識障害，高アンモニア血症を反復するようになっていた．
保存的加療にてその都度改善を認めていたが経過中に浮腫，呼吸困難が出現，慢性心不全急性増悪の診断で当院循環器内科転院となった．
利尿剤調整で心不全は改善傾向となったが再び高アンモニア血症が出現，今後の精査目的に当科紹介，加療目的に転科となった．
肝予備能に関してはＳＶＲ後であり， Ｃｈｉｌｄ Ｐｕｇｈ ｇｒａｄｅ Ａ （６点）と比較的良好であったものの，胃，脾－左腎静脈に門脈体循環シャント形成があり，肝硬変に加えシャントによる影響も大きいと診断した．
今後心不全治療を行っていく上で肝性脳症を繰り返す危険性が高いと判断，根治的治療として経皮経肝的塞栓療法を施行することとした．
３月１日経皮経肝的塞栓療法施行．
治療は問題なく終了し，術後大きな偶発症なく経過した．
術後血中アンモニア値は速やかに正常化し，その後脳症の併発は認めず経過している．
【考察】肝性脳症は非代償性肝硬変の一表現型であるが，患者のＱＯＬを低下させ精神的尊厳も大きく損なうため，積極的な治療の適応となる．
内科的治療としてタンパク摂取量の制限，ラクツロースや分枝鎖アミノ酸製剤の経口投与や点滴が行われる．
近年では難吸収性抗生物質であるリファキシミンやエルカルニチン製剤の有用性も報告されている．
肝硬変から門脈体循環シャントの著明な発達を認めた場合治療に難渋することがあり，その際にはバルーン閉塞下逆行性経静脈的塞栓術や門脈大循環分流術，経皮経肝的塞栓療法が選択される，治療経過は概ね著効を示すことが多いが，やはり腹水貯留や静脈瘤増悪例の報告もあり，治療適応の判断には十分な注意が必要と思われる．
本症例は心不全治療に際して厳密な体液管理が必要であり，脱水に伴い容易に脳症を併発していたためシャント塞栓術の適応と考えられた．
治療後経過は良好でその後も様々な治療を行っているが脳症の再発は認めていない．","【症例】８２歳女性
【主な症状】意識がはっきりしない
【これまでの病歴】
Ｘ－１１年：慢性Ｃ型肝炎（C型肝炎ウイルスによる肝臓の炎症が長期間続いている状態）に対しインターフェロンという薬で治療．
Ｘ－１年：Ｃ型肝硬変（C型肝炎ウイルスによる慢性的な炎症により肝臓が硬くなった状態）に対して，２種類のウイルス治療内服薬（ＤＣＶ：ダクラタスビル，ＡＳＶ：アスナプレビル）で治療．治療の結果ＳＶＲ（治療後も血液検査でウイルスが検出されない状態が持続している）
Ｘ－１年１２月１１日：大動脈弁狭窄症（心臓の弁が狭くなる病気）に対して，経カテーテル大動脈弁植え込み術（カテーテルを使って心臓の弁を取りかえる治療）を実施．
【病気の経過】Ｘ－１年Ｃ型肝硬変に対してダクラタスビルとアスナプレビルによる治療がおこなわれ、ＳＶＲの判定，その後は定期的に経過をみていくことになっていた．
Ｘ－１年１２月１１日大動脈弁狭窄症に対して，経カテーテル大動脈弁植え込み術を行った．
術後のリハビリのためにＸ年１月８日他の病院に移動したが，その病院でも同様に意識がはっきりしない状態，高アンモニア血症（血液中のアンモニア濃度が異常に高い状態）を繰り返すようになっていた．
薬剤など負担の少ない治療によりその都度改善していたが，その経過中にむくみ，息苦しさが出現し，慢性心不全（慢性的な心臓の働きの低下）の急激な悪化と診断され，当院循環器内科へ移動することとなった．
利尿剤（体内の余分な水分を尿として出す薬）を調整して心不全は改善傾向となったが，再び高アンモニア血症が出現した．今後の精密検査のため当科に紹介され，治療のため診療科が当科へ変更となった．
肝臓機能の余力についてはＳＶＲ後であり，チャイルド・ピュー分類（肝硬変の重症度分類）グレード Ａ （６点）と比較的良好であったものの，腹部の胃，脾－左腎静脈に門脈体循環シャント（肝臓に行くはずの血液が肝臓を通らずに全身に流れてしまう異常な血管の通り道ができた状態）があり，肝硬変に加えシャント（異常な血管の通り道）による影響も大きいと診断した．
今後心不全治療を行っていく上で肝性脳症（肝臓の機能が著しく低下することで、脳に異常が起こる状態）を繰り返す危険性が高いと判断し，根本的な治療として経皮経肝的塞栓療法（肝臓のシャントを塞ぐカテーテル治療）を行うこととした．
３月１日経皮経肝的塞栓療法を実施．
治療は問題なく終了し，術後思いがけない合併症なく経過した．
術後血中アンモニア値（肝臓の働きや代謝異常を評価する検査）は速やかに正常になり，その後脳症が起こることなく経過している．
【考察】肝性脳症は非代償性肝硬変（肝硬変が悪化し，様々な症状が現れた状態）であるが，患者の生活の質を低下させ精神的尊厳も大きく損なうため，積極的な治療が妥当である．
内科の治療としてタンパク質の摂取量の制限，ラクツロース（血液中のアンモニア濃度を下げる薬）や分枝鎖アミノ酸製剤（肝性脳症の症状や栄養状態を改善する薬）の内服や点滴が行われる．
最近では難吸収性抗生物質（消化管内のみで作用する抗菌薬）であるリファキシミンやエルカルニチン製剤の有効性も報告されている．
肝硬変から門脈体循環シャントの著明な発達を認めた場合，治療に困難なことがあり，その際にはバルーン閉塞下逆行性経静脈的塞栓術（異常な血管を塞いで血流を止める治療）や門脈大循環分流術（血管の通り道であるシャントを手術で閉鎖する治療法），経皮経肝的塞栓療法（肝臓のシャントを塞ぐカテーテル治療））が選択される，治療経過は良好なことが多いが，やはり腹水貯留や静脈瘤（静脈がこぶのように膨らんだ状態）が悪化した例の報告もあり，治療が妥当かの判断には十分な注意が必要と思われる．
本症例は心不全治療に際して厳密な体液管理（体内の水分と電解質のバランスを保つこと）が必要であり，脱水に伴い容易に脳症を併発していたためシャント塞栓術（シャントを塞いで、血流を正常に戻す治療）が妥当と考えられた．
治療後経過は良好でその後も様々な治療を行っているが脳症の再発は認めていない．
"
JP0217-33,train,"リファキシミンおよびエルカルチンの登場により多くの肝性昏睡はコントロール可能となっている．
しかし，一部の症例，特に太い門脈・大循環短絡路を有する症例ではこれらの治療によっても肝性昏睡のコントロールが困難である．
今回我々はＡＭＰＬＡＴＺＥＲＴＭ Ｖａｓｃｕｌａｒ Ｐｌｕｇ （血管用プラグ）を用いて脾腎シャントを塞栓することにより肝性昏睡のコントロールが可能であったＣ型肝硬変の１例を経験したので報告する．
【症例】８０歳女性，
【主訴】意識障害，
【既往歴】食道静脈瘤，
【現病歴】Ｃ型肝硬変加療中であったが，約５年前から肝性昏睡を認めていた．
当初はラクツロースとＢＣＡＡ製剤のみでコントロール可能であったが，徐々にコントロール不良となり，リファキシミンおよびレボカルチンを追加し，更に週３回ＢＣＡＡ製剤の点滴を受けるも頻回に肝性昏睡に陥っていた．
今回も意識障害が出現し救急外来を受診した．
【経過】受診時，肝性昏睡 ＩＩＩ度．
血液生化学検査はＡｌｂ ３．０ｇ／ｄＬ， Ｔ.Ｂｉｌ １．１ｍｇ／ｄＬ， ＮＨ３ １３８μｇ／ｄＬ， ＰＬＴ １１．８ｘ１０＾４／μＬ，ＰＴ ６３．６％，ＰＴ－ＩＮＲ 1.３０であった．
造影ＣＴで太い脾腎シャントを認めた．
ＢＣＡＡ製剤の点滴で意識は肝性昏睡Ｉ度に改善した．
家族へ十分なＩＣの後に脾腎シャント閉塞術を行なった．
右大腿静脈からアプローチし脾腎シャントをＡＭＰＬＡＴＺＥＲＴＭ Ｖａｓｃｕｌａｒ Ｐｌｕｇで塞栓した．
術中特に合併症は認めなかった．
翌日にはＮＨ３ ４７μｇ／ｄＬと改善し治療後は肝性昏睡は出現していない．
【考察】太い脾腎シャントを有し，リファキシミン，ラクツロースなどの内服薬が無効な肝性昏睡に対してはエタノラミンオレイト（ＥＯ）を用いたＢ－ＲＴＯが奏功する場合が多い．
しかしＥＯの使用量が多いため血管内溶血による腎障害予防のためハプトグロブリンが必要であり，バルーンの閉塞が不十分な場合の肺塞栓の危険性や， ＥＯが門脈に流れて肝梗塞を起こす危険性などがある．
血管用プラグを用いた塞栓はこれらの危険性がなく安全に治療が可能と考えられた．
【結語】血管用プラグを用いて脾腎シャントを塞栓することにより肝性昏睡のコントロールが可能であった症例を経験したので報告する．","リファキシミン（アンモニアが作られるのを抑える薬）とエルカルチン（アミノ酸の一種）の登場により，多くの肝性昏睡（肝臓の働きが低下することにより意識に障害が起こる病気）は治療できるようになっている．
しかし，特に太い門脈・大循環短絡路（肝臓に行くはずの血液が肝臓を通らずに全身に流れてしまう異常な血管の通り道ができた状態）を有するような一部の症例では，これらの治療を行っても肝性昏睡をコントロールするのは難しい．
今回我々は血管プラグ（ＡＶＰ）を用いて脾腎シャント（脾臓と腎臓の間で本来あるべきでない血管の通り道ができる病気）を遮断することにより肝性昏睡の治療ができたＣ型肝硬変（C型肝炎ウイルスによる慢性的な炎症により肝臓が硬くなった状態）の１例を経験したので報告する．
【症例】８０歳女性，
【主な症状】意識がはっきりしない
【これまでに罹った病気】食道静脈瘤（食道の静脈が異常に膨らんだ状態），
【現在の病歴】Ｃ型肝硬変の治療中であったが，約５年前から肝性昏睡があった．
当初はラクツロース（血液中のアンモニア濃度を下げる薬）とＢＣＡＡ製剤（肝性脳症の症状や栄養状態を改善する薬）のみで症状をコントロールできていたが，徐々にコントロールができなくなり，リファキシミンとレボカルチンを追加し，更に週３回ＢＣＡＡ製剤の点滴を行ったが，頻繁に肝性昏睡に陥っていた．
今回も意識はっきりしない状態になり，救急外来を受診した．
【経過】受診時，肝性昏睡 ＩＩＩ度（重度肝性昏睡）．
血液生化学検査は，アルブミン（肝臓で作られるタンパク質） ３．０ｇ／ｄＬ， 総ビリルビン（肝臓や胆道の状態）．１ｍｇ／ｄＬ， アンモニア（肝性脳症や肝臓の病気の評価） １３８μｇ／ｄＬ， 血小板数（血を止める働き） １１．８ｘ１０＾４／μＬ，ＰＴ（血液が固まるまでの時間） ６３．６％，ＰＴ－ＩＮＲ（血液が固まりやすさを示す値） 1.３０であった．
造影を使ったＣＴで太い脾腎シャントを認めた．
ＢＣＡＡ製剤の点滴で意識は肝性昏睡Ｉ度（軽度の肝性脳症）に改善した．
家族へ十分な説明を行い，同意を得た後に脾腎シャント閉塞術（脾腎シャントの血液の流れを遮断する治療）を行なった．
右大腿静脈（右足の付け根）からアプローチし，脾腎シャントを血管プラグで塞いだ．
処置中に特に合併症は認めなかった．
翌日にはアンモニア ４７μｇ／ｄＬと改善し，治療後に肝性昏睡は出現していない．
【考察】太い脾腎シャントを有し，リファキシミン，ラクツロースなどの内服薬が無効な肝性昏睡に対してはエタノラミンオレイト（ＥＯ：静脈瘤など血管を塞ぐ薬）を用いたバルーン閉塞下逆行性経静脈的塞栓術（Ｂ－ＲＴＯ：シャントや静脈瘤を塞ぐ治療）が有効である場合が多い．
しかしＥＯの使用量が多いため血管内溶血（赤血球が壊れること）によって，腎臓の働き悪くならないようにハプトグロブリン（肝臓で産生される血漿タンパク質）が必要であり，バルーンの閉塞が不十分な場合の肺塞栓（血の塊が肺の血管に詰まる病気）の危険性や， ＥＯが門脈（肝臓へ血液を運ぶ大きな血管）に流れて，肝梗塞（肝臓の一部に血液が届かなくなること）を起こす危険性などがある．
血管用プラグを用いた塞栓はこれらの危険性がなく安全に治療ができると考えられた．
【結語】血管用プラグを用いて脾腎シャントの血流を遮断することによって肝性昏睡を治療できた症例を経験したので報告する．
"
JP0217-37,train,"【背景】肝硬変に合併した胃静脈瘤の治療として，本邦では，バルン閉塞下逆行性胃静脈瘤塞栓術（Ｂ－ＲＴＯ）が施行されることも多く，肝硬変診療ガイドライン２０１５でも推奨されている．
一方で，部分的脾動脈塞栓術（ＰＳＥ）は，脾動脈を部分的に塞栓することにより，脾臓容量を縮小，脾機能亢進を是正し，門脈圧ならびに肝機能を改善し得る治療法である．
今回，我々は，巨大脾腫ならびに血小板減少を認めた胃静脈瘤合併アルコール性肝硬変に対して，先行治療としてＰＳＥを行い，待機的にＢ－ＲＴＯを行った結果，胃静脈瘤ならびに肝機能の改善を得た一例を経験したので報告する．
【症例】７０歳代男性．
アルコール性肝硬変にて，近医加療中のところ，食道静脈瘤治療日的にて，Ｘ年，当科紹介となった．
上部内視鏡検査にて，食道静脈瘤（Ｌｍ， Ｆ３， Ｃｂ， ＲＣ０）ならびに胃静脈瘤（Ｌｇ－ｃｆ， Ｆ１， ＲＣ０）を認め，内視鏡的静脈瘤硬化療法を施行し，食道静脈瘤の消退を認めたため，外来にて経過観察とした．
外来にて定期的に上部内視鏡検査ならびに腹部画像検査を行ったところ，食道静脈瘤は増悪を認めなかったが，徐々に胃静脈瘤の増大（Ｆｌ→Ｆ２）を認めた．
腹部造影ＣＴで，巨大脾腫ならびに脾腎シャント，胃内腔に突出した胃静脈瘤を認めた．
さらには，脾機能亢進に伴う血小板数低値（５－７万／μｌ）ならびに高アンモニア血症（１００ｍｇ／ｄｌ前後）も認めたため，ＰＳＥにて脾機能改善を先行させた後にＢ－ＲＴＯにより胃静脈瘤治療を行う方針とした．
Ｘ＋３年，脾動脈下極枝を中心に，脾臓全体８割程度の塞栓するＰＳＥを施行したところ，血小板数は，治療前７．３万／μｌであった血小板数は，約１ヶ月後に，１５．８万／μｌにまで上昇し，脾機能亢進に対する良好な改善効果を認めた．
続いて，左副腎静脈に流入する胃腎シャントに対してＢ－ＲＴＯを施行したところ，造影ＣＴでは，胃静脈瘤への血流消失を確認でき，約２か月後の上部内視鏡検査で，胃静脈瘤の縮小（Ｌｇ－ｃｆ， Ｆｌ， ＲＣ０）を認め，血小板数１５万／μｌ，アンモニア値３２ｍｇ／ｄｌ等，肝機能の改善を認めた．
【考案及び結語】脾機能が著明に亢進した肝硬変に合併した胃静脈瘤に対しては，ＰＳＥを先行させることにより，より安全にＢ－ＲＴＯを施行でき，最終的に肝機能の改善が期待できる可能性が示唆された．","【背景】肝硬変（慢性的な炎症により肝臓が硬くなった状態）に合併した胃静脈瘤（胃の静脈がこぶ状に膨らんだ状態）の治療として，日本では，バルン閉塞下逆行性胃静脈瘤塞栓術（Ｂ－ＲＴＯ：静脈瘤を塞ぐ治療）が行われることも多く，肝硬変診療ガイドライン（指針）２０１５でも推奨されている．
一方で，部分的脾動脈塞栓術（ＰＳＥ）は，脾臓の動脈を部分的に塞ぐことにより，脾臓容量を小さくし，脾機能亢進（脾臓が過剰に働きすぎた状態）を改善し，門脈圧（肝臓へ血液を運ぶ門脈内の血圧）と肝臓の働きを改善できる治療法である．
今回，我々は，巨大脾腫（脾臓が非常に大きくなった状態）と血小板減少（出血しやすい状態）を認め，胃静脈瘤を合併したアルコール性肝硬変（長期間の過剰な飲酒によって肝臓が硬くなった状態）に対して，ＰＳＥでの治療を優先的に行った．そしてＢ－ＲＴＯは状態を見ながら行った結果，胃静脈瘤と肝臓の働きが改善した一例を経験したので報告する．
【症例】７０歳代男性．
かかりつけ医でアルコール性肝硬変の治療を受けていたところ，食道静脈瘤（食道の静脈がこぶ状に膨らんだ状態）の治療のため，Ｘ年，当科へ紹介となった．
胃カメラでは，食道静脈瘤（部位：食道の中部， 形：隆起し太い， 色：青色， 発赤：赤くなっていない）と胃静脈瘤（部位：胃の入口～上部， 形：細い直線状， 発赤：赤くなっていない）を認め，内視鏡的静脈瘤硬化療法（食道や胃の静脈瘤に対する胃カメラを用いた治療）を行い，食道静脈瘤が消失したため，外来で経過をみていた．
外来にて定期的に胃カメラと腹部画像検査を行ったところ，食道静脈瘤は悪化していなかったが，徐々に胃静脈瘤の大きくなっていた（形：細く直線状→連珠状）．
腹部の造影剤を使ったＣＴでは，巨大脾腫，脾腎シャント（脾臓と腎臓の間で本来あるべきでない血管の通り道ができる病気），胃の内側に突出した胃静脈瘤を認めた．
さらに，脾機能亢進に伴う血小板数減少（５－７万／μｌ：出血しやすい状態）と高アンモニア血症（１００ｍｇ／ｄｌ前後：血液中のアンモニア濃度が高い状態）を認めたため，ＰＳＥによって脾臓の働きの改善を優先させ，その後にＢ－ＲＴＯにより胃静脈瘤の治療を行う方針とした．
Ｘ＋３年，脾動脈下極枝（脾臓の下方に血液を送る枝）を中心に，脾臓全体８割程度の動脈を塞ぐＰＳＥを行ったところ，血小板数は，治療前７．３万／μｌであった血小板数は，約１ヶ月後に，１５．８万／μｌにまで上昇し，脾機能亢進に対して良好な改善効果が得られた．
続いて，左副腎（重要なホルモンを分泌する臓器）の静脈に流入する胃腎シャントに対してＢ－ＲＴＯを施行したところ，造影剤ＣＴでは，胃静脈瘤への血流が消失していることが確認でき，約２か月後の胃カメラで，胃静脈瘤が小さくなっていることを確認した（部位：胃の入口～上部， 形：細い直線， 発赤：赤くなっていない）．また血小板数１５万／μｌ，アンモニア値３２ｍｇ／ｄｌ等，肝臓の働きが改善していた．
【考案とまとめ】脾機能亢進があり，肝硬変に合併した胃静脈瘤に対しては，ＰＳＥを先に行うことにより，安全にＢ－ＲＴＯを実施できて，最終的に肝臓の働きの改善が期待できる可能性があることが示された．
"
JP0217-38,train,"【背景】本邦で開発されたバルーン閉塞下逆行性経静脈的塞栓術（ＢＲＴＯ）は胃静脈瘤のみならず肝性脳症に対する低侵襲かつ効果的なＩＶＲ治療である．
一方，ＢＲＴＯが肝予備能を改善し生命予後を延長させ得ることも既に報告されている．
今回我々は，巨大な脾腎シャントを有する非代償性肝硬変患者にＢＲＴＯを施行し，肝機能が劇的に改善した１例を経験したので報告する．
【現病歴】Ｃ型非代償性肝硬変（ＳＶＲ後）に対して他院で経過観察されていた６０歳代後半の女性患者で，肝性脳症に対して複数回の入院加療歴あり．
肝移植目的で某大学病院外科に紹介されるも実現せず，セカンドオピニオン目的で当科を紹介受診した．
【血液生化学検査所見】 ＴＢ：２．１ｍｇ／ｄＬ，Ａｌｂ：２．７ｇ／ｄＬ，ＰＴ：３６．６％（ＩＮＲ：１．８０），Ａｍｍｏｎｉａ：１９９μｇ／ｄＬ，Ｃｒｅ：０．５９ｍｇ／ｄＬ，Ｎａ：１４０ｍｍｏｌ／Ｌ
【画像検査所見】ダイナミックＣＴ検査にて高度の肝萎縮（４３４．７㎤）および著明に発達した脾腎シャントが認められるも，胸腹水・肝細胞癌は認められず．
ドプラ超音波検査にて門脈血流は求肝性，脾静脈血流は遠肝性で， ＦｉｂｒｏＳｃａｎにて肝硬度は２１．５ｋＰａ．【臨床経過】 Ｃｈｉｌｄ－Ｐｕｇｈスコア：１１，ＭＥＬＤ－Ｎａスコア：１６の本症例に対してＢＲＴＯを施行した．
バルーン閉塞試験にて術後の門脈圧上昇が許容範囲内であると判断し，シャント内に５％ＥＯＩを計７ｍｌ注入してその血栓化に成功した．
術中・術後とも合併症・偶発症を生じることなく経過した．
術７ヶ月後の各種検査結果は以下の通りで，Ｃｈｉｌｄ－Ｐｕｇｈスコア：５，ＭＥＬＤ－Ｎａスコア：８に改善した．
ＴＢ：０．９ｍｇ／ｄＬ，Ａｌｂ：３．７ｇ／ｄＬ，ＰＴ：７９．３％（ＩＮＲ：１．１３），Ａｍｍｏｎｉａ：２９ｕｇ／ｄＬ，Ｃｒｅ：０．６６ｍｇ／ｄＬ，Ｎａ：１４０ｍｍｏｌ／Ｌ．脾腎シャントは消失し，肝容積は倍増（８７５．６㎤）した．
胸腹水なく，食道胃静脈瘤増悪も認められず．
【考案・結語】当科では，術前肝硬度がＢＲＴＯ後の予後予測因子であることを報告しており（Ｊ Ｇａｓｔｒｏｅｎｔｅｒｏｌ Ｈｅｐａｔｏｌ． ２０１９），そのエビデンスに基づいて本症例の治療方針を決定した．
非代償性肝硬変に対するＢＲＴＯは，適応を見極めることによって肝移植の代替治療になり得ることが示唆された．","【背景】日本で開発されたバルーン閉塞下逆行性経静脈的塞栓術（ＢＲＴＯ：静脈瘤を塞ぐ治療）は胃静脈瘤（胃の静脈がこぶ状に膨らんだ状態）のみならず肝性脳症（肝臓の機能が著しく低下することで脳に異常が起こる状態）に対しても負担が少なく，効果的なカテーテル治療である．
一方，ＢＲＴＯが肝臓の予備能力を改善し，余命などの病気の見通しを延長させ得ることも既に報告されている．
今回我々は，巨大な脾腎シャント（脾臓と腎臓の間で本来あるべきでない血管の通り道ができる病気）のある非代償性肝硬変（肝硬変が悪化し，様々な症状が現れた状態）の患者にＢＲＴＯを実施し，肝臓の働きが劇的に改善した１例を経験したので報告する．
【現在の病気の経過】治療によりC型肝炎ウイルスが体内に検出なくなった後，Ｃ型非代償性肝硬変（C型肝炎ウイルスによる慢性的な炎症により肝臓の働きが低下した状態）に対して他の病院で経過をみていた６０歳代後半の女性患者で，肝性脳症により複数回入院し治療を受けていた．
肝臓移植を受けるため某大学病院外科に紹介されたが実現せず，セカンドオピニオン（主治医以外の医師に第2の意見を求めること）のため当科を紹介受診した．
【血液生化学検査結果】 総ビリルビン（肝臓や胆道の状態）：２．１ｍｇ／ｄＬ，アルブミン（肝臓で作られるタンパク質）：２．７ｇ／ｄＬ，プロトロンビン時間（血液が固まるまでの時間）：３６．６％（国際標準比：１．８０），アンモニア（肝性脳症や肝臓の病気の評価）：１９９μｇ／ｄＬ，クレアチニン（腎臓の働き）：０．５９ｍｇ／ｄＬ，ナトリウム（電解質）：１４０ｍｍｏｌ／Ｌ
【画像検査所見】ダイナミックＣＴ検査にて高度の肝臓の萎縮（４３４．７㎤）と際立って発達した脾腎シャントが認められたが，胸水（肺の周りに液体が溜まった状態）・腹水（お腹に液体が溜まった状態）・肝臓がんは認められなかった．
ドプラ超音波検査（血液の流れを見る検査）により門脈（肝臓に血液を運ぶ静脈）の血流は肝臓に向かう流れ，脾静脈の血流は肝臓から離れていく流れであった．フィブロスキャン（肝臓の硬さを調べる検査）では肝臓の硬さが２１．５ｋＰａ．
【臨床経過】この症例は，チャイルド・ピュー分類：スコア１１（重度の肝臓の機能低下），ＭＥＬＤ－Ｎａスコア（肝臓移植を待っている患者の病気の見通し）：１６でＢＲＴＯを行った．
バルーン閉塞試験（治療のため血管を閉塞しても問題ないか事前に調べる検査）では，手術のあと門脈にかかる圧の上昇が許容範囲内であると判断し，シャント内に５％ＥＯＩ（血管を塞ぐ薬）を計７ｍｌ注入して，血の塊で血管を塞ぐことに成功した．
手術中・手術後ともに合併症や思いがけぬトラブルが起こることなく経過した．
手術から７ヶ月後の各種検査結果は，チャイルド・ピュー分類：スコア５（軽度の肝臓の機能低下），ＭＥＬＤ－Ｎａスコア：８に改善した．総ビリルビン：０．９ｍｇ／ｄＬ，アルブミン：３．７ｇ／ｄＬ，プロトロンビン時間：７９．３％（国際標準比：１．１３），アンモニア：２９ｕｇ／ｄＬ，クレアチニン：０．６６ｍｇ／ｄＬ，ナトリウム：１４０ｍｍｏｌ／Ｌ．脾腎シャントは消失し，肝臓の容積はほぼ２倍（８７５．６㎤）になった．
胸水・腹水なく，食道胃静脈瘤の悪化も認められなかった．
【考案・まとめ】当科では，手術前の肝臓の硬さがＢＲＴＯ後の予後（病気の見通し）を予測する因子であることを報告しており（Ｊ Ｇａｓｔｒｏｅｎｔｅｒｏｌ Ｈｅｐａｔｏｌ． ２０１９），その根拠に基づいてこの症例の治療方針を決めた．
非代償性肝硬変に対するＢＲＴＯは，治療効果が見込める症例か見極めることによって肝臓移植に代わる治療になり得ることが示された．
"
JP0217-39,train,"【症例】７０歳，女性．
Ｓ３に２ｃｍの肝細胞癌（ＨＣＣ）を合併する非代償期Ｃ型肝硬変 （Ｃｈｉｌｄ－Ｐｕｇｈ ｓｃｏｒｅ ： ８Ｂ）症例．
切除不適であり，経皮的局所療法を検討したが，臍静脈から発達した肝外シャントが左葉外側区域の前面を占め，安全な穿刺が不能であった．
シャント閉塞術が成功すれば，局所療法が安全に行えるだけでなく，肝機能が回復し抗ウイルス治療も行えると判断し，シャント閉塞術を目的に某病院に紹介．
外科内科放射線科合同カンファレンスで，経皮経脾的臍静脈閉塞術と脾動脈塞栓術を行う方針となった．
しかし術中に脾静脈損傷による腹腔内出血を来し，緊急脾摘術，臍静脈結紮術が施行された．
術後，肝外側区域前面のシャントは消失し，肝機能もＣｈｉｌｄ Ａに回復したため，経皮的マイクロ波焼灼術を施行．
その後ソフォスブビル＋レジパスビル療法を行い，ＳＶＲを達成した．
現在，術後１年半経過するもＨＣＣの再発なく，肝機能も良好で経過している．
【考察】肝硬変患者において門脈－大循環シャントの発達は，シャント型肝性脳症や肝機能低下の原因にとなる．
シャント閉塞術は有効性の高い治療法であり，血清アンモニア値の低下だけでなく，肝機能改善効果もみられる．
開腹術によるシャント結紮術よりも，ＢＲＴＯなど侵襲の低い経カテーテル治療を第一選択と考えるべきであるが，本例は，シャントに対する経カテーテル的アプローチが困難な症例であり，手技に伴う出血合併症のため，開腹にて肝外シャント結紮，脾摘術が行われた．
術後結果的に経皮的局所療法が安全に行え，肝機能も改善し抗ウイルス治療も行えたことから，本例のように，シャントに対する経カテーテルアプローチが困難な場合は，無理せず開腹術を検討すべきであると考えられたため報告する．","【症例】７０歳，女性．
肝臓の左側（Ｓ３という区域）に２ｃｍの肝細胞がん（肝臓がんの一種）を合併する非代償期Ｃ型肝硬変（肝臓の機能が低下し，様々な症状が現れた状態）の症例．チャイルド・ピュー分類のスコアは８Ｂ（中等度の肝硬変）であった．
手術での切除は難しく，経皮的局所療法（外科手術以外の負担の少ない治療）を検討したが，臍静脈から発達した肝外シャント（肝臓に行くはずの血液が肝臓を通らずに全身に流れてしまう抜け道）が左側の外側区域（Ｓ２とＳ３という区域）の前面を占め，安全に治療用の針を刺すことが不可能であった．
シャント閉塞術（シャントを塞ぐ治療）が成功すれば，経皮的局所療法が安全に行えるだけでなく，肝臓の働きが回復し，抗ウイルス治療（長期的にウイルスを体内から消すことを目指す治療法）も行えると判断した．そこで，シャント閉塞術を目的に某病院に紹介となった．
外科・内科・放射線科が合同で治療法について検討し，経皮経脾的臍静脈閉塞術（シャントを塞ぐ治療）と脾動脈塞栓術（脾臓へ流れる血管を塞ぐ治療）を行う方針となった．
しかし経皮的局所療法中に脾臓の静脈を傷つけたことによりお腹の中で出血したため，緊急で脾臓を摘出する手術，臍静脈結紮術（臍静脈を縛って血流を止める治療）が行われた．
手術後，肝臓の左側の外側区域にあったシャントは消失し，チャイルド・ピュー分類Ａ（軽度の肝硬変）に肝臓の働きが回復したため，経皮的マイクロ波焼灼術（マイクロ波という熱でがんを破壊する治療）を行った．
その後ソフォスブビル＋レジパスビル療法（C型慢性肝炎に対する内服治療）を行い，治療後の血液検査でウイルスがなくなった状態に至った．
現在，手術後１年半が経過しているが，肝細胞がんの再発はなく，肝臓の働きも良好に経過している．
【考察】肝硬変肝（組織が硬く働きが低下した状態）患者において門脈－大循環シャント（肝臓に行くはずの血液が肝臓を通らずに全身に流れてしまう抜け道）の発達は，シャントによる肝性脳症や肝臓の機能低下の原因となる．
シャント閉塞術は効果的な治療法であり，血清アンモニア値（肝性脳症の指標）の低下だけでなく，肝臓の働きの改善効果もみられる．
外科的に開腹するシャント結紮術（異常な血管を縛り血流を止める治療）よりも，ＢＲＴＯなど患者への負担の少ないカテーテル治療を優先と考えるべきであるが，この症例はシャントに対するカテーテルでの治療が困難であり，処置に伴う出血合併症のため，開腹にて肝外シャント結紮（シャントを縛って血流を止める治療）と脾臓の摘出が行われた．
手術後結果的に経皮的局所療法が安全に行え，肝臓の機能も改善し抗ウイルス治療も行えたことから，この症例のように，シャントに対するカテーテルでのアプローチが困難な場合は，無理せず開腹での治療を検討すべきであると考えられたため報告する．
"
JP0217-41,train,"症例は６０歳代男性．
Ｘ－５年，交通外傷による骨盤骨折と尿管損傷に対して手術加療を受けた．
毎年，血液検査を含めた健康診断を受けており異常を指摘されたことはなかったが，Ｘ－１年１２月にγ－ＧＴＰの軽度高値を指摘された．
紹介医を受診したところ，画像上中肝静脈の閉塞が疑われたため当科を紹介され，Ｘ年５月，精査目的に入院した．
入院時，身体所見に特記すべき事項なく，血液検査所見では，γＧＴＰ高値（７９ＩＵ／Ｌ）を認めた．
それ以外には，血算，凝固，生化学的所見に異常は認めなかった．
腹部ｄｙｎａｍｉｃ ＣＴ検査では，巨大な右横隔膜ヘルニアを認め，肝右葉，胆嚢，および結腸肝弯曲部が胸腔内に脱出していた．
とくに肝右葉肝門部内側はヘルニア門で高度に圧排され，右肝静脈は狭窄，中肝静脈は閉塞し，中肝静脈還流領域は高度に萎縮していた．
肝部下大静脈には明らかな閉塞起点は認めなかった．
ＭＲＣＰ検査では，胆管は左右肝管分岐部で描出が不明瞭化しており，肝内胆管は両葉で軽度拡張していた．
経動脈性門脈造影下ＣＴ検査では，肝右葉実質の濃染は不均一でありうっ血肝の状態と考えられた．
また，中肝静脈は同定できなかった．
肝動脈造影下ＣＴ検査の後期相では静脈－静脈短絡の発達を認めた．
圧測定では，肝静脈楔入圧は１０ｍｍＨｇと正常範囲内であった．
上部消化管内視鏡検査では食道および胃に静脈瘤は認めなかった．
Ｘ－５年の交通外傷後に撮影された胸部Ｘ線検査及び腹部ＣＴ検査を再度検討したところ，Ｘ－９年の胸部Ｘ線検査では認められなかった，右横隔膜ヘルニアから肝臓の一部が胸腔内に脱出した所見が出現していた．
その後の経過は不明であるものの，徐々にヘルニア門が開大し脱出する肝臓の容積が増えるとともに，右および中肝静脈が機械的に圧排されたことにより， Ｂｕｄｄ－Ｃｈｉａｒｉ症候群（ＩＶ型）様の血流動態を示すようになったものと診断した．
今後更に病態が悪化する懸念があることから，手術による横隔膜修復を検討中である．
交通外傷による横隔膜ヘルニア後５年の経過でＢｕｄｄ－Ｃｈｉａｒｉ症候群様の血流動態を示した一例を経験した．
同様の報告は世界的にも稀であり，印象的な画像所見を含めて提示する．","症例は６０歳代男性．
Ｘ－５年，交通事故により骨盤の骨折と尿管損傷（尿を腎臓から膀胱に送る管が傷ついた状態）に対して手術による治療を受けた．
毎年，血液検査を含めた健康診断を受けており異常と言われたことはなかったが，Ｘ－１年１２月にγ－ＧＴＰが少し高いことを指摘された．
紹介された病院を受診したところ，画像上，中肝静脈（肝臓の主な静脈の１つ）の閉塞が疑われたため当科を紹介され，Ｘ年５月，精密検査のために入院した．
入院時に身体に目立った異常はなく，血液検査所見では，γＧＴＰ（肝臓の胆道の働きを反映）が７９ＩＵ／Ｌと高くなっていた．
それ以外の血球，血液凝固，生化学の血液検査項目に異常はなかった．
腹部のダイナミックＣＴ検査（病変や臓器の性質を詳しく評価できるCT検査）では，巨大な右横隔膜ヘルニア（胸と腹の間を隔てる横隔膜に穴があき、腹部の臓器が穴から胸の方へ脱出した状態）を認め，肝臓の右側，胆嚢，結腸肝弯曲部（大腸の一部）が胸腔内に脱出していた．
特に右側の肝臓の肝門部（肝臓に血管が出入りする部位）内側はヘルニア門（横隔膜にできた穴）で強く圧迫されていた．また，右肝静脈（肝臓の主な静脈の１つ）は狭くなり，中肝静脈は塞がっていて，中肝静脈還流領域（中肝静脈が血液が流れている部分の肝臓）は非常に縮んで小さくなっていた．
肝臓の後ろにある下大静脈には明らかに閉塞が始まる箇所が認められなかった．
ＭＲＣＰ検査（胆汁の通り道である胆管や膵液の通り道である膵管を詳しくみるMRI検査）では，胆管が左右肝管分岐部（肝臓から出る左右の胆汁の通り道）で通り道がはっきりと見えなくなっており，その上流にあたる肝臓内にある胆管が肝臓の左右ともに少し太くなっていた．
経動脈性門脈造影下ＣＴ検査（肝臓に向かう門脈の血流を調べるための造影CT検査）では，肝臓の右側が均一に染まらず，肝臓への血流が滞った状態と考えられた．
また，中肝静脈は画像上で確認できなかった．
造影剤を使用した肝動脈ＣＴ検査では、後期相（後半のタイミングで撮影された画像）に静脈－静脈短絡（2つの静脈の間に異常な血液の通り道）の発達がみられた．
肝静脈楔入圧（肝臓の血液がどれだけ渋滞しているか反映している圧）の圧測定の結果は１０ｍｍＨｇと正常範囲内であった．
胃カメラでは食道と胃に静脈瘤（静脈がこぶのように膨らんだ状態）はなかった．
Ｘ－５年の交通事故後に撮影された胸部レントゲン検査と腹部ＣＴ検査を改め見直したところ，Ｘ－９年の胸部レントゲン検査では認められなかった，右横隔膜ヘルニアから肝臓の一部が胸腔内に脱出している所見がみられていた．
その後の経過は不明であるが，徐々にヘルニア門が大きくなり脱出する肝臓の容積が増えるとともに，右側の中肝静脈と肝静脈が物理的に圧迫されたことにより， バッド・キアリ症候群ＩＶ型（肝動脈の閉塞が主な病変のタイプ）のような血流の変化を示すようになったものと診断した．
今後更に病期が悪化する可能性があることから，横隔膜を修復する外科手術を検討中である．
交通事故による横隔膜ヘルニア後５年の経過でバッド・キアリ症候群のような血流変化を示した一例を経験した．
同様の報告は世界的にも稀であり，印象的な画像所見を含めて提示する．
"
JP0217-44,train,"【目的】肝硬変症例の吐下血において，上下部内視鏡検査を施行しても明らかな出血源を同定できない症例をしばしば経験する．
当院で出血性ショック死した肝硬変患者において，病理解剖を行うことにより，その原因が門脈血栓形成により惹起された門脈圧亢進症性腸症によるものと考えられる一例を経験したため，報告する．
【症例】患者は８１歳の男性で，肝硬変・肝細胞癌にてＸ－５年から当院通院中であった．
Ｘ年８月に自宅内で倒れているところを発見され，意識レベル低下，下血を主訴に当院救急搬送となった．
【臨床経過】意識レベルはＥ４Ｖ５Ｍ６で，少量吐血と多量の暗赤色便があった．
上部消化管出血を疑い内視鏡検査を繰り返すも，明らかな出血源は特定できなかった．
同日，食道静脈瘤破裂自然止血後を考慮し， ＥＩＳを施行した．
第２病日目は吐下血なく経過したが，第３病日に再び多量タール便排泄あり，その後呼吸停止，蘇生処置を行うも回復せず，死亡確認となった．
【考察】病理解剖では下部小腸から大腸の粘膜は断続性に暗紫色で，内部に暗赤色の血便が多量に認められたことから，主病変は下部消化管出血と考えられた．
また下部消化管粘膜下には軽度血管増生・拡張が認められており，門脈圧亢進症性腸症があったことが推測された．
また，直前ＣＴで指摘された門脈血栓が上腸間膜静脈にまで及んでおり，門脈圧亢進症性腸症で内圧上昇した静脈に更なる内圧上昇が加わり，びまん性出血による下部消化管出血を呈した可能性が示唆された．
【結語】門脈圧亢進症性腸症は内視鏡的にも病理的にも特徴的な所見はなく，統一された診断基準や重症度分類はないのが現状である．
血栓症についても非特異的症状であるため，診断が困難となっており，症状出現から診断までに４８時間経過した症例が全体の７５％との報告もある．
血栓症を伴った門脈圧亢進症患者が下血した場合，下部消化管からのびまん性出血による大量下血も鑑別に挙げること，また門脈圧亢進症性疾患を発症している患者では血栓症を発症した時点で，早期に追加検査・治療の優先順位・必要性を考慮することが重要である．","【目的】肝硬変（慢性的な炎症や障害により肝臓が硬くなった状態）患者の吐血（口から血を吐くこと）・下血（肛門からの出血）では，胃カメラや大腸カメラを行っても明らかな出血部位を特定できないことがよくある．
当院で出血によりショック死した肝硬変患者において，遺体を解剖して詳しく調べることにより，その原因が門脈血栓形成（肝臓へ血液を運ぶ門脈に血の塊ができて、血流が妨げられた状態）によって引き起こされた門脈圧亢進症性腸症（肝硬変などで門脈の血流が滞ることによって腸の粘膜が腫れたりした状態）によるものと考えられる一例を経験したため，報告する．
【症例】患者は８１歳の男性で，肝硬変・肝細胞がん（肝臓がんの一種）にてＸ－５年から当院に通院していた．
Ｘ年８月に自宅で倒れているところを発見され，意識がはっきりしない状態で下血もあり，当院へ救急搬送された．
【臨床経過】グラスゴー・コーマ・スケールでの意識レベル（Ｅ４：自発的に目を開ける，Ｖ５：会話が正常，Ｍ６：命令に従って動く）は正常で，少量吐血と多量の暗赤色便があった．
上部消化管（食道，胃，十二指腸）からの出血を疑われたため，繰り返し胃カメラを行ったが，明らかな出血部位は特定できなかった．
同じ日に食道静脈瘤破裂（食道の静脈が異常に膨らみ，それが破れて大量出血を起こした状態）が自然に止血した可能性を考慮し，内視鏡的静脈瘤硬化療法（食道静脈瘤の治療）を行った．
入院２日目は吐血・下血なく経過したが，入院３日目に再び多量に黒く粘り気のある便（タール便）の排泄があった．その後呼吸が止まり，蘇生処置を行ったが，回復せず死亡が確認された．
【考察】遺体の解剖では小腸の下部から大腸の粘膜は途切れ途切れで暗い紫色になっていた．腸の中に暗い赤色の血便が多量にあったことから，主な病変は下部消化管（小腸から肛門までの消化管）からの出血と考えられた．
また下部消化管の粘膜の下には少しではあるが新たな血管の増加・血管の拡張（血管が太くなること）がみられており，門脈圧亢進症性腸症があったことが推測された．
また，直前ＣＴで指摘された門脈血栓（門脈に血の塊ができ血流が障害される状態）が上腸間膜静脈にまで及んでおり，門脈圧亢進症性腸症で内圧上昇した静脈に更なる内圧の上昇が加わり，びまん性出血（広範囲にわたる出血）による下部消化管から出血した可能性が示された．
【結語】門脈圧亢進症性腸症は内視鏡でも病理検査（組織や細胞を詳しく調べる検査）でも特徴的な所見はなく，統一された診断基準や重症度の分類はないのが現状である．
血栓症（血管の中に血の塊ができて血液の流れを妨げる病気）についても，非特異的症状（様々な病気でみられる共通の症状）であるため，診断が困難となっており，症状が現れてから診断までに４８時間かかった患者が全体の７５％との報告もある．
血栓症を伴った門脈圧亢進症（肝臓に流入する門脈の圧力が異常に高くなる状態）患者が下血した場合，下部消化管からのびまん性出血による大量の下血とも考えておくことが重要である．また門脈圧亢進症によって起こる病気を患っている患者では血栓症とわかった時点で，できるだけ早く追加検査・治療の優先順位・必要性を考えることが重要である．
"
JP0217-67,train,"【症例】８７歳，男性
【主訴】全身倦怠感，食欲不振
【現病歴】２０ＸＸ年１月頃より全身倦怠感および食欲不振を認め近医を受診した，その頃の血液検査でわずかに肝胆道系酵素の上昇は認めていたが，２０ＸＸ年７月より胆道系酵素の急激な上昇を認めたため，原因精査目的に当院当科紹介となった．
【検査所見】ＡＳＴ６６Ｕ／Ｌ， ＡＬＴ５０Ｕ／Ｌ， ＡＬＰ１０２５Ｕ／Ｌ，γＧＴＰ３３５Ｕ／Ｌ， Ｔ－Ｂｉｌ１．４ｍｇ／ｄｌ， Ｐｌｔ２０．６×１０４／μ１， ＰＴ１０３％， ＨＢｓ抗原（－）， ＨＣＶ抗体（－），抗核抗体×１６０倍，抗ミトコンドリア抗体×８０倍，抗ミトコンドリア抗体Ｍ２ｉｎｄｅｘ８８．５， ＩｇＧ１９２３ｍｇ／ｄｌ， ＩｇＭ５２３ｍｇ／ｄｌ
【臨床経過】腹部造影ＣＴおよび腹部超音波検査では，肝臓の表面は凹凸不整，辺縁の鈍化を認め，肝硬変の所見であった．
肝臓内や胆管内に明らかな器質的疾患は認めなかった．
血液検査所見および画像所見より原発性胆汁性胆管炎を疑い，肝生検を施行した，肝生検の病理像では，門脈域と類洞内にリンパ球主体の中等度から高度の炎症細胞浸潤がみられた．
門脈域では部分的に胆管上皮内にリンパ球と組織球浸潤および一部にｄｕｃｔｕｌａｒ ｐｒｏｌｉｆｅｒａｔｉｏｎ （細胆管増生）があり，アザン染色では，一部にｂｒｉｄｇｉｎｇ ｆｉｂｒｏｓｉｓがみられた．
以上より，慢性非化膿性破壊性胆管炎の像であり，血液検査所見および病理組織像から症候性原発性胆汁性胆管炎と診断した．
診断時よりウルソデオキシコール酸６００ｍｇ／日の投与を開始した．
内服開始後より，肝胆道系酵素は速やかに改善し，症状の再燃なく当院外来で経過観察中である．
【考察】原発性胆汁性胆管炎は男女別の年齢別・推定発症年齢別の分布では女性で圧倒的に多く，４５歳ないし６０歳で発症する事がほとんである．
６５歳以降での発症は約１２％で本症例の如く，７５歳以上では２％未満と非常に稀である．
また累積発癌率は，原発性胆汁性胆管炎全体では診断後１０年で２．５％と比較的少ないが，男女比でみると男性６．５％，女性２．０％と男性で有意に高く，高齢（７０歳以上）であること，男性例，輸血歴があることは発癌の増悪リスク因子であるとされる報告もあるため，注意深いスクリーニング検査が必要である．
近年では，発症年齢の高齢化がすすんでおり，後期高齢者でも肝胆道系酵素の上昇がみられた場合は原発性胆汁性胆管炎の可能性を考慮し，精査していくことが重要であると考える，
【結語】高齢、男性で発症した原発性胆汁性胆管炎の稀な１例を経験したので報告する．","【症例】８７歳，男性
【主な症状】全身のだるさ，食欲の低下
【現病歴】２０ＸＸ年１月頃より全身のだるさと食欲の低下を感じ，地域の病院を受診した，その頃の血液検査でわずかに肝胆道系酵素（ＡＳＴ，ＡＬＴ，ＡＬＰ，γＧＴＰ，ＬDHなど）が上昇していたが，２０ＸＸ年７月より胆道系酵素（ＡＬＰ，γＧＴＰなど）の急激な上昇があり，原因を詳しく調べるため当院の当科へ紹介となった．
【検査結果】ＡＳＴ（肝臓の酵素）６６Ｕ／Ｌ， ＡＬＴ（肝臓の酵素）５０Ｕ／Ｌ， ＡＬＰ１０２５Ｕ／Ｌ，γＧＴＰ３３５Ｕ／Ｌ， 総ビリルビン（肝臓や胆道の状態）１．４ｍｇ／ｄｌ， 血小板数（血を止める働き）２０．６×１０４／μ１， プロトロンビン時間（血液が固まるまでの時間）１０３％， ＨＢｓ抗原陰性（B型肝炎ウィルスの検出なし），ＨＣＶ抗体陰性（Ｃ型肝炎に感染している可能性は低い），抗核抗体（自分の細胞の核を標的にする自己抗体）×１６０倍，抗ミトコンドリア抗体（ミトコンドリア内の酵素に対する自己抗体
）×８０倍，抗ミトコンドリア抗体Ｍ２ｉｎｄｅｘ（原発性胆汁性胆管炎の診断に使われ指標）８８．５， ＩｇＧ（体を守るために働く抗体の一種）１９２３ｍｇ／ｄｌ， ＩｇＭ（体にウイルスや細菌が入ってきたときに最初に作られる抗体）５２３ｍｇ／ｄｌ
【病気の経過】腹部の造影剤を使ったＣＴと腹部の超音波検査では，肝臓の表面はでこぼこで，肝臓の縁は丸く（シャープでない），肝硬変（肝臓の慢性的な炎症や障害により肝臓が硬くなる状態）の特徴であった．
肝臓の中や胆管内（胆汁の通り道）に明らかに目に見える病気はなかった．
血液検査と画像診断の結果から原発性胆汁性胆管炎（自身の免疫により細い胆管が徐々に破壊される慢性の病気）を疑い，肝生検（肝臓の組織の一部を採って調べる検査）を行った，肝生検の組織検査では，門脈（肝臓に血液を送る血管）と肝臓内の細い血管に免疫に関わるリンパ球がたくさん集まり，炎症を起こしている状態であった．
門脈周辺では部分的に胆管の内側を覆う細胞に体を守る細胞（リンパ球と組織球）が集まっていた．また，一部に胆管増生（胆管が傷ついたり、詰まった時に胆管が増えること）があり，特殊な染め方で調べたところ，一部に架橋型線維化（肝臓の中で傷ついた箇所を修復しようとして線維がたくさんでき，それが帯のようにつながった状態）がみられた．
以上より，慢性非化膿性破壊性胆管炎（自身の免疫により胆管が長い時間をかけて膿を伴わずに壊れていく病気）の特徴であり，血液検査と組織の詳しい検査の結果から症候性（だるさや黄疸などの症状を伴う）原発性胆汁性胆管炎と診断した．
診断時よりウルソデオキシコール酸１日６００ｍｇの内服を開始した．
内服開始後より，肝胆道系酵素は速やかに改善し，症状が再び現れることなく当院の外来で経過を観察している．
【考察】原発性胆汁性胆管炎患者の年齢，推定発症年齢を男女で比較すると女性で圧倒的に多く，４５歳から６０歳での発症がほとんである．
この患者のように６５歳以降で原発性胆汁性胆管炎を発症するのは約１２％，７５歳以上では２％未満と非常に稀である．
また累積発癌率（時間がたつにつれて、がんになる人がどのくらい増えていくかを示す割合）は，原発性胆汁性胆管炎全体では診断後１０年で２．５％と比較的少ないが，男女の患者の割合でみると男性６．５％，女性２．０％と男性で高い傾向にあった．高齢（７０歳以上）であること，男性，輸血を受けたことがあることは発癌のリスクを高めるとの報告もあるため，注意深いスクリーニング検査が必要である．
最近では，発症年齢の高齢化がすすんでおり，後期高齢者（７５歳）でも肝胆道系酵素の上昇がみられた場合は原発性胆汁性胆管炎の可能性を考え，精密検査を行うことが重要であると考える，
【結語】原発性胆汁性胆管炎という病気になった高齢男性の稀な１例を経験したので報告する．
"
JP0217-72,train,"【症例】１５歳男性
【主訴】症状なし（肝障害精査）
【既往歴】特記すべきことなし
【家族歴】肝障害・精神神経疾患なし
【臨床経過】症状はなかったが，血液型を含めた血液検査を希望され近医受診し，肝障害（ＡＳＴ ４２Ｕ／Ｌ，ＡＬＴ ７３Ｕ／Ｌ，γ－ＧＴＰ ３６Ｕ／Ｌ）を指摘された．
その後も３－４カ月毎に通院していたが，１年後も肝障害が持続するため当科紹介された．
ＢＭＩ２７．７とやや肥満があり，精神神経症状やＫａｙｓｅｒ－Ｆｌｅｉｓｈｅｒ角膜輪は認めなかった．
腹部ＵＳでは脂肪肝があり，血液検査では，ＡＳＴ ５１Ｕ／Ｌ，ＡＬＴ １０９Ｕ／Ｌ，γＧＴＰ ３４，ＣＨＥ ４４７Ｕ／Ｌと肝障害を認め，肝炎ウイルスマーカーおよびＡＮＡ，ＡＭＡ－Ｍ２Ａｂは陰性であった．
しかし血清Ｃｅｒｕｌｏｐｌａｓｍｉｎ １３ｍｇ／ｄｌ，血清銅 ５５μｇ／ｄｌといずれも低下しており，蓄尿銅は７２．８μｇ／ｄａｙと基準値より増加していることから，Ｗｉｌｓｏｎ病の可能性があり，追加検査を施行した．
ペニシラミン負荷テストでは，蓄尿銅１４７４．２μｇ／日と増加しており，経皮的肝生検を施行した．
肝組織所見はｄｉｆｆｕｓｅ ｆａｔｔｙ ｌｉｖｅｒで，肝組織中銅含有量は７０．５μｇ／ｇ乾重量と基準値（５０μｇ／ｇ．乾重量未満）よりも増加していたが，Ｗｉｌｓｏｎ病と診断できるほどは増加していなかった．
しかし肝組織中の銅は均一に存在しておらず，サンプリング部位により銅含有量も異なることから，本人と家族に十分に説明し同意されたのでＡＴＰ－７Ｂ遺伝子の検査をしたが，変異を認めなかった．
以上の検査結果からＷｉｌｓｏｎ病の可能性は低いと判断しているが，Ｗｉｌｓｏｎ病の１０数％は遺伝子変異が同定されていないことから，ヘテロの可能性も含めて定期フォローをしている．
【考察】病初期や慢性肝炎期のＷｉｓｏｎ病は，脂肪肝あるいは脂肪性肝炎像を呈すことが知られており，当科でも脂肪肝からＷｉｌｓｏｎ病の診断に至っていることが多い．
本症例も脂肪肝があり，血清Ｃｅｒｕｌｏｐｌａｓｍｉｎと血清銅の低下，尿中銅増加を認めたことから，ペニシラミン負荷テストおよび肝組織中銅定量を施行した．
しかしいずれの検査も異常値ではあるが，Ｗｉｌｓｏｎ病と診断できるほどの値ではなく，遺伝子変異も認めなかった．
本症例は現時点ではＷｉｌｓｏｎ病の可能性は少ないと考えているが，Ｗｉｌｓｏｎ病は医師の認識不足により見逃され，進行してから診断される症例も多く，肝障害や脂肪性肝疾患患者では，Ｗｉｌｓｏｎ病の鑑別が必要と思われる．","【症例】１５歳男性
【主な症状】症状なし（肝臓の働きを調べる検査）
【過去の病歴】特記すべきことなし
【家族の病歴】家族に肝障害（何らかの原因で肝臓がうまく機能していない状態）なし，精神神経症状（心や脳・神経の働きに異常が起きる病気）なし
【病気の経過】症状はなかったが，血液型を含めた血液検査を希望され地域の病院を受診し，肝障害を指摘された．
ＡＳＴ（肝臓の酵素） ４２Ｕ／Ｌ，ＡＬＴ（肝臓の酵素） ７３Ｕ／Ｌ，γ－ＧＴＰ（胆道系酵素） ３６Ｕ／Ｌ
その後も３－４カ月毎に通院していたが，１年後も肝障害が持続するため当科へ紹介となった．
ＢＭＩ（身長と体重から肥満度を判定するための指標）２７．７とやや肥満があり，精神神経症状（心の状態や脳・神経の働きに関係する症状）やカイザー・フライシャー角膜輪（ウィルソン病などで見られる目の異常の１つ）は認めなかった．
腹部の超音波検査では脂肪肝（肝臓に脂肪がたまりすぎた状態）があった．血液検査では，ＡＳＴ（肝臓の酵素） ５１Ｕ／Ｌ，ＡＬＴ（肝臓の酵素） １０９Ｕ／Ｌ，γＧＴＰ（胆道の酵素） ３４，コリンエステラーゼ（肝臓の酵素） ４４７Ｕ／Ｌと肝障害を認め，肝炎ウイルスマーカー（肝炎ウイルスに感染しているか調べる検査），ＡＮＡ（自己免疫病の有無），ＡＭＡ－Ｍ２Ａｂ（原発性胆汁性胆管炎に特徴的な抗体の有無）は陰性であった．
しかし血清セルロプラスミン（銅を運ぶたんぱくの一種） １３ｍｇ／ｄｌ，血清銅（血液に含まれる銅） ５５μｇ／ｄｌといずれも低下していた．蓄尿銅（1日分の尿に出た銅の量）は７２．８μｇ／日と基準値より増加していることから，ウィルソン病の可能性があり，追加で検査を行った．
ペニシラミン負荷テスト（銅代謝の異常を調べる検査）では，蓄尿銅１４７４．２μｇ／日と増加しており，経皮的肝生検（腹部に針を刺し、肝臓の組織の一部を採って調べる検査）を実施した．
肝臓の組織を調べた結果，びまん性脂肪肝（肝臓全体に脂肪がたまっている状態）がみられ，肝臓の組織に含まれる銅の量は７０．５μｇ／ｇ乾重量と基準値（５０μｇ／ｇ．乾重量未満）よりも増加していたが，ウィルソン病と診断できるほどは増加していなかった．
しかし肝臓の組織中の含まれる銅は均一ではなく，採取した組織の部位によって含まれる銅の量も異なる．そのため，本人と家族に十分に説明を行い同意されたので，ＡＴＰ－７Ｂ遺伝子（体の中の銅の出し入れをコントロールしている遺伝子）の検査を行ったが，遺伝子変異（遺伝子の設計図が書き間違えられた状態）は認めなかった．
以上の検査結果からウィルソン病の可能性は低いと判断しているが，ウィルソン病の１０数％は遺伝子変異が特定されていない．異常の遺伝子が見つかっていないだけという可能性も含めて定期フォローをしている．
【考察】病気の初期や慢性肝炎期（肝臓に炎症が長く続いている時期）のウィルソン病は，脂肪肝あるいは脂肪性肝炎（脂肪肝による肝臓の炎症）の特徴をこと示すが知られている，当科でも脂肪肝からウィルソン病の診断に至っていることが多い．
この患者も脂肪肝があり，血清セロロプラスミンと血清銅の低下，尿中の銅の増加を認めたことから，ペニシラミン負荷テストと肝組織中銅定量（肝臓の中にどれだけ銅がたまっているかを調べる検査）を行った．
しかしいずれの検査も異常値ではあるが，ウィルソン病と診断できるほどの値ではなく，遺伝子変異も認めなかった．
本症例は現時点ではウィルソン病の可能性は少ないと考えているが，ウィルソン病は医師の理解不足により見落とされ，進行してから診断される患者も多く，肝障害や脂肪性肝疾患の患者では，ウィルソン病の判別が必要と思われる．
"
JP0217-83,train,"【目的】２０１９年初めにＣ型非代償性肝硬変に対し本邦で初めてソホスブビル／ベルパスタビル（ＳＯＦ／ＶＥＬ）が使用可能となり，更に多くの症例にウイルス排除の機会が得られる一方で，肝硬変合併症を多く有することから，治療中の有害事象の発現にも今まで以上の注意が必要となるものと考えられる．
そこで今回，当院におけるＳＯＦ／ＶＥＬを導入した症例に対する治療効果と安全性を検証することを目的とした，
【方法】当院におけるＣ型非代償性肝硬変患者に対してＳＯＦ／ＶＥＬを導入した６例の臨床背景と治療経過を検討した．
【成績】ＳＯＦ／ＶＥＬ導入症例６例中，男性２例，女性４例であった．
年齢中央値は６８歳（５２－８１歳）であった．
全例Ｇｅｎｏｔｙｐｅ１ｂ，ＤＡＡ治療歴を有さなかった．
ＳＯＦ／ＶＥＬ開始時のＣｈｉｌｄ－Ｐｕｇｈ分類（ＣＰＳ）では７点２例，１０点２例，１１点１例，１５点１例であった，肝癌治療歴は４例，導入前に食道静脈瘤が認められたのは２例であった．
また２例で脳症の既往があり，５例で投与前に腹水が認められた．
全例入院管理下で治療導入した．
治療経過中，３例に重篤な有害事象の発現を認めた．
症例Ａは５６歳男性．
ＣＰＳ１０点．
投与開始２ヶ月前に食道静脈瘤を指摘されていたが，未治療であった．
ＳＯＦ／ＶＥＬ投与開始後４週に食道静脈瘤の破裂を来たしたため止血処置を施行の上，同日より治療中止した．
ＨＣＶ ＲＮＡは投与開始後３週で陰性化に至ったが，中止後６週で再燃した．
症例Ｂは８１歳女性．
ＣＰＳ１０点．
以前よりＩ度房室ブロックを認めていたが，心臓超音波検査で異常を認めなかった．
ＳＯＦ／ＶＥＬ投与開始日の同日に蜂窩織炎による敗血症を発症した．
投与後２日目にｅＧＦＲ２９．０と低下し，更に同日に洞停止が出現したため治療中止とした，翌日には洞停止は軽快した，症例Ｃは５２歳女性，ＣＰＳ１５点．肝性脳症の既往あり．
ｓｔａｇｅ ３ｂ相当の慢性腎不全を有していた．
ＳＯＦ／ＶＥＬ投与開始後１週目にＩＶ度の肝性脳症を発症したが，補液投与により翌日には改善傾向を認め治療は継続した．
その後体液貯留傾向となり，３週目に心房細動を発症し心不全となったが，利尿剤使用により改善した，しかしながら，経過中徐々にｅＧＦＲの低下がみられ６週目にｅＧＦＲ１９．３と低下したため治療中止とした．
ＳＯＦ／ＶＥＬ中止１０日後より肝不全が進行し，中止１６日後に死亡した．
早期に中止した１例を除き，５例でＨＣＶ ＲＮＡの陰性化を認め，治療完遂した２例ではＳＶＲ４を達成している．
【結論】ＳＯＬ／ＶＥＬは抗ウイルス効果が高いものの，非代償性肝硬変症例は病状の変化を来たしやすく，治療中の経過のフォローには細心の注意が必要である．
特に，導入早期は入院管理が望ましいと思われる．","【目的】２０１９年初めにＣ型非代償性肝硬変（長くC型肝炎が続いたことにより肝臓が硬くなり，様々な症状が現れてきた状態）に対し日本で初めてＣ型肝炎ウイルス治療薬のＳＯＦ／ＶＥＬ（ソホスブビル／ベルパスタビル）が使用できるようになり，更に多くの患者がウイルスを体の中からなくす機会が得られる．一方で，多くの患者が肝硬変（肝臓が硬くなり，肝臓の働きが低下した状態）の合併症をもっていることから，治療中の副作用の出現にも今まで以上に注意が必要と考えられる．
そこで今回，当院においてＳＯＦ／ＶＥＬの使用した患者に対する治療効果と安全性を検証することを目的とした，
【方法】当院におけるＣ型非代償性肝硬変患者に対してＳＯＦ／ＶＥＬを使用した６例の背景情報と治療経過を検討した．
【成績】ＳＯＦ／ＶＥＬを使用した患者６例中，男性２例，女性４例であった．
年齢中央値（年齢を小さい順に並べたときに真ん中に位置する値）は６８歳（５２－８１歳の範囲）であった．
全患者がＧｅｎｏｔｙｐｅ１ｂ（ウイルスのタイプの１つ），ＤＡＡ（新しいタイプのC型肝炎治療薬）による治療を受けたことがなかった．
ＳＯＦ／ＶＥＬ開始した時のチャイルド・ピュー分類（肝硬変の評価）では７点（軽度）２例，１０点（重度）２例，１１点（重度）１例，１５点（重度）１例であった，肝臓がんの治療を受けたことがあったのは４例，開始前に食道静脈瘤（食道の静脈がこぶ状に膨らんだ状態）が認められたのは２例であった．
また２例で脳症（脳に異常が起こる状態）の病歴があり，５例で内服開始前に腹水（お腹に液体がたまった状態）が認められた．
全例入院し，治療を開始した．
治療の経過中，３例に重篤な副作用がみられた．
患者Ａは５６歳男性．
チャイルド・ピュー分類：１０点（重度）．
内服開始２ヶ月前に食道静脈瘤を見つかっていたが，治療は行っていなかった．
ＳＯＦ／ＶＥＬ内服開始後４週に食道静脈瘤が破裂したため止血の処置を行った上で，その日から治療を中止した．
ＨＣＶ ＲＮＡ（血液中のＣ型肝炎ウイルスを調べる検査）は内服開始後３週で陰性（ウイルスの検出なし）になったが，中止後６週で再び陽性（ウイルスの検出あり）になった．
患者Ｂは８１歳女性．
チャイルド・ピュー分類：１０点（重度）．
以前からＩ度房室ブロック（不整脈の一種）を認めていたが，心臓超音波検査で異常を認めなかった．
ＳＯＦ／ＶＥＬ内服開始日と同じ日に蜂窩織炎（皮膚の深い部分に細菌が感染して炎症を起こした状態）による敗血症（感染に対して体が過剰に反応し、臓器が本来の機能を果たせなくなる危険な状態）の症状が出現した．
内服後２日目にｅＧＦＲ（腎臓の働き）２９．０と低下した．更に同じ日に洞停止（心臓が一時的に拍動しない状態）が出現したため治療を中止し，翌日には洞停止は改善した，患者Ｃは５２歳女性，チャイルド・ピュー分類１５点（重度）．肝性脳症（肝臓の機能が著しく低下することで、脳に異常が起こる状態）になったことがある．
ステージ ３ｂ相当の慢性腎不全（腎臓の働きが中等度から高度に低下している状態）であった．
ＳＯＦ／ＶＥＬ内服開始後１週目にＩＶ度の肝性脳症（意識はないが痛みに反応がある状態）を発症したが，点滴により翌日には改善傾向であったため治療は継続した．
その後，体内に余分な水分や塩分などがたまりやすく，３週目に心房細動（不整脈の一種）を発症し心不全（心臓の働きが低下した状態）となったが，利尿剤（尿量を増やし体内の余分な水分を出す薬）の使用により改善した，しかしながら，経過中徐々にｅＧＦＲの低下がみられ６週目にｅＧＦＲ１９．３と低下したため治療を中止した．
ＳＯＦ／ＶＥＬの中止１０日後より肝不全（肝臓の機能が著しく低下した状態）が進行し，中止の１６日後に死亡した．
すぐに中止した１例を除き，５例でＨＣＶ ＲＮＡの陰性化（血液検査でＣ型肝炎ウイルスが検出されない状態）を認め，治療完遂した２例では，治療終了後4週間の時点で血中からＣ型肝炎ウイルスが検出されない状態を維持している．
【結論】ＳＯＬ／ＶＥＬはウイルスに対する治療効果が高いものの，非代償性（高度）肝硬変患者は病状が変化しやすく，治療中の経過のフォローには細心の注意が必要である．
特に，内服を開始してすぐは入院での管理が望ましいと思われる．
"
JP0217-97,train,"【背景】 Ｈｅｌｉｃｏｂａｃｔｅｒ ｃｉｎａｅｄｉ （Ｈ．ｃｉｎａｅｄｉ）は１９８０年代に発見されたグラム陰性らせん状桿菌である．
腸肝在位菌の一種であり，何らかの基礎疾患や化学療法により免疫機能が低下した患者の腸管や肝臓血液から本菌の分離報告がある．
今回，非代償性肝硬変に合併したＨ．ｃｉｎａｅｄｉ菌血症および蜂窩織炎の一例を経験したので報告する．
【症例】６１歳，Ｃ型非代償性肝硬変の男性．
難治性肝性腹水に対して腹水コントロール目的に入院となった．
入院前日より茶褐色の嘔吐があり，またＨｂ７．４ｇ／ｄｌと貧血を認め，精査目的に上部消化管内視鏡検査を施行した．
結果，活動性出血は認めないが逆流性食道炎ＬＡ分類ＧｒａｄｅＣであり同部位からの出血を疑った．
食事再開後嘔吐はないが食事量低下による低アルブミン血症が進行し腹水が再増悪した．
フロセミドとスピロノラクトンを併用するも腹水は改善せず，第７病日にトルバプタン（３．７５ｍｇ／日）の内服を開始した．
第９病日，身体症状はないが３８℃の発熱が出現した．
第１４病日まで間欠的に発熱は続き，第１５病日，両下腿痛，発赤，熱感，腫脹が出現した．
下腿ＭＲＩでは両側下腿の筋膜に沿ってＴ２ＷＩで高信号を呈し，蜂窩織炎と診断した．
原因菌検索として第１１病日，第１３病日，および第１５病日に血液培養を行い，いずれもＨ．ｃｉｎａｅｄｉが検出された．
血液培養陽性までの時問は１１３～１５０時間であった．
同菌による菌血症および蜂窩織炎に対し，第１５病日より開始したセフトリアキソン（２ｇ／日）の投与を継続した．
症状は改善したため，第２９病日にミノサイクリン（２００ｍｇ／日）内服に切り替え第３６病日に退院となった．
【考察】 Ｈ．ｃｉｎａｅｄｉ感染症は多くの場合，蜂窩織炎や直腸炎などの患者から血液培養を実施し検出に至るケースが多い．
しかしながら，培養陽性に至るまでに５～７日，場合によっては１０日以上の培養期間が必要であり，通常の培養時間では陽性にならない場合もあり，本菌を疑った場合は血液の延長培養を依頼する必要がある．
また，再発が多いことや院内感染，水平伝播するという報告がなされている．
今回のように非代償性肝硬変を含めた免疫機能低下患者における感染症の原因菌としてＨ．ｃｉｎａｅｄｉを念頭に置き精査加療を行うべきである．","【背景】ヘリコバクター・シネディ（Ｈ．シネディ）は１９８０年代に発見されたグラム陰性らせん状桿菌（細菌の一種）である．
腸肝在位菌（腸から肝臓に移行し影響を及ぼす腸内細菌）の一種であり，何らかの持病や化学療法（抗がん剤治療）により免疫力が低下した患者の腸管や肝臓の血液からＨ．シネディを分離したという報告がある．
今回，非代償性肝硬変（肝臓が硬くなり肝臓の働きが悪化した結果，様々な症状が現れてきた状態）に合併したＨ．シネディ菌血症（Ｈ．シネディによって引き起こされた血液感染症）と蜂窩織炎（皮膚の深い部分に細菌が感染して炎症を起こした状態）の一例を経験したので報告する．
【症例】６１歳，Ｃ型非代償性肝硬変（C型肝炎ウイルスによる慢性的な炎症により肝臓が硬くなった状態）の男性．
難治性（治療が難しい）肝性腹水（肝臓の病気が原因でお腹に液体がたまった状態）に対して腹水コントロールのため入院となった．
入院前日より茶褐色の嘔吐があり，またヘモグロビン（貧血の評価）７．４ｇ／ｄｌと貧血があり，精密検査のため胃カメラを実施した．
その結果，現在進行中の出血はなかったが逆流性食道炎（胃酸や胃の内容物が食道に逆流して、食道の粘膜に炎症を起こす病気）ＬＡ分類グレードＣ（逆流性食道炎の炎症の重症度評価）であり，そこからの出血を疑った．
食事再開後に嘔吐はなかったが，食事量が少なくなったことにより栄養状態が悪化し，腹水が再び悪化した．
フロセミドとスピロノラクトン（利尿剤：体内の余分な水分などを排出させる薬）も使用したが，腹水は改善せず，入院７日目にトルバプタン（利尿剤）（３．７５ｍｇ／日）の内服を開始した．
入院９日目，体に症状はなかったが３８℃の発熱があった．
入院１４日目まで発熱は一定の間隔をおいて繰り返され，入院１５日目，両足の痛み，皮膚の赤み，熱感（熱くなること），腫れが出現した．
下腿（膝より下の部位）のＭＲＩ検査では両側下腿の筋膜（筋肉などを包む膜）に沿って白く写っており，炎症の徴候を示していることから蜂窩織炎と診断した．
原因となる菌を特定するため入院１１日目・１３日目・１５日目に血液培養（血液中に細菌などがいないかを調べる検査）を行い，いずれもＨ．シネディが検出された．
血液培養で菌が検出されるまでの時問は１１３～１５０時間であった．
Ｈ．シネディによる菌血症と蜂窩織炎に対し，入院１５日目より開始したセフトリアキソン（抗菌薬）（２ｇ／日）の投与を継続した．
症状が改善したため，入院２９日目にミノサイクリン（抗菌薬）（２００ｍｇ／日）内服に切り替え入院３６日目に退院となった．
【考察】 Ｈ．シネディ感染症は多くの場合，蜂窩織炎や直腸炎（直腸に炎症が起こる病気）などの患者から血液培養を行った結果，菌の検出に至ったケースが多かった．
しかしながら，培養で陽性の結果が出るまでに５～７日，場合によっては１０日以上の培養期間が必要であり，通常の培養時間では陽性にならない場合もある．したがって，Ｈ．シネディを疑った場合は血液の延長培養を依頼する必要がある．
また，再発が多いことや病院内での感染，水平伝播（人や物のような感染源から周囲に感染が広がること）するという報告がなされている．
今回のように非代償性肝硬変を含めた免疫力が低下した患者における感染症の原因菌として，Ｈ．シネディを念頭に置き，精密検査や治療を行うべきである．
"
JP0218-10,train,"血清肝炎を患っていた中年の主婦が２年間大量のウイスキー（１日，角ビン１本）を飲んで黄疸，浮腫，腹水，悪液質，出血傾向，意識障害をきたして入院した。
入院時にＤｉｓｏｒｉｅｎｔａｔｉｏｎ，著明なＡｂｍａｇｅｒｕｎｇ，アンモニア臭，出血斑があり，検査所見では閉塞性黄疸のパターンをとった肝性昏睡であり加療するも不幸の転帰をとった。
剖検で肝は９５０ｇと縮少し，長与甲型肝硬変と急性アルコール性肝炎と判明した。
総胆管は乳頭開口部から１㎝のところが膵頭の病変（小膵管内多数結石，実質の線維化，小壊死巣）でとりかこまれて狭窄を起こしていた。
腎はｂｉｌｅｎｅｐｈｒｏｓｉｓ以外に多数の小膿瘍があり，脳にも右頭頂葉に０．５㎝の出血壊死巣がある。
腸管粘膜に浮腫がみられた。
肺にも左下葉にアスペルギルス症と気管支肺炎があった。","血清肝炎（輸血や注射器の使い回しなどによるウイルス性肝炎）を患っていた中年の主婦が２年間大量のウイスキー（１日，角ビン１本）を飲んで黄疸（皮膚や白目が黄色くなった状態），むくみ，腹水（お腹に液体がたまった状態），悪液質（慢性の病気による筋肉量の減少や食欲低下を主とする代謝の異常），出血しやすい，意識がはっきりしないといった症状があり入院した。
入院時に見当識障害（周囲の状況を正しく認識できない状態），著しいやせ，アンモニアの臭い，出血による皮膚の斑点があり，検査結果では閉塞性黄疸（胆汁の流れが途中でふさがれたことによって起こる黄疸）に多い肝性昏睡（肝臓の機能不全により脳の機能も悪くなり、意識がはっきりしない状態）であった．治療を行ったが，亡くなった．
遺体の解剖で肝臓は９５０ｇと小さく，長与甲型肝硬変（ウイルス肝炎とは関係なく起こる肝硬変）と急性アルコール性肝炎（大量の飲酒により肝臓に急激な炎症が起こる病気）と判明した．
総胆管（胆汁の通り道）が十二指腸に開いている出口（乳頭部）から１㎝奥のところで膵頭部（膵臓の右側の十二指腸と接するところ）の病変にとり囲まれて狭窄していた。膵頭部の病変には，膵管という管の中に多数の石，実質の線維化（膵臓が硬くなった状態），小壊死巣（死んだ細胞の小さな塊）がみられた．腎臓は胆汁性腎症（胆汁の流れが停滞することによっておこる腎臓の障害）以外に多数の小さな膿がみられた．脳に右側には０．５㎝の出血壊死巣（出血を伴って死んだ細胞の塊）があった。
腸の粘膜には，むくみがみられた。
左肺の下方にアスペルギルス症（アスペルギルスというカビが原因で起こる感染症）と気管支肺炎（気管支とその先端の肺胞に炎症が起きる肺炎）があった。
"
JP0218-11,train,"３８才女性で，２年前心窩部重感あり，某医にて肝腫と軽度の肝機能障害を指摘され，その後全身掻痒感，軽度の黄疸を来たす。
腹腔鏡肝生検（Ｓ．４４．３．２７）では腫大した表面平滑な赤褐色肝で組織では小葉構造はまったく整で実質部に異常なく，グ鞘域では拡大，線維増生はなく小葉間小胆管の著減及び中等大胆管の異常を認めた。
その後第２回（Ｓ．４５．２．８），第３回（Ｓ４７．６．８）と回を重ねるに従い緑色化，結節状隆起の出現を認め小葉構造の乱れ，グ鞘域の拡大，線維増生，胆細管増殖，グ鞘間橋形成を認めた。
その後さらに黄疸漸増し掻痒感持続して，ついに腹水貯留を来たし急性胃潰瘍による出血を契機として肝不全状態となり死亡（Ｓ．４８．１１．２８）した。
剖検では緑色の大結節性硬変肝で乙型の構造であった。
なお抗ミトコンドリア抗体（＋＋＋），抗核抗体（－），抗平滑筋抗体（＋）で腹腔鏡下直接胆のう造影で胆管の閉塞を認めなかった。","３８才女性．
２年前みぞおちの重苦しさを感じ，ある病院で肝腫（肝臓のできもの）と少し肝臓の働きが低下していることを指摘された。その後全身のかゆみ，軽度の黄疸（皮膚や白目が黄色くなった状態）がみられた。
昭和４４年３月２７日の腹腔鏡肝生検（お腹に小さな穴をあけてカメラを入れ、肝臓の組織を採取する検査）では肝臓が大きくなっていたが，表面はなめらかだった。赤褐色の肝臓組織の形は正常で内部にも異常はなかった。肝臓の血管や胆管が集まる部分が少し広がっていたが，繊維増生（繊維組織が増えて硬くなる変化）はみられなかった。ただし，小葉間小胆管（胆汁を送り出す小さい管）が明らかに減っていて，中等大胆管（胆汁を送り出す少し太めの管）に異常がありました。
その後昭和４５年２月８日に第２回，昭和４７年６月８日に第３回と回を重ねるに従い肝臓が緑色になり，こぶのような盛り上がりが現われてきた。肝臓の組織の正常な形がくずれ、周りの組織が広がったり、つながって橋のような構造ができたり，胆汁が通る細い管が増えたりしていた。
その後さらに黄疸が徐々に悪化し，かゆみも持続して，ついに腹水貯留を来たし急性胃潰瘍による出血をきっかけに肝不全状態（肝臓の働きが著しく低下した状態）となり、昭和４８年１１月２８日に死亡した。
遺体を解剖したところ，緑色の大きな結節（コブ）のある硬変肝（肝臓が硬くなり、働きが低下した状態）で乙型という典型的な肝硬変による変化が見られた
なお自己抗体（間違って自分自身の組織や細胞を攻撃してしまうもの）の検査結果は，抗ミトコンドリア抗体（＋＋＋），抗核抗体（－），抗平滑筋抗体（＋）だった。また腹腔鏡（お腹に穴をあけてカメラ）を用いて直接胆のうを造影したが，胆汁の流れる道に閉塞はなかった。
"
JP0218-12,train,"最近われわれはＰＢＣ様の組織所見を呈した壊死後性肝硬変の１例を経験したので報告する。
症例：４２才，男性。
現病歴：１３年来肝機能異常を指摘されていたが黄疽，皮膚蜜痒感，薬物の服用はなかった。
入院時現症：黄疸はなく，著明な肝脾腫大を認めた。
検査成績：赤沈 ４９／ｈ，総ビリルビン １．２ｍｇ／ｄｌ，ＧＯＴ ６４，ＧＰＴ ３０，Ａｌ－Ｐ１９．８Ｂ.Ｌ.，γＧＴＰ ３９１，ＢＳＰ １９％，ＩＣＧ １３％，γＧ １２．７ｇ／ｄｌ，ＩｇＧ ２７６０ｍｇ／ｄｌ，ＩｇＡ ５５０ｍｇ／ｄｌ，ＩｇＭ ２８６ｍｇ／ｄｌ，抗糸粒体抗体（－），抗平滑筋抗体（－），抗核抗体６４０倍， ＲＡテスト（＋），抗ＤＮＡ抗体（＋），Ｍｉｃｒｏｓｏｍｅテスト（＋），ＨＢｓ抗原（－）。
肝楔状生検：壊死後性肝硬変像を呈し，間質ではリンパ濾胞様集簇を伴う小円形細胞の浸潤，細胆管，小葉間胆管の著減，Ｓｅｐｔａｌ ｂｉｌｅ ｄｕｃｔ大の胆管管腔の乳頭状拡張および一部その近傍に胆管の集合がみられた。
しかし残存胆管上皮に壊死，破壊はなく，管腔の連続性は保たれていた。
結節周辺部の肝細胞は膨化し，Ｍａｌｌｏｒｙ様物質がみられた。
細胞性免疫は現在検討中である。","最近われわれは原発性胆汁性胆管炎（免疫の異常によって胆汁の通り道が壊れていく病気）のような組織の特徴が見られた壊死後性肝硬変（肝臓の細胞が広範囲で死んだ後に肝臓が硬くなり働きが悪くなった状態）の１例を経験したので報告する。
症例：４２才，男性。
現在の病気の経過：１３年来，肝臓の働きの異常を指摘されていたが，黄疽（皮膚や白目が黄色く見える状態），皮膚のかゆみ，薬の内服はなかった。
入院時の病気の状態：黄疸はなく，著明な肝脾腫大（肝臓と脾臓が大きくなった状態）を認めた。
検査結果：赤沈（赤血球沈降速度） ４９／ｈ，総ビリルビン（肝臓や胆道の状態） １．２ｍｇ／ｄｌ，ＧＯＴ（肝臓の酵素） ６４，ＧＰＴ（肝臓の酵素） ３０，Ａｌ－Ｐ（胆道の酵素）１９．８Ｂ.Ｌ.，γＧＴＰ（胆道の酵素） ３９１，ＢＳＰ 肝機能負荷試験（肝臓の働き）１９％，ＩＣＧ試験（肝臓の解毒能力） １３％，γＧ （胆道の酵素）１２．７ｇ／ｄｌ，ＩｇＧ ‘（免疫の状態）２７６０ｍｇ／ｄｌ，ＩｇＡ （免疫の状態）５５０ｍｇ／ｄｌ，ＩｇＭ （免疫の状態）２８６ｍｇ／ｄｌ，ＨＢｓ抗原陰性（B型肝炎ウイルスの検出なし）。
自己抗体（間違って自分自身の組織や細胞を攻撃する抗体）の検査結果：抗糸粒体抗体（－），抗平滑筋抗体（－），抗核抗体６４０倍， ＲＡテスト（＋），抗ＤＮＡ抗体（＋），マイクロゾームテスト（＋）。 
肝楔状生検（肝臓の組織の一部をくさび型に採って調べる検査）：壊死後性肝硬変の特徴があり，組織を支える間質ではリンパ球などの免疫細胞が集まり，細い胆管（胆汁の通り道）が著しく減っていた。中等度の太さの胆管内側がひだを伴って太くなり、一部の近くには胆管がいくつも集まっていた。
しかし，残っている胆管の内側表面の細胞は死んだり，壊れていたりしておらず、管のつながりは保たれていた。
結節（しこり）周囲の肝臓の細胞は膨らみ，マロリー様物質（肝臓の細胞が傷ついたときにみられるたんぱく質の塊）がみられた。
細胞性免疫（体の免疫反応）は現在検討中である。
"
JP0218-16,train,"昭和４４年から昭和４９年までに，当院にて経験した総胆管嚢腫は８例である。
本症は，総胆管壁の先天的脆弱による総胆管の球状の拡張で，その遠位で部分的閉塞を生ずる。
従来，本症の３主徴として，黄疸，疼痛，腹部腫瘤が挙げられ，経口経静性の胆嚢胆管造影法で造影されないのが特徴とされていた。
しかし，近年， ＥＲＣＰ， ＰＴＣを含め，胆道系の検索法の進歩により，術前診断も可能となってきている。
我々は，膵管系の異常を伴う例や，癌の合併例を中心に報告したい。","昭和４４年から昭和４９年までに，当院にて経験した総胆管嚢腫（胆汁の通り道である総胆管がふくろ状に膨らむ病気）は８例である。この病気は，総胆管の壁が先天的に脆いことによる総胆管の丸い膨らみで，その膨らみの先の部分で閉塞する。
従来，この病気の３つの主要な症状として，黄疸（皮膚や白目が黄色くなった状態），痛み，腹部のしこりが挙げられ，内服や静脈点滴での胆嚢胆管造影法（造影剤を使って胆嚢・胆管の形や病変を可視化する検査）で総胆管嚢腫が写らないのが特徴とされていた。
しかし，近年，内視鏡的逆行性胆管膵管造影（ＥＲＣＰ：内視鏡を使って胆管や膵管の中を調べたり治療したりする検査）， 経皮的経肝胆管造影（ＰＴＣ：皮膚から針を刺して，肝臓の中の胆管に造影剤を入れ胆道の状態を見る検査）を含め，胆道系の調べる検査法の進歩により，手術前の診断も可能となってきている。
我々は，膵管系（膵臓の中を通る管）の異常を伴う例や，がんの合併例を中心に報告したい。
"
JP0218-21,train,"我々は最近，本邦では稀な特発性妊娠黄疸の一症例を経験したので報告する。
症例は２４才の主婦。
黄疽，薬剤服用の既往はない。
今回は初回妊娠でその経過は順調であったが，妊娠９ケ月より黄疽， 瘙痒感が出現し入院した。
全身状態は良好で，理学的には肝を１横指触知した。
検査成績ではＴ．Ｂｉｌｉｒｕｂｉｎ １５．０ｍｇ／ｄｌ， Ｄ．Ｂｉｌｉｒｕｂｉｎ ８．４ｍｇ／ｄｌ，Ａｌ－Ｐ ３１．７Ｋ．Ａ．Ｕ．，ＬＡＰ４８０Ｇ．Ｒ．Ｕ．，ＧＯＴ ５２Ｋ．Ｕ．，ＧＰＴ ３４Ｋ．Ｕ．，Ｔ．ｃｈｏｌｅｓｔｅｒｏｌ ２５９ｍｇ／ｄｌ，Ｔｒｉｇｌｙｃｅｒｉｄｅ ３７４ｍｇ／ｄｌ，ＨＢｓ抗原（－）。
妊娠３８週に正常分娩。
以後瘙痒感，肝機能は急速に改善したが，高Ｔｒｉｇｌｙｃｅｒｉｄｅ血症のみ持続した。
分娩後６日目の肝生検では，小葉中心性に著明な胆汁うっ滞を認めたが，肝細胞壊死，炎症性細胞浸潤は極く軽度であった。
以後２回の肝生検では軽度の胆汁うっ滞と著明な脂肪浸潤を認めた。
黄疸消失後の胆のう造影，十二指腸液検査は異常なし。
Ｅ．Ｅｓｔｒａｄｉｏｌのｃｈａｌｌｅｎｇｅ ｔｅｓｔ は陽性で，ＧＯＴ，ＧＰＴ，Ａｌ－Ｐ，ＬＡＰの上昇を認めた。
ＡＴＰａｓｅの肝電顕組織化学の所見も報告する。","我々は最近，日本では稀な特発性妊娠黄疸（妊娠中に起こる原因不明の黄疸）の一症例を経験したので報告する。
患者は２４才の主婦。
黄疽（皮膚や白目が黄色くなる状態），これまでに薬の服用はない。
今回が初めての妊娠でその経過は順調であったが，妊娠９ケ月より黄疽， かゆみの症状が現れ入院した。
身体の機能は良好で，診察では肝臓を指１本分触れた。
検査結果では総ビリルビン（肝臓や胆道の状態） １５．０ｍｇ／ｄｌ， 直接ビリルビン（肝臓で処理された後のビリルビン） ８．４ｍｇ／ｄｌ，Ａｌ－Ｐ（胆道の酵素） ３１．７Ｋ．Ａ．Ｕ．，ＬＡＰ（胆道の酵素）４８０Ｇ．Ｒ．Ｕ．，ＧＯＴ（肝臓の酵素） ５２Ｋ．Ｕ．，ＧＰＴ（肝臓の酵素） ３４Ｋ．Ｕ．，総コレステロール（血液中に含まれるすべての種類のコレステロール）２５９ｍｇ／ｄｌ，トリグリセライド（中性脂肪） ３７４ｍｇ／ｄｌ，ＨＢｓ抗原陰性（B型肝炎ウイルスの検出なし）。
妊娠３８週に正常分娩（帝王切開などの医療行為の介入なしに出産すること）
以後かゆみ，肝臓の働きは急速に改善したが，高トリグリセライド血症（血液中の中性脂肪が高い状態）のみ持続した。
出産後６日目の肝生検（肝臓の組織の一部を採って調べる検査）では， 肝臓を構成する小葉の中心部分で胆汁のうっ滞（胆汁の流れが停滞した状態）が著明であったが，死んだ肝臓の細胞や炎症部位に集まってきた免疫細胞はごくわずかであった。
以後２回の肝生検では軽度の胆汁うっ滞と著明な脂肪浸潤（本来は脂肪がないはずの場所に，脂肪が入り込んでいる状態）を認めた。
黄疸がおさまった後の胆のう造影（造影剤を使って胆嚢・胆管の形や病変を可視化する検査），十二指腸液検査（肝臓、胆嚢、胆道、膵臓の病気を調べる検査）に異常はなかった。エストラジオールのチャレンジテスト（女性ホルモンの働きを調べる検査）は陽性で，ＧＯＴ，ＧＰＴ，Ａｌ－Ｐ，ＬＡＰ（胆道の酵素）の上昇を認めた。肝臓の細胞を電子顕微鏡で詳しく調べ，ATPアーゼという酵素の働きを観察した結果も報告する。
"
JP0218-9,train,"石坂・Ｊｏｈａｎｓｓｏｎ（１９６８）のＩｇＥの発見，研究より急速に発展し，Ｒｅａｇｉｎ抗体がＩｇＥなる概念が樹立され，こうしてＩ型アレルギー（即時型アレルギー）の本態が確証されつつある。
我々は今回慢性肝障害（慢性肝炎および肝硬変症を主として）についてＲａｄｉｏｉｍｍｕｎｏｓｏｒｂｅｎｔ Ｔｅｓｔ（Ｒｈａｒｍａｃｉａ）により血清ＩｇＥ値を測定し，興味ある知見を得た。
即ち慢性肝障害においては正常値より高値に至る種々の値を呈する中で，極めて高値を呈する肝硬変症の一群の症例を認め，種々の検討を加えた。
特に今回注目すべき持続高値を呈した症例の中にアルコール多飲により，アルコール性肝炎より，アルコール性肝硬変の像を呈する極めて興味ある例に遭遇し，詳細に比較検討した。
これより，アルコール摂取と即時型アレルギー機序の関連性を吟味しながら，慢性肝障害の血清ＩｇＥ値の意義について考察を加えたい。","石坂とＪｏｈａｎｓｓｏｎ（１９６８年）がＩｇＥ（アレルギーの原因に触れてから，すぐに症状が現れる即時型アレルギーに関わる抗体）を発見した．研究の急速な発展により，リアギン抗体（アレルギーに関わる抗体）がＩｇＥであるという考えが確立された。こうしてＩ型アレルギー（即時型アレルギー）がどのようなものか裏付けされつつある。
今回我々は主に慢性肝炎（肝臓の炎症が長く続いている状態）や肝硬変症（肝臓が硬くなり機能が低下した状態）などの慢性肝障害（長期間肝臓の機能に障害がある状態）の患者について，Ｒｈａｒｍａｃｉａ社のラジオイムノソーベントテスト（血液中にIgEがどれくらいあるかを調べる検査）によりＩｇＥの値を測定した。その結果，興味ある知見を得た。
すなわち慢性肝障害ではいくつかの検査において正常より高い値を示すが，その中で極めて高い値を示したのは肝硬変症患者のグループであり，様々な検討を行った。
特に今回注目すべきは高い値が継続していた患者の中にお酒の飲みすぎによるアルコール性肝炎（長期間の過剰な飲酒によって肝臓が硬くなり機能が低下した状態）より，アルコール性肝硬変（長期間の大量飲酒によって，肝臓の組織が硬くなって正常に働かなくなる状態）の像を示すという非常に興味ある例があったため，詳しく比較し検討した。
これより，アルコール摂取と即時型アレルギーの仕組みとの関連を詳しく調べながら，慢性肝障害における血液中のＩｇＥ値の意味について考えを深めたい。
"
JP0245-4,train,"【はじめに】乳癌は手術療法のほか、化学療法、放射線治療、ホルモン療法と多くの治療法が行われている。
しかしながら、種々の部位に再発することも知られている。
今回、われわれは乳房再建インプラント挿入後の乳癌術後傍胸骨リンパ節転移に対して胸腔鏡下摘出生検を施行した１例について報告する。
【症例】４３歳、女性。
【主訴】胸部ＭＲＩ上の異常陰影。
【既往歴】１．右乳癌術後（４年前）、２．右乳房再建（３年前）、３．乳頭形成術（２年前）。
【現病歴】右乳房切除術後経過観察の目的施行した胸部ＭＲＩで傍胸骨リンパ節腫大を指摘された。
ＰＥＴ－ＣＴで右第１肋間、第３肋間へＦＤＧの集積が認められた。
その他のリンパ節転移、遠隔転移所見は認めなかった。
乳腺外科で肋間からの生検を試みたが、右乳房のインプラントの影響もあり断念した。
呼吸器外科へ紹介され、胸腔鏡下摘出生検を行うこととなった。
【画像所見】胸部ＣＴ－Ａｎｇｉｏでは第１、第３肋間の病変に加えて第２肋間にも結節影を認めた。
【手術所見】左側臥位で手術を行った。
ＣＯ２ （８ｍｍＨｇ）送気で良好な視野が得られた。
胸腔鏡下に右内胸動静脈に沿う壁側胸膜直下にリンパ節腫大を３カ所に認めた。
第２、３肋間のリンパ節は内胸動静脈に強固に固着しており右内胸動静脈の合併切除も余儀なくされた。
【術後経過】術後５日目に退院。
【術後病理組織診断】右傍胸骨リンパ節は３個とも大小の胞巣状～索状のｐａｔｔｅｒｎを示す乳癌の転移と診断された。
【まとめ】１．右乳癌術後の傍胸骨リンパ節転移に対して胸腔鏡下切除術を施行した１例につき報告した。
２．インプラントによる乳房再建術後は経皮的には病変部への到達が困難でありＣＯ２送気下の胸腔鏡下手術が有用であった。","【はじめに】乳がんは手術での治療のほか、抗がん剤治療、放射線治療、ホルモン療法と多くの治療法が行われている。
しかしながら、様々な部位に再発することも知られている。
今回、われわれは乳がん手術後に乳房再建インプラント挿入（手術で失われた乳房の形の部分に人工乳房を入れた状態）を行った後、傍胸骨リンパ節転移（胸の中央あたりにあるリンパ節への転移）に対して胸腔鏡下摘出生検（小さな切り口から胸腔鏡という細いカメラを胸に入れて病変の組織をとる検査）を行った１例について報告する。
【症例】４３歳、女性。
【主な症状】胸のＭＲＩ画像に異常を示す影がある。
【これまでの病歴】１．右乳がん手術後[４年前]、２．右乳房再建手術（手術で失った乳房のふくらみを手術で元のような形に作る治療）[３年前]、３．乳頭形成術（乳房再建のあと乳首を新しく作る手術）[２年前]。
【現在の病気の経過】右乳房をとる手術を受けた後、経過をみるために撮影した胸のＭＲＩ検査で傍胸骨リンパ節（胸の中央あたりにあるリンパ節）が腫れていると言われた。
ＰＥＴ－ＣＴという検査でFDGという薬を使って撮影したところ、右側の１番目と３番目の肋骨の間にＦＤＧが集まり、がん細胞の可能性が示された。
その他のリンパ節への転移や最初にできたがんの部位から離れた臓器への転移は認められなかった。
乳腺外科では肋骨の間から病変の組織をとろうと試みたが、右乳房の人工乳房に妨げられ断念した。
呼吸器外科へ紹介され、胸腔鏡下摘出生検を行うこととなった。
【画像検査の結果】胸の造影剤を使ったＣＴ検査では１番目と３番目の肋骨の間にある病変に加えて、２番目の肋骨の間にも結節影（小さなしこりのようなもの）を認めた。
【手術の結果】患者が左向きの姿勢で手術を行った。
二酸化炭素 を８ｍｍＨｇの圧で送り手術部位が良好に見えるようになった。
胸腔鏡を使い右内胸動静脈（右胸の内側にある血管）に沿う壁側胸膜直下（胸の内側にある胸膜のすぐ下）にリンパ節の腫れを３カ所に認めた。
２番目と３番目の肋骨の間のリンパ節は内胸動静脈に強くくっついており右内胸動静脈を一緒に切除せざるを得なかった。
【術後経過】手術後５日目に退院。
【手術後の組織の詳しい診断】右傍胸骨リンパ節は３個とも大小様々な小さな塊やひも状のパターンを示す乳がんの転移と診断された。
【まとめ】１．右乳がん手術後の傍胸骨リンパ節転移に対して胸腔鏡下切除術を行った１例につき報告した。
２．インプラント（人工乳房）による乳房再建の手術後は皮膚から針を刺して病変の部位に到達することが難しい。しかし、二酸化炭素を送りながらの胸腔鏡を使った手術が有効であった。
"
JP0245-7,train,"肺軸捻転症は肺切除後の合併症の一つであるが、食道切除後にも極めて稀だが発生している。
今回、食道癌術後に右中葉軸捻転をきたした症例を経験したので報告する。
症例は、６８歳、男性。
胸部食道癌、 ｃＴ２ＮＯＭＯ ｓｔａｇｅｌＩ、 術前化学療法（ＦＰ２コース）後に右開胸食道亜全摘、２領域郭清、後縦隔経路・頸部吻合による胃管再建を施行された。
手術時間は、１０時間２分、出血量３０５ｍｌ、胸部操作は４時間３９分であった。
術後９日目に発熱３７．７℃あり、胸部造影ＣＴにて右胸腔内血腫、両側肺炎と右中葉無気肺を認め、抗生剤加療と理学療法強化を実施した。
その後、胸写上右胸水の増悪を認め、術後１６日目に胸部造影ＣＴを再検したところ、右下葉肺動脈に血栓出現あり、右中葉無気肺の改善は無かった。
気管支鏡検査では、右中葉気管支内腔の狭小化と右上葉気管支のねじれを認めた。
用手的送気にて右中葉無気肺の軽度改善が得られたものの、気管支のねじれは改善しなかった。
以上より右中葉軸捻転の診断で、 ＩＶＣフィルター留置後に緊急手術を施行した。
右第４肋間前側方開胸、右上葉中心に胸壁との癒着あり、これを剥離した。
胃管損傷に留置しながら肺周囲と縦隔胸膜との癒着を剥離すると、中葉は上葉の縦隔側を頭側に伸びるように存在していた。
葉問剥離を進めていくと、中葉Ｓ５腹側と下葉Ｓ６頭側が癒着しており、中葉が反時計回りに約９０度捻転していた。
この癒着を切離すると中葉の捻転が解除された。
両側肺換気で１５分程経過観察し、肺の色調不良なく、バイタル変動やアシドーシス出現もなかったので肺切除は不要と判断した。
肺切除後ではないので、肺の葉問固定も不要と判断した。
再手術後の経過は概ね良好であった。","肺軸捻転症（肺が気管支や血管がねじれて空気や血液の流れが悪くなる状態）は肺の切除手術後に起こる合併症の一つであるが、食道を切除手術後にも非常に稀だが起こることがある。
今回、食道がんの手術後に右肺の真ん中あたりの肺軸捻転を起こした患者を経験したので報告する。
患者は、６８歳、男性。
胸部食道がん（首からお腹まである食道のうち胸の中を通っている食道にできたがん）
画像検査結果などに基づくＴＮＭ分類（がんの進行具合）：T2（がんが食道の筋肉の層まで入り込んでいる）、N0（リンパ節への転移なし）、M0（遠くの臓器への転移なし）、ステージＩ（初期のがん）
手術前の抗がん剤治療としてＦＰ（フルオロウラシルとシスプラチンを使用する治療）を２回行った後に手術となった。手術では右の胸を開き食道の大部分を切除し、がんが広がっている可能性のあるリンパ節を2つの領域から取り除いた。さらに、切除した食道の代わりに胃を細長くして使い、胸の後ろを通して首のあたりでつなぐ再建手術を行った。
手術時間は、１０時間２分、出血量３０５ｍｌ、胸部操作（食道の切除、胸部のリンパ節の切除、食道があったところに胃を持ち上げる操作など）は４時間３９分であった。
手術後９日目に３７．７℃の発熱があり、胸部の造影剤を使用したＣＴ検査にて右側の胸腔内血腫（肺の周りの空間に血液がたまった状態）、両側の肺炎（細菌やウイルスに感染し肺が炎症を起こした状態）と右肺の真ん中あたりの無気肺（肺のに空気が入らなくなりしぼんだ状態）を認め、抗生剤による治療とリハビリの強化を行った。
その後、胸部の画像検査上、右側に胸水（肺のまわりにたまった液体）が増加していたため、手術後１６日目に再び胸部の造影ＣＴ検査を実施したところ、右下の肺の動脈に血栓（血管の中にできた血の塊）があり、右肺の真ん中あたりの無気肺は改善していなかった。
気管支鏡検査（気管や気管支に細いカメラを入れて肺の中を直接観察する検査）では、右肺の真ん中あたりの気管支内腔（空気が通る気管支内の道）が狭くなりと右上の肺の気管支にねじれを認めた。
医療者の手で加減しながら患者の肺に空気を送り込むことで右肺の真ん中あたりの無気肺は少し改善したが、気管支のねじれは改善しなかった。
以上の検査結果から右中葉（右肺の真ん中あたりの）肺軸捻転の診断で、 ＩＶＣフィルター（下大静脈という血管内に金属のフィルターを留置して肺の血管が血栓で詰まるのを防ぐ処置）を留置して、緊急手術を行った。
右胸の４番目の肋骨の間で前～横のあたりを切って胸の中を開けると、右上の肺を中心に内側の壁に癒着（くっついた状態）しており、これを剥がした。
食道があったところにもち上げた胃を傷つけないよう注意しながら、肺の周囲と縦隔胸膜（胸の中央を包む膜）の癒着を剥がすと右中葉（右肺の真ん中の部分）が、右上葉（上の部分）の縦隔側（内側）に沿って、頭の方向に伸びていた。
右肺には上葉、中葉、下葉の３つの葉に分かれているが、葉の間を剥がしていくと、右中葉のS5という区域の前方と右下葉のS6という区域の上方が癒着しており、右中葉が反時計回りに約９０度ねじれていた。
この癒着を切り離すとすると中葉の捻転（ねじれ）が元に戻った。
左右両方の肺に空気を送りながら15分ほど経過を観察し、肺の色が悪化することはなく、血圧、脈拍などの変化やアシドーシス（体が酸性に傾くような異常）が現れることもなかったため、肺を切除する必要はないと判断した。
肺の切除手術の後ではないため、肺の葉と葉の境目を固定する必要はないと判断した。
再手術後の経過はおおむね良好であった。
"
JP0291-1,train,"はじめに
深部静脈血栓症（ＤＶＴ）は、大腿静脈や総腸骨静脈などの深在性静脈内で血液凝固による血栓が生じる病態をいう。
長期臥床の重症心身障害児者（以下、重症児者）でのＤＶＴの報告は意外に少なく、演者らも２００７年に本学会に症例報告を行ったが、その病態は依然として明らかではない。
今回われわれは、重症児者においてＤＶＴのスクリーニングを行ったので報告する。
対象・方法
対象は当センターに長期入所中の利用者９名（男性３名、女性６名）で、全例大島分類１である。
静脈超音波検査を実施し、下肢深部静脈についてＤＶＴの評価検討を行った。
またＤダイマーを含め、血液凝固系検査も合わせて実施した。
なお、倫理的配慮については、当センターの倫理委員会の承認を受けた。
結果
対象者の年齢は１０－５５歳（中央値４５歳）であり、９例中２例（２２．２％）で無症候性のＤＶＴを認めた。
ＤＶＴの発生部位は２例とも左の総大腿静脈であった。
ヒラメ筋静脈は未発達であり、この部位の血栓は全例で認められなかった。
血液凝固系検査では一部の症例でアンチトロンビンＩＩＩ、 ＦＤＰ、 Ｄダイマーの高値を認めたが、血栓ありの症例はいずれも基準値範囲内であった。
考察
骨盤・下肢静脈のＤＶＴでは発生部位により、膝窩静脈から中枢側の中枢型（腸骨型、大腿型）と末梢側の末梢型（下腿型）に分けられる。
通常ＤＶＴは末梢型が多く、初発部位の多くはヒラメ筋静脈であるとされている。
しかし大森ら（２０１２）が報告している通り、生来寝たきりであることが多い重症児者ではこの部位の静脈は未発達であり、 ＤＶＴの発生は少ない。
今回の検討でもＤＶＴは２例とも中枢型であり、血栓形成の要因として長期臥床による運動障害に加えて、筋緊張尤進による発汗からの軽度の脱水なども推察された。
より多数例での検討が、大森らにより現在進行中である。","はじめに
深部静脈血栓症（ＤＶＴ）は、大腿静脈や総腸骨静脈など足の深いところにある静脈に血の塊（血栓）ができる病気である。
長い間寝たきりの重症心身障害児者（重度の知的障害と手足の障害が重複している人）でのＤＶＴの報告は意外に少なく、発表する研究者らも２００７年にこの学会で症例報告を行ったが、その病気の仕組みは以前と変わらず明らかではない。
今回われわれは、重症心身障害児者に対してＤＶＴの検査を行ったので報告する。
対象・方法
対象は当センターに長期間入所している利用者９名（男性３名、女性６名）で、すべての症例が大島分類（重症心身障害児者の障害の程度の分類）１に該当した。
静脈の超音波検査を実施し、足の深いところにある静脈にＤＶＴがあるか調べて検討を行った。
またＤダイマー（血栓が分解されるときにできる物質）を含め、血液凝固系検査（血液が固まる仕組みに異常がないかを調べる検査）も合わせて実施した。
なお、倫理的な配慮については、当センターの倫理委員会の承認を受けた。
結果
対象者の年齢は１０－５５歳（年齢の中央の値：４５歳）であり、９例中２例（２２．２％）で無症状のＤＶＴであった。
ＤＶＴがあった場所は２例とも左の総大腿静脈（下肢の主要な深部静脈の１つ）であった。
ヒラメ筋内の静脈は発達しておらず、この部分の血栓はどの症例でも見られなかった。
血液凝固系検査では一部の症例でアンチトロンビンＩＩＩ（血栓ができるのを抑制する働き）、 ＦＤＰ（血栓が分解されるときにできる物質）、 Ｄダイマーが高い値だったが、血栓があった症例はいずれも基準値範囲内（正常値）であった。
考察
骨盤と下肢の静脈にできたＤＶＴは、血栓ができた場所によって２つに分けられる。
中枢型（腸骨型、大腿型）：膝窩静脈（膝裏の静脈）より上にできたDVT
末梢型（下腿型）：膝窩静脈（膝裏の静脈）より下にできたDVT
通常ＤＶＴは末梢型が多く、初めにできる場所の多くはヒラメ筋内の静脈であるといわれている。
しかし、大森らが２０１２年に報告している通り、生まれてからずっと寝たきりのことが多い重症心身障害児者では、この部位の静脈は発達しておらず、ＤＶＴの発生は少ない。
今回の検討でもＤＶＴは２例とも中枢型であり、血栓ができる原因として長期間寝たきりであることによる運動障害（体を思い通りに動かせない状態）に加えて、筋緊張尤進（筋肉に力が入りすぎてこわばっている状態）による発汗からの軽度の脱水なども予想された。
より多い症例での検討が、大森らにより現在行われている。
"
JP0292-2,train,"はじめに
短期入所の超重症児（者）は、病院へと生活環境が変化することによるストレスから筋緊張やてんかん発作などの身体的変化が現れる児も多い。
今回、筋緊張により呼吸状態の悪化を認める人工呼吸器装着中の重症心身障害児（者）に緊張を緩和と排痰援助を実施し、呼吸状態の改善につながった事例を報告する。
事例紹介
Ａ氏２０代男性疾患名：脳性麻痺 精神発達遅滞人工呼吸器（トリロジー１００）２４時間装着中。
倫理的配慮
プライバシーを保護することを家族に説明し発表の承諾を得た。
看護の実際
看護上の問題：筋緊張の亢進により呼吸状態の悪化を招くリスクが高い看護目標：筋緊張が軽減し、呼吸状態の悪化が最小限になる全身の反り返り、上肢の屈曲を呈する筋緊張と、ＳｐＯ２・一回換気量の低下、心拍数・呼吸回数の上昇を認め、換気が不十分であったＡ氏に基底面を広げるためタオルで下肢・体幹を支持し、四肢の安定性を保った。
また、安心するような声掛けやタッチングを行い、好きな音楽をかけ、安楽な環境の調整を行った。
その結果、全身の反り返りは消失し、笑顔がみられた。
次に体位ドレナージを行い、吸気に合わせ上肢を外旋させる運動とスクイージングを実施することで、 ＳｐＯ２の上昇を認めた。
考察
筋緊張への対応は、原因・要因の検討、心理的対応、姿勢管理が必要である。
言語的コミュニケーションは図れないが、話しかけると反応がみられるＡ氏にとって声掛けやタッチングにて心理的対応を行うことは、安心できる関わりであり、筋緊張の緩和に効果があった。
そしてその上で個別性のある胸郭拡張運動とスクイージングを併用し、痰を喀出しやすくすること、呼吸運動を介助し換気を促進することが呼吸状態の改善に重要であった。
結論
筋緊張異常と変形・拘縮、呼吸障害の関係は密接な関係にあり、筋緊張の原因を探り原因の除去に努めることで、呼吸状態の増悪を防ぐことにつながる。","【はじめに】
短期間施設に入所する超重症児（者）（常に医学的管理のもとでなければ、呼吸をすることも栄養を摂ることも困難な状態にある人）は、病院へと生活環境が変化することによってストレスから筋緊張（筋肉のこわばり）やてんかん発作（脳の異常による一時的な発作症状）など身体に変化が現れる子供も多い。
今回、筋緊張により呼吸の状態が悪くなり人工呼吸器（呼吸を助ける医療機器）を使用している重症心身障害児（者）（重度の知的障害と手足の障害が重複している人）に対して緊張の緩和やたまった痰を出す援助を行い、呼吸の状態改善につながった例を報告する。
【事例紹介】
Ａ氏２０代男性
疾患名：脳性麻痺（生まれる前後の脳の障害によって起きる体の障害）、精神発達遅滞（知能や生活に必要な能力の発達が遅れている状態）、人工呼吸器（トリロジー１００という機種を使用）を２４時間使用中。
【倫理的な配慮】
プライバシーを保護することを家族に説明し発表の承諾を得た。
【看護の実際】
看護上の問題：筋緊張の亢進（筋肉に力が入りすぎてこわばっている状態）によって、呼吸の状態が悪化する可能性が高い。
看護の目標：筋緊張が和らぎ、呼吸の状態悪化が最小限になる。
体の反り返り、腕が曲げながらの筋緊張、酸素飽和度（酸素と結合したヘモグロビンの割合）・一回換気量（１回の呼吸で肺に出入りする空気の量）の低下、心拍数・呼吸回数の上昇があり、換気（肺での空気の出し入れ）が不十分であった。Ａ氏の基底面（体と接している面）を広くするためにタオルで足・体を支え、手足の安定が保てるようにした。
また、安心するような声かけ、看護師が触れること、好きな音楽を流すこと、安楽な環境の整えることを行った。
その結果、体の反り返りは消えて、笑顔がみられた。
次に体位ドレナージ（体の姿勢を変えて痰を出しやすくする方法）を行い、息を吸うのに合わせ腕を体の外側に動かす運動とスクイージング（痰を出しやすくする呼吸のリハビリ）を実施することで、 酸素飽和度の上昇を認めた。
【考察】
筋緊張への対応は、原因や要因（筋緊張に関係していること）の検討、心理面への対応、姿勢の調整が必要である。
言葉でのコミュニケーションはできないが、話しかけると反応がみられるＡ氏にとって、声かけや触れることで心理面の対応を行うことは、安心できる関わりであり、筋緊張を和らげる効果があった。
そして、その上で個別性のある胸郭拡張運動（腕を体の外側に動かす運動）とスクイージングを併せて行い、痰を喀出しやすくすること、呼吸運動を介助し呼吸を促すことが呼吸状態の改善に重要であった。
【結論】
筋緊張の異常と手足の変形・拘縮（関節が固まること）、呼吸の障害とは密接な関係にあり、筋緊張の原因を探り原因の除去に努めることで、呼吸の状態が悪化することを防ぐことにつながる。
"
JP0478-1,train,"胆道閉鎖症肝門部空腸吻合術後では，重度の門脈圧亢進症により胃食道静脈瘤破裂をはじめとする消化管出血のコントロールに難渋する症例が多い．
肝不全に至っていない症例であっても，難治性で多量の消化管出血は胆道閉鎖症における肝移植の重要な適応の１つである．
今回，消化管出血のコントロールがつかずに出血から１か月以内に肝移植に至った症例について検討した．
１９９０年６月から２０１０年８月末までに当院にて肝移植を行った１，４１１例のうち胆道閉鎖症は５５０例であり，うち，適応に消化管出血を含む症例は１３６例であった．
このうち出血のコントロールがつかず１か月以内に肝移植を施行した２６例を対象とした．
移植時年齢は０歳８か月から１４歳８か月（平均４歳２か月），男女比は１０：１６であった．
出血部位は，小腸出血１０例，胃食道静脈瘤破裂６例，両者からの出血６例，出血部位不明４例であった．
食道静脈瘤からの出血に対しては，まず硬化療法，結紮療法等の内視鏡的治療が施行され，これらを施行しても再出血を繰り返し，さらにＳ－Ｂチューブによっても止血が得られない症例が肝移植の適応となっている．
小腸出血では腸瘻部を含めたＲｏｕｘ－ｅｎ Ｙ脚からの出血が多く，血管造影を行っても治療が困難であり，絶食と輸血による保存的治療によっても止血が得られない場合に肝移植の適応となる．
門脈圧亢進症に対する肝移植の際には，特に小さい児において門脈本幹血流が十分に得られない場合， ｃｏｒｏｎａｒｙ ｖｅｉｎやｓｐｌｅｎｏ－ｒｅｎａｌ ｓｈｕｎｔなどの側副血行路を処理し，さらに後腹膜への血流を遮断して門脈血流を確保している．
Ｒｏｕｘ－ｅｎ Ｙ脚からの出血では腸管と肝臓を剥離することによって出血源となる側副血行路を処理することができる．
術後経過は比較的良好であり，術前出血によりプレショック状態であった患児も含め２６例中２１例（８１％）が生存していた．","胆道閉鎖症（生まれつき胆汁の通り道がふさがっている病気）に対する肝門部空腸吻合術（ふさがった胆汁の通り道をバイパスして、肝臓から腸へ直接胆汁が流れる新しい道を作る手術）の手術後では，重度の門脈圧亢進症（肝臓に流れ込む門脈という血管の圧力が異常に高い状態）により胃食道静脈瘤破裂（食道や胃の血管がこぶのように膨らみ、それが破れて出血する状態）をはじめとする消化管出血（食道・胃・小腸・大腸などから出血）のコントロールが難しい症例が多い．
肝不全（肝臓が体に必要な機能を果たせなくなった状態）に至っていない症例でも，治療が難しく多量の出血を伴う消化管出血は胆道閉鎖症において肝臓移植の重要な手術理由の１つである．
今回，消化管出血をコントロールできず、出血から１か月以内に肝臓移植に至った症例について検討した．
１９９０年６月から２０１０年８月末までに当院にて肝臓移植を行った１，４１１例のうち胆道閉鎖症は５５０例であり，うち，手術の理由に消化管出血を含む症例は１３６例であった．
このうち出血がコントロールできず１か月以内に肝臓移植を実施した２６例を対象とした．
移植時年齢は０歳８か月から１４歳８か月（平均４歳２か月），男女比は１０：１６であった．
出血部位は，小腸からの出血１０例，胃食道静脈瘤破裂６例，両方からの出血６例，出血部位がわからない４例であった．
食道静脈瘤（食道の血管がこぶのように膨らんだ状態）からの出血に対しては，まず硬化療法（異常な血管に薬を注射して、血管を固める治療），結紮療法（異常な血管をしばって血流を止める治療）等の胃カメラでの治療が行われた．これらを行っても再出血を繰り返し，さらにＳ－Ｂチューブ（食道や胃の静脈瘤からの出血を止めるために使うチューブ）によっても止血できない症例が肝臓移植を行う基準となっている．
小腸からの出血の多くは、手術でつないだ部分（腸瘻部）を含むルーワイ脚という腸の部分から起きていた．細いカテーテルを使って血管を造影する検査を行っても治療が難しく、絶食と輸血による負担の少ない方法で止血できない場合に肝臓移植が必要となる．
門脈圧亢進症に対する肝臓移植では，特に小さい子供において門脈の太い本流からの血液の流れが不十分な場合， 冠状静脈や脾腎シャント（脾臓と腎臓の間で本来あるべきでない血管の通り道ができる病気）などの側副血行路（迂回路）への血流を止める処理を行う．さらに　お腹の奥の方に流れていく血液を減らすことで、肝臓に向かう門脈の血流を確保している．
腸と肝臓の間を丁寧にはがすことで、出血の原因となる側副血行路を見つけて処理することができる．術後経過は比較的良好であり，手術前に出血でショックの一歩手前の状態であった病気の子供も含め２６例中２１例（８１％）が生存していた．
"
JP0478-2,train,"【はじめに】国内での生体肝移植が普及する前に思春期を通過し，自己肝で成人期を迎えた症例の中には，著しくＱＯＬを損ないながらも致命的ではない生活を送り，肝移植のタイミングの決定が困難な症例がある．
今回我々は胆管炎を繰り返す胆道閉鎖症術後３３歳女性に対し生体肝移植を施行した．
【症例】他院にて日齢９８に肝門部空腸吻合術を施行された．
減黄し良好なＱＯＬを得ていたが，高校入学頃から胆管炎や亜イレウスによる入院を繰り返すようになった．
２９歳時に結婚し，これを機に転居，当院でのフォローとなった．
３２歳時には１年に５回の入院を要した．
エコー，ＣＴでは，肝左葉は著明に萎縮し，ｂｉｌｅ ｌａｋｅを認めた．
Ｂ６の拡張も指摘された．
Ｂ６からの胆管造影では管内胆管は枯れ枝状で肝内結石を多数認めたが，血液検査ではＴＰ ７．３ｇ／ｄｌ，Ａｌｂ ４．５ｇ／ｄｌ，ｃｈＥ３０１ＩＵ／ｌと合成能は保たれており，門脈圧亢進症の所見はなかった．
近い将来の生命の危険はないと考えられたが，患者は常に易疲労感があり，外出を控えるなど日常生活のＱＯＬは著しく損なわれていた．
また，ドナー候補の母は６３歳であり年齢の制限があること，肝M移植により挙児の可能性があることなどを考慮し，患者・家族に生体肝移植を提示した．
本人・家族の希望により約半年後に生体肝移植が施行された．
移植後２日目に肝動脈血流低下による再吻合術を要したが，その後は順調に経過し移植後７か月が経過している．
【結語】成人期のＱＯＬ向上を目的とする生体肝移植の適応については，個々の背景にある社会的状況も勘案する必要があり標準化することは困難である．
患者サイドでも慢性的に病気と付き合うことに慣れてしまっており，肝移植に踏み切るタイミングの決定は困難であり，医療者が遅滞なく肝移植についての情報提供を行うことが重要であると考える．","【はじめに】国内での生体肝移植（健康な人から肝臓の一部を切り取り、肝不全の患者に移植する手術）が普及する前に思春期が過ぎ，自分の肝臓で成人を迎えた患者の中には，ＱＯＬ（生活の質）を保つことが非常に難しいながらも生命を維持しながら生活していることから，肝移植のタイミングを決められない患者がいる．
今回我々は胆道閉鎖症（生まれつき胆汁の通り道がふさがっている病気）の手術後に胆管炎（胆汁の通り道である胆管に菌が感染して炎症を起こす病気）を繰り返していた３３歳女性に対して生体肝移植を行った．
【症例】他の病院で生後９８日目に肝門部空腸吻合術（肝臓の胆管の出口と小腸の一部をつなげて、胆汁が流れる道を作る手術）が行われた．
黄疸（皮膚や白目が黄色くなる症状）が改善され良好なＱＯＬであったが，高校に入学した頃から胆管炎や亜イレウス（腸が詰まりかけている状態）により入院を繰り返すようになった．
２９歳の時に結婚し，これを機に引っ越し，当院で経過をみていくこととなった．
３２歳の時には１年に５回入院が必要となった．
超音波検査，ＣＴ検査では，左側の肝臓がかなり萎縮（小さくなること）し，胆汁が胆管の外に漏れていた．
肝臓内にあるB６という胆管の枝が拡張（太くなっている）していることを指摘された．
Ｂ６から胆管を造影して調べたところ．肝臓内の胆管は枯れ枝のように細くなっており、その中にたくさんの胆石が見つかった．血液検査では総蛋白（主に肝臓で合成） ７．３ｇ／ｄｌ，アルブミン（主に肝臓で合成される蛋白質の一種） ４．５ｇ／ｄｌ，コリンエステラーゼ（肝臓で作られる酵素）３０１ＩＵ／ｌと必要な物質を肝臓で合成する能力は保たれており，門脈圧亢進症を疑う結果はなかった．　
近い将来に生命の危険はないと考えられたが，患者は常に疲れやすく，外出を控えるなど日常生活のＱＯＬは非常に低下していた．
また，提供者候補の母親は６３歳であり年齢が高いこと，肝移植により将来的に妊娠・出産の可能性があることなどをふまえて，患者・家族に生体肝移植という選択肢を提案した．
本人・家族の希望により約半年後に生体肝移植が行われた．
移植後２日目に肝臓の動脈への血流が減少したため再吻合術（再びつなぎ直す手術）が必要となったが，その後は順調に経過し移植後７か月が経過している．
【結語】成人期（20歳～60歳ぐらい）のＱＯＬ向上を目的とする生体肝移植の必要性については，人それぞれ背景にある社会的な状況が異なるため、みんなを同じ基準に当てはめるのは難しい．
患者側も慢性的に病気と付き合うことに慣れていて，肝移植に踏み切るタイミングの決定は難しく，医療者が肝移植についての適切なタイミングで情報提供を行うことが重要であると考える．
"
JP0489-1,train,"胆道閉鎖症のキャリーオーバーである２０代女性で，抑うつ状態をきたし，精神科治療を行った１例を報告した．
本症例は，成人に達するまでの身体的治療経過は比較的良好であったが，リストカットなどの既往があり，精神面では不安定さが若干存在していた．
成人以降，様々なストレスや胆管炎を繰り返す状況の後，病的な依存症やうつ状態がみられた．
本症例からは，胆道閉鎖症を抱えて生き続けることには困難さがあること，家族による援助が不適切だったことが関連して患者の病的依存症が引き起こされていたことが推測された．
病的依存症やうつ状態には，精神科治療（薬物療法，精神療法）は有用であった．
胆道閉鎖症のキャリーオーバーにおける病的依存症の危険と，それを防ぐためには患者を家族全体で受け止める必要があること，思春期以降は，患者が病気を理解し受容した上で，自立をはかることができるようなサポート体制が必要であることを指摘した．","胆道閉鎖症（胆汁の通り道がふさがっている病気）を生まれたときから抱えている２０代女性が，抑うつ状態（気分が落ち込み、やる気がおきない状態）となり，精神科で治療を行うことになった１例を報告した．
患者は，成人になるまで身体面の治療経過は比較的良かった．一方，リストカットなどで自分を傷つけたことがあり，精神面では不安定になることがあった．
成人以降，様々なストレスや胆管炎（胆汁の通り道に細菌が入り炎症を起こす病気）を繰り返した後，病的な依存症（自分の力だけではやめられないほど何かに依存すること）やうつ状態（気分の強い落ち込み）がみられた．この患者においては，胆道閉鎖症を抱えて生き続けるのが難しいこと，家族による援助が不適切だったことが病的依存症の発症に影響していたと予想される．
病的依存症やうつ状態には，精神科での治療（薬での治療，精神療法という心理的な方法で患者の心身に働きかける治療）が有効でであった．
胆道閉鎖症を生まれたときから抱える患者における病的依存症の危険と，それを防ぐためには患者を家族全体で受け止める必要があること，思春期以降は，患者自身が病気を理解し受容した上で，自立をはかることができるようなサポート体制が必要であることを述べた．
"
JP0489-4,train,"鼓腸は精神発達遅滞児などの呑気で起こる事が多いが，ストレスをきっかけとして健常な年長児にみられる場合もある．
症例は６歳女児．
４か月前から放屁，腹部膨満が目立ち始めた．
頻回嘔吐を伴うようになり前医受診した．
呑気症と診断され精神科受診をすすめられるも両親は納得できず，当科へ紹介された．
全身状態良好で体格，栄養状態，知能発達は正常範囲内であった．
表情に乏しく特異な顔貌，細い四肢と腹部膨満が目立ち，ひっきりなしに大きな音で放屁を繰り返していた．
胃軸捻の所見もあり家族は胃固定術を強く希望した．
入院精査で心身症と考えられたため，ゆっくり時間をかけて心理カウンセリングを導入した．
当初は放屁，腹部膨満を心配して母親が小学校入学を拒んでいたが，学校側にもあらかじめ対応してもらい楽しく小学校生活をスタート，明らかな症状改善を得た．
本症例の心理療法開始には，複数の治療手段をもつ外科の適切な関わりも重要であった．","鼓腸（お腹にガスがたまって，ふくらんだ状態）は精神発達遅滞児（知的な発達に遅れがあり日常生活に支障がある子供）などの呑気（無意識に空気を飲み込んでしまうこと）で起こる事が多いが，ストレスをきっかけとして健康な年長の子供にみられる場合もある．
患者は６歳の女児．
４か月前から放屁（おなら），腹部膨満（お腹の張り）が目立ち始めた．
頻繁に嘔吐（吐く）ようになり、前の病院を受診した．
呑気症（無意識に空気をたくさん飲み込んでしまい，お腹が張ったりゲップが多くなったりする状態）と診断され，精神科の受診をすすめられた．しかし両親は納得できず，当科へ紹介された．
全身の状態は良好で体格・栄養状態・知能の発達は正常範囲内であった．
表情が乏しく特徴的な顔立ち，細い手足と腹部膨満が目立ち，頻繁に大きな音で放屁を繰り返していた．
胃軸捻（胃がねじれてしまう病気）という検査結果もあり，家族は胃が動いたりしないように固定する手術を強く希望した．
入院し詳しく調べたでところ，心身症（ストレスや心の問題が原因で体に病気や症状が現れる状態）と考えられたため，ゆっくり時間をかけて心理カウンセリングを開始した．
当初は放屁，腹部膨満を心配し，母親が小学校への入学を拒んでいたが，学校側にもあらかじめ対応してもらい楽しく小学校生活をスタートし，明らかに症状が改善した．
この患者の心理療法（カウンセリング）開始において，複数の治療手段をもつ外科の適切な関わりも重要であった．
"
JP0493-4,train,"胃瘻から栄養注入を行う場合，胃食道逆流，下痢などのため一般に注入速度には限界があり，かつ１日数回の注入のため，患児および介護者は長時間の拘束を強いられる．
そこで栄養剤をゲル化することでワンショット注入を可能とし，拘束時間が改善し，胃瘻合併症の改善が得られたので報告する．
【症例】１：８歳男児．
脳性麻痺により胃瘻管理中．
胃瘻からの漏出があるため，その防止目的で栄養剤をゲル化し，漏出は消失した．
２：１歳女児．
食道閉鎖症にて根治術施行後，摂食障害があり胃痩注入を行っていた．
ダンピング症候群を発症したため栄養剤をゲル化したところ，改善した．
両症例ともワンショット注入とすることで注入拘束時間が短縮した．
【考察】成人ではゲル化栄養剤の注入は広く行われている．
今回，胃が小さく，胃瘻も細い１歳児においてもゲル化栄養剤のワンショット注入は可能であり，患児および介護者の負担が減り，ＱＯＬの向上に貢献した．","胃ろう（お腹に小さな穴をあけて、チューブを通して胃に直接栄養を入れる方法）から栄養剤の注入を行う場合，胃食道逆流（胃の内容物が食道に逆流してしまう状態），下痢などが起こることがある．そのため，栄養剤を短時間で注入することができない．また１日に数回注入するため、子供と介護を行う人は長時間拘束される．
そこで栄養剤をゼリー状にすることで1回分ずつまとめて注入でき，拘束時間が短くなり，胃ろうによるトラブルが改善したので報告する．
【症例】
１例目：８歳の男児．
脳性麻痺（生まれる前後の脳の障害によって起きる体の障害）のため，胃ろうから栄養をとっている．
胃ろうからの栄養剤の漏れがあり，それを防止するために栄養剤をゼリー状にしたところ，漏れがなくなった．
２例目：１歳の女児．
食道閉鎖症（生まれつき食道が途中で途切れている病気）のため食道をつなぐ手術を行った，手術後も口から食事がとれず、胃ろうからの栄養剤の注入を行っていた．
ダンピング症候群（食べ物が急に腸へ流れ込んでおこる体の不調）がみられたため栄養剤をゼリー状にして注入ところ，症状が改善した．
２つの症例とも，まとめて注入とすることで注入による拘束時間が短くなった．
【考察】
成人ではゼリー状の栄養剤の注入が広く行われている．
今回，胃が小さく，胃ろうも細い１歳児においてもゼリー状の栄養剤をまとめて注入することが可能であった．子供や介護を行う人の負担が減り，生活の質の向上に貢献した．
"
JP0496-1,train,"症例は１５歳・女児．
９歳時に右卵巣未熟奇形腫切除と化学療法が施行された．
その後腹膜播種巣が増大し１０歳時に切除術を施行した．
１１歳時にイレウスを発症し下血を伴うイレウス症状が遷延したため開腹手術を施行した．
部分的に小腸の著しい浮腫を認め癒着性イレウスではなかった．
術後著しい低蛋白血症を呈し，蛋白漏出性腸症と診断された．
アルブミン製剤とステロイド投与を開始した．
その後，症状は軽快したがイレウス症状を繰り返した．
１４歳時に小腸狭窄が疑われたために再開腹し小腸中部に部分的狭窄症を認めたため同部切除を行った．
病理学的にはｇａｎｇｌｉｏｎｅｕｒｏｓｉｓや神経叢の増生が見られ，消化管神経の異常に起因する病変とされたがその本体は明らかでない．
臨床的には，原因不明の後天性慢性偽性腸閉塞症と考えられた．
最終手術後は症状軽減しステロイドのテイパリング中である．","患者は１５歳・女児．
９歳の時に右の卵巣未熟奇形腫（卵巣がんの一種）に対して切除手術と抗がん剤治療が行われた．
その後，腹膜播種巣（がんが後腹膜というお腹の背中側に転移した病変）が大きくなり，１０歳の時に手術で切除した．
１１歳の時に腸閉塞（腸の動きが止まったり詰まったりして、食べ物やガスが通れなくなった状態）になり下血（出血が肛門から出ること）を伴う腸閉塞の症状が長引いたため開腹手術（お腹を切り開いて行う手術）を行った．
小腸が一部のむくみが強く，癒着性イレウス（腸同士や腹膜がくっついて、腸が狭くなったり曲がったりして詰まる状態）ではなかった．
手術後、血液中の蛋白質が著しく減少し低蛋白血症を呈し，蛋白漏出性腸症（胃や腸から血液中のタンパク質が漏れ出てしまう病気）と診断された．
アルブミン製剤（血液中の蛋白質の一種）とステロイド剤（体の中の炎症などをおさえる薬）の投与を開始した．
その後，症状は改善したが，腸閉塞症状を繰り返した．
１４歳の時に小腸の狭窄（通り道が狭くなった状態）が疑われたために再び開腹手術を行った．小腸の真ん中あたりが一部狭窄していたため、狭窄した部位を切除した．
手術でとった組織を調べた結果，ガングリオニューローシス（自律神経節の損傷）や神経叢（神経の束）の増加を認め，消化管（口から肛門まで食べ物が通る道）の神経の異常によっておこる病気のようであるが，その正体はまだはっきりわかっていない．
症状などから原因ははっきりしないが，生まれつきの病気ではなく，慢性的な偽性腸閉塞（実際には腸が詰まっていないのに腸閉塞のような症状が出る病気）と考えられた．
最後の手術後は症状が軽くなりステロイド剤を徐々に減量している．
"
JP0496-3,train,"ステロイド抵抗性の潰瘍性大腸炎に対するシクロスポリン（ＣｓＡ）の有効率は６０～８０％とされる．
一方でＣｓＡ同様にＴ細胞を抑制するタクロリムス（ＦＫ５０６）の小児症例に対する使用報告は少ない．
ＣｓＡ静注療法に抵抗しＦＫ５０６静注療法にて症状の改善を認めた症例を経験した．
５歳女児，頻回の下痢症状で入院．
入院後内視鏡検査を施行し全結腸型の潰瘍性大腸炎，Ｍａｔｔｓ分類・Ｇｒａｄｅ４の診断を得た．
便回数・顕血便スコアは６点で重症型と判断しプレドニンの静注を開始．
開始後２０日目に劇症型となりＣｓＡの持続静注を開始．
投与後１か月でスコアは３～４点と改善を認めたが経口摂取は困難で痙攣も認めＦＫ５０６持続静注に切り換えた．
１週間でスコアは０点と改善，１か月後に経口摂取を開始，ＦＫ５０６の経口投与に切り換えた．
内視鏡所見でＧｒａｄｅ２と改善を認め入院後５か月目に退院．
退院後３か月が経過し小康状態を保っている．","ステロイド（炎症や免疫を抑える薬）が効かない潰瘍性大腸炎（大腸に潰瘍ができ下痢，血便，腹痛を繰り返す病気）に対してシクロスポリン（免疫の働きを弱める薬）を投与した場合，６０～８０％に効果があると言われている．
一方でシクロスポリンと同様に免疫の働きを弱めるタクロリムスを小児患者に対して使用した報告は少ない．
シクロスポリンを静脈注射（静脈に薬剤を注入すること）する治療が効かず，タクロリムスを静脈注射する治療で症状が改善した患者を経験した．
５歳女児，頻繁に下痢の症状がみられたため入院．
入院後，大腸カメラの検査を行い全結腸型（炎症が大腸全体に広がっているタイプ）の潰瘍性大腸炎，マッツ分類にてグレード４（重度）の診断を得た．
便回数・顕血便スコアは６点で重症型と判断し，プレドニン（ステロイドの一種）の静脈注射を開始．
開始後２０日目に劇症型（症状が激しく重篤）となりシクロスポリンの持続静注（長時間一定速度で薬剤を静脈に注入すること）を開始．
投与後１か月で便回数・顕血便スコアは３～４点と改善を認めたが，口から飲み物や食べ物をとることが難しく，けいれんがみられたためタクロリムス持続静注に切り換えた．
１週間で便回数・顕血便スコアは０点に改善，１か月後に口から飲み物や食べ物の摂取を開始，タクロリムスの投与を静脈注射から内服薬に切り換えた．
大腸カメラの検査でマッツ分類がグレード２（軽度）へ改善したため，入院後５か月目に退院．
退院後３か月が経過し安定した状態を保っている．
"
JP0497-4,train,"当院小児外科では慢性便秘症患児に栄養指導を行っている．
【栄養指導の概要】①食生活状況と生活状況の把握，②バランスのよい食事の摂り方，③規則正しい生活習慣について，④おやつの食べ方，水分の摂り方，⑤好き嫌いの改善方法と目標設定．
【栄養指導の実際】①食事バランスガイドを利用したバランス食の提案，②フードモデルによる目安量確認，③好き嫌い改善のための工夫・食べやすくする献立の紹介，④個々の生活スタイルにそった改善策の提案，⑤紙芝居による患児への説明．
【まとめ】便秘症には生活習慣と食事が密接に関係していると感じられた．
なぜ食事は大切なのか，母親だけでなく患児本人にも理解していただくことが必要である（紙芝居は真剣に聞いてくれる）．","当院の小児外科では慢性的な便秘の子供に食生活のアドバイスを行っている．
【食生活のアドバイスのポイント】①現在の食生活や日常生活の把握，②バランスのよい食事のとり方，③規則正しい生活習慣について，④おやつの食べ方，水分のとり方，⑤好き嫌いの改善方法と目標の決め方．
【食生活のアドバイスの方法】
①「食事バランスガイド」を利用したバランスのよい食事の提案，②実物大の食品模型を使って目安量を確認，③好き嫌い改善のための工夫・食べやすくする献立の紹介，④個々の生活習慣にそった改善策の提案，⑤紙芝居による子供への説明．
【まとめ】便秘は生活習慣と食事が強く関係していると感じられた．
なぜ食事は大切なのか，母親だけでなく子供本人にも理解してもらう必要がある（紙芝居は真剣に聞いてくれる）．
"
JP0497-6,train,"【はじめに】そらぶちキッズキャンプでは，小児がんだけでなく排泄障害を持つ子どものキャンプも行っている．
ストーマケアを有する子ども同士が衣食住を共にすることは，自分ひとりが病気に立ち向かっているのではないことを知りえる良い機会となる．
【症例】総排泄腔外反症の１７歳男児．
性染色体ＸＹであったが外性器形成不全のため女児として乳幼児期を過ごした．
学童期に入り情緒，行動の男性化が顕著となり，戸籍変更も含め男性として社会生活を送るのが相応しいと考えたその時期に一致したキャンプへの参加のため，母親に依存していたストーマケアについて自立に向けた練習を重ねた．
男性名に変更して人間関係を作る初めての機会にもなったキャンプを通しての患児の感情や行動の変化について考察する．","【はじめに】そらぶちキッズキャンプでは，小児がんだけでなく排泄に障害を持つ子どものキャンプも行っている．
ストーマ（人工肛門や人工膀胱）のケアを必要とする子ども同士が衣食住を共にすることは，自分ひとりが病気に立ち向かっているのではないことを知りえる良い機会となる．
【症例】１７歳の男児．総排泄腔外反症（膀胱，腸，性器など，おなかの中にあるはずの臓器が体の外に出た状態で生まれてくる病気）．
性染色体はＸＹ（男の子）であったが，外から見える性器が性別と一致していなかったため，幼い頃は女の子として過ごした．
小学校に入ると感情，行動の男の子らしさが目立つようになり，戸籍の変更も含め男性として社会生活を送るのがふさわしいと考えた．その時期に開催されるキャンプへの参加のため，母親に依存していたストーマのケアの自立に向けて練習を重ねた．
男性の名前に変更して人間関係を作る初めての機会にもなった．キャンプを通してのその子どもの感情や行動の変化について考察する．
"
JP0497-7,train,"精神運動発達遅滞のある難治性の機能性イレウス状態にある患児は，医学的管理下で長期間のベッド上生活を強いられていた．
そこで，腸切除術・ストーマ造設術後，状態安定をみて離床を進め，水分・腹部管理を段階的に行い，家族との協力体制下で，全身状態を管理しながら外出ケアの実践により，患児が〈快な反応〉を示し，ＱＯＬ向上を図ることができた．
今回，患児が外出に至るまでの看護ケアとその課題について検討したので報告する．","知的な発達に遅れのある子供が，治療が難しい機能性イレウス（腸の動きが低下して、おなかが張ったり便やガスが出にくくなる状態）であった．そのため，病院で長期間のベッド上生活を強いられていた．
そこで，腸切除術（腸を切除する手術）とストーマ造設術（お腹に人工肛門を作る手術）の後，状態が安定していることを確認しながらベッドから離れて生活するように進めた．また，水分の摂取や人工肛門のケアを徐々に進めに，家族との協力しながら，体全体の健康を保つために、必要な観察や治療、ケアを行った．その結果，この子供に「快な反応（心地よい，うれしいと感じたときの反応）」がみられ，生活の質）の改善を図ることができた．
今回，子供が外出できるまでの看護ケアとその課題について検討したので報告する．
"
JP0498-1,train,"症例は６か月の女児．
胎児診断で十二指腸閉鎖症と診断されていた．
出生後，他に直腸膣瘻を伴う高位鎖肛，腸回転異常症，心室中隔欠損症と診断，日齢２に十二指腸閉鎖症根治術と人工肛門造設術を行った．
その後，心室中隔欠損症が原因による体重増加不良を認めたため，５か月時に根治術を施行した．
徐々に体重増加を認めたが，６か月時腹部膨満と嘔吐で再入院した．
術後癒着性イレウスと診断，禁飲食と経鼻胃管による胃内減圧で症状は改善した．
イレウスの再発防止も考慮し大建中湯０．４５ｇ／ｋｇ／ｄａｙで開始したところ，投与後１週間でＧＯＴ １０５ＩＵ／ｌ，ＧＰＴ １１０ＩＵ／ｌと肝機能異常を認めた．
ウイルス感染や他の薬剤性肝障害は否定的であったため，大建中湯のみ中止したところ１週間でほぼ正常値に戻り，その後は肝機能異常を認めていない．
大建中湯による肝機能障害は稀であり，一般診療で頻用される薬剤だが，乳幼児に対する投与時は注意が必要と考えられた．","患者は６か月の女児．
生まれる前の検査で十二指腸閉鎖症（十二指腸が途切れてミルクなどが通過できない病気）と診断されていた．
生まれてから，他に直腸膣瘻を伴う高位鎖肛（生まれつき肛門がなく，直腸と膣がつながっている状態），腸回転異常症（小腸や大腸の位置が本来あるべき場所にない状態），心室中隔欠損症（生まれつきの心臓病）と診断された．生後２日目に十二指腸閉鎖症を完全に治す手術と人工肛門を作る手術を行った．
その後，心室中隔欠損症が原因で体重が順調に増えなかったため，生後５か月の時に心室中隔欠損症を完全に治す手術を行った．
徐々に体重が増えていたが，生後６か月の時におなかの張りと嘔吐で再び入院した．
手術後の癒着性腸閉塞（お腹の手術のあとに腸同士や腸とお腹の壁がくっつき、腸の通りが悪くなる状態）と診断され，飲み物・食べ物禁止と経鼻胃管（鼻から胃に入れた管）から胃の内容物を取り除くことにより，お腹の張りや嘔吐などの症状は改善した．
腸閉塞の再発防止のため大建中湯（お腹の調子を整える漢方薬）を１日に体重１ｋｇあたり１０．４５ｇで開始したところ，投与後１週間でＧＯＴ １０５ＩＵ／ｌ，ＧＰＴ １１０ＩＵ／ｌと肝臓の働きに異常を認めた．
ウイルス感染や大建中湯以外の薬の副作用による肝臓の障害とは考えにくいため，大建中湯のみ中止した．そして１週間でほぼ正常の値に戻り，その後は肝臓の働きに異常を認めていない．
大建中湯の副作用による肝臓の働きの低下は稀である．一般的に診療でよく使われる薬剤だが，幼い子供への使用は注意が必要と考えられた．
"
JP0498-2,train,"茵蔯蒿湯は，胆汁分泌促進作用や抗炎症作用，静菌作用があるとされ，胆道閉鎖症の術後早期に投与することが有効であると報告されている．
また，茵蔯蒿湯と柴苓湯を併用することによって黄疸遷延例に対しても，臨床症状の増悪を防ぐ効果があると報告されている．
一方で，抗線維化作用があるとされており，血液の肝線維化マーカーを指標として，肝線維化の抑制効果があると報告されている．
Ｆｉｂｒｏ Ｓｃａｎ ５０２は，成人消化器領域において非侵襲的に肝線維化の状態を評価するうえで有用であるとされている．
当科では，２００５年より胆道閉鎖症術後症例に対して，Ｆｉｂｒｏ Ｓｃａｎ ５０２を用いて肝の弾性値測定によるフォローアップを追加した．
我々は，漢方方剤を継続的に経口投与可能な減黄２症例に対して茵蔯蒿湯の投与を行っている，これらの症例の臨床経過と血液検査データ，そしてＦｉｂｒｏ Ｓｃａｎ ５０２による肝の弾性値について比較検討し報告する．","茵蔯蒿湯（漢方薬の一種）は，胆汁の分泌を促す作用，炎症を抑える作用，細菌の増殖を抑える作用があるとされる．胆道閉鎖症（肝臓で作られた胆汁が腸へ流れない病気）では，手術後の早い時期に茵蔯蒿湯を投与すると効果がある報告されている．
また，茵蔯蒿湯と柴苓湯（漢方薬の一種）を併用することによって黄疸（皮膚や白目が黄色くなる症状）が長引く患者に対しても，症状の悪化を防ぐ効果があると報告されている．
一方で，抗線維化作用（線維組織が過剰に蓄積するのを抑制する作用）があるとされており，血液の肝線維化マーカー（肝臓での繊維組織の過剰蓄積の程度を測る検査）を指標として，肝臓の線維化を抑える効果があると報告されている．
肝臓検査装置（フィブロスキャン５０２）は，成人の消化器領域（食べ物の消化・吸収に関わる領域）において，肝臓の線維化の状態を調べることができる有効な検査であるとされている．また検査による患者の体への負担が少ない．
当科では，２００５年より胆道閉鎖症の手術術後患者に対して，フィブロスキャン５０２を使って肝臓の硬さの測定によるフォローアップを追加した．
我々は，漢方薬を組み合わせて飲み続けることができる２名の患者に対して黄疸を軽くする茵蔯蒿湯の投与を行っている．これらの患者の治療の経過と血液検査データ，そしてフィブロスキャン５０２による肝臓の硬さの値を比較・分析して報告する．
"
JP1220-127,train,"症例：８１歳，女。
初診：平成２年７月２日。
脳梗塞の既往があり，高血圧，軽症糖尿病で内科通院中であった。
前駆症状なく突然の発熱とともに躯幹，四肢に浸潤性の紅斑が多発し，翌日からは意識低下がみられ，紅斑上に膿庖が出現し急速に増加した。
病理組織検査において，角層内に，好中球よりなる大小のａｂｓｃｅｓｓ，表皮にはＫｏｇｏｊ’ｓ ｓｐｏｎｇｉｆｏｒｍ ｐｕｓｔｕｌｅ の形成を認めた。
一般臨床検査では，白血球増加， ＣＲＰ強陽性，血沈亢進，低蛋白血症，低カルシウム血症がみられた。
血液，膿庖からの細菌培養は陰性。
抗生剤投与に反応なく，チガソン投与により急速に膿庖消失，紅斑も徐々に消失した。
このような急激な経過を辿った他４症例の汎発性膿庖性患者を併せ，血中サイトカインの測定も行った。
血液，膿庖からの細菌培養は陰性。
抗生剤投与に反応なく，チガソン投与により急速に膿庖消失，紅斑も徐々に消失した。
このような急激な経過を辿った他４症例の汎発性膿庖性患者を併せ，血中サイトカインの測定も行った。","患者：８１歳，女性。
初めての受診：平成２年７月２日。
脳梗塞にかかったことがあり，高血圧，軽い糖尿病で内科に通院していた。
前兆なく，突然の発熱し，上半身や手足に浸潤性の紅斑（皮膚が赤く少し盛り上がった状態）が多数現れた。翌日からは意識がはっきりしなくなり，紅斑の上に膿庖（皮膚の一部が膨らんで中に膿が溜まったもの）が現れ、急激に増加した。
組織の詳しい検査では，角質の層に好中球（免疫に関わる細胞）が集まって大小の膿瘍（膿が溜まった状態）があった。また，皮膚の表面の方にはコゴイ海綿状膿疱（顕微鏡でスポンジ状に見える膿疱）がみられた。
一般血液検査では，白血球増加， ＣＲＰ強陽性，赤血球沈降速度亢進，低蛋白血症，低カルシウム血症がみられた。
血液と膿庖の細菌培養検査（患者さんの持っている菌を調べる検査）は陰性（細菌の検出なし）。
抗生剤を投与したが効果がなく，チガソン（皮膚が硬くなるのを抑える薬）を投与したとろ，急激に膿庖が消え，徐々に紅斑も消えた。
このような急激な経過をたどった他４人の全身に膿庖がある患者を併せて，血中サイトカイン（免疫や炎症の状態を調べる検査）の検査も行った。

"
JP1220-129,train,"２８歳，男。
２歳より手指に紅斑，爪変形，７歳より軀幹，四肢に紅斑，麟屑，膿疱出現。
皮疹増悪時に熱発。
難治性で寛解増悪をくり返したが，１９８７年９月よりエトレチナート３０㎎／日投与開始し，皮疹は安定化。
緑内障による眼圧上昇のため，１９８８年１１月１１日よリアセタゾラミド（ダイアモックスⓇ）７５０㎎／日内服。
同年１１月１９日より，熱発とともに軀幹，四肢に紅斑，膿疱多発。
アセタゾラミド中止後，皮疹軽減。
薬剤リンパ球刺激刺験，貼布試験はともに陰性。
内服誘発試験：アセタゾラミド２５０㎎投与３時聞後，軀幹，四肢にびまん性紅斑が出現。
さらに投与継続し，３６時間後（総量１５００㎎）に乾癬様の紅斑，麟屑および膿疱が出現。
誘発皮疹の生検にて，Ｍｕｎｒｏ微小膿瘍，Ｋｏｇｏｊ海綿状膿疱が認められた。
乾癬の誘発あるいは増悪をきたす薬剤はいくつか知られているが，アセタゾラミドにより膿疱性乾癬が増悪した症例はみられていないので報告する。","２８歳，男性。
２歳より手指に紅斑（皮膚が赤い状態），爪の変形がみられた。７歳より上半身，手足に紅斑，麟屑（皮膚がフケのようにはがれ落ちる状態），膿疱（皮膚の一部が膨らんで中に膿が溜まった状態）がみられた。
皮疹（様々皮膚の見た目の変化）が悪くなったときに熱発した。
治療をしてもなかなか治らず，寛解（病気の症状が落ち着いている状態）と悪化をくり返したが，１９８７年９月よりエトレチナート（皮膚が硬くなるのを抑える薬）を１日３０㎎で投与を開始し，皮疹の状態は落ち着いた。
緑内障（視神経が傷んでくる病気）による眼圧（目の中の圧）の高くなったため，１９８８年１１月１１日よリアセタゾラミド（ダイアモックスⓇ：眼圧を下げる薬）を１日に７５０㎎内服。
同年１１月１９日より，熱発とともに上半身・手足に紅斑と膿疱が多数現れた。
アセタゾラミドを中止したところ，皮疹が減少した。
薬剤アレルギーの検査（薬剤リンパ球刺激刺験，貼布試験）はともに陰性。
内服誘発試験（アレルギーが疑われる薬を少しずつ飲んで体の反応を見る試験）：アセタゾラミド２５０㎎を内服して３時聞後，上半身・手足の全身に皮膚が赤くなる変化が現れた。
さらに投与継続し，３６時間後（総量１５００㎎）に乾癬（皮膚が赤くなって盛り上がりフケのようなものがポロポロ落ちる皮膚病）のような紅斑，麟屑，膿疱が出現した。
誘発して現れた皮疹の組織をとって調べたところ，Ｍｕｎｒｏ微小膿瘍（膿瘍の一種），Ｋｏｇｏｊ海綿状膿疱（膿疱の一種）が認められた。
乾癬の誘発や悪化を起こす薬剤はいくつか知られているが，アセタゾラミドにより膿疱性乾癬（皮膚に膿を持った膿疱が多数現れる病気）が悪化したという症例はみられていないので報告する。
"