filename,group,page,is_first_or_last,text,simplified_text
01_118B49-50_高Ca血症_p1.txt,01_118B49-50_高Ca血症,1,True,"S：
・・・あ、はい
大丈夫です・・・

夫）
エアコンは普段つけない
お水はついつい飲まずに過ごしてしまう
１日多くても500mLくらい
お薬だけはいつも忘れず飲んでいます

O：
体温36.1℃．心拍数98/分，整．血圧122/86mmHg．呼吸数14/分．SpO2 98％（room air）
意識　JCSⅡ-10

内服：
オルメテック10㎎1T1X, アムロジピン5mg1T1X, アリセプト3mg1T1X, アルファカルシドール1μg 1T1X

A/P：
#高Ca血症
夏場の脱水に、VitD製剤の内服が重なり、高Ca血症→意識障害となった症例
VitD製剤は中止し、来院後より生食による補正を開始

生食は500の3本回しで投与
意識障害の評価、採血評価でフォローする

＃高血圧症
オルメテック10㎎1T1X, アムロジピン5mg1T1Xの投与継続

＃認知症
アリセプト3mg1T1Xの投与継続

","S（主観的情報）
 ・・・あ、はい
 大丈夫です・・・
 
 夫）
 エアコンは普段つけない
 お水はついつい飲まずに過ごしてしまう
 １日多くても500mLくらい
 お薬だけはいつも忘れず飲んでいます
 
 O（客観的情報）
 体温36.1℃．心拍数98回/分（規則正しい）．血圧122/86mmHg．呼吸数14回/分
 酸素飽和度（体内の酸素供給状態）：酸素を投与していない状態で98％
 意識：JCSⅡ-10（普通の呼びかけで目を開ける）
 
 内服：
 オルメテック（高血圧の治療薬）１日１回1錠（10㎎）, アムロジピン（高血圧の治療薬）１日１回1錠（5mg）, アリセプト（認知症の治療薬）１日１回1錠（3mg）, アルファカルシドール（ビタミンDを補う薬） １日１回1錠（1μg）
 
 A/P（評価/計画）
 #高カルシウム血症（血液中のカルシウム濃度が異常に高い状態）
 夏場の脱水に、ビタミンDを補う薬の内服が重なり、高カルシウム血症になった
 意識障害（意識がはっきりしない状態）になった症例
 ビタミンDを補う薬の内服は中止し、病院受診後から生理食塩水（体液とほぼ浸透圧が等しい食塩水）で電解質バランスを整える治療を開始
 
 生理食塩水は500㎖を3本続けて投与
 意識障害の評価、採血の結果でフォローする
 
 ＃高血圧症（血圧が慢性的に高い状態）
 オルメテック１日１回1錠（10㎎）, アムロジピン１日１回1錠（5mg）の内服を継続
 ＃認知症（記憶・判断力・理解力が低下し、日常生活に支障が出る状態）
 アリセプト1錠（3mg）１日１回の内服を継続"
01_118B49-50_高Ca血症_p4.txt,01_118B49-50_高Ca血症,4,True,"S：
ありがとうございました。
まだまだ暑いのでお水もたくさん飲むようにします

O：
体温36.1℃．心拍数78/分，整．血圧122/68mmHg．呼吸数14/分．SpO2 99％（room air）
意識　JCSⅡ-10

HDS-R：19点

A/P：
#高Ca血症
Ca9.6
点滴終了
明日退院

＃高血圧症
オルメテック10㎎1T1X, アムロジピン5mg1T1Xの投与継続

＃認知症
アリセプト3mg1T1Xの投与継続
HDS-R：19点

＃骨粗鬆症
アルファカルシドール中止となっている
かかりつけの整形外科にて内服調整いただく

","S（主観的情報）：
 ありがとうございました。
 まだまだ暑いのでお水もたくさん飲むようにします
 
 O（客観的情報）：
 体温36.1℃．心拍数78/分（規則正しい）．血圧122/68mmHg．呼吸数14回/分．酸素飽和度（体内の酸素供給状態）99％（酸素を投与していない状態）
 意識：JCSⅡ-10（普通の呼びかけで目を開ける）
 長谷川式認知症スケール（HDS-R）：19点
 
 A/P（評価/計画）：
 #高カルシウム血症（血液中のカルシウム濃度が異常に高い状態）
 血液中のカルシウム濃度：9.6mg/dL
 点滴終了
 明日退院
 
 ＃高血圧症（血圧が慢性的に高い状態）
 オルメテック（高血圧の治療薬）1日1回1錠（10㎎）,アムロジピン（高血圧の治療薬）1日1回1錠（5mg）の内服を継続
 ＃認知症（記憶・判断力・理解力が低下し、日常生活に支障が出る状態）
 アリセプト（認知症の治療薬）1日1回1錠（3mg）の内服を継続
 長谷川式認知症スケール（HDS-R）：19点
 
 ＃骨粗鬆症（骨がもろくなり、骨折しやすい状態）
 アルファカルシドール（ビタミンDを補う薬）が中止となっている
 かかりつけの整形外科にて内服薬を調整していただく"
02_118C66-68_脾損傷_p1.txt,02_118C66-68_脾損傷,1,True,"S (挿管中)
O 
プロポフォール 120mg/hで鎮静、フェンタニル 40μg/hで鎮痛、RASS -3〜-4
人工呼吸器使用中、モード　A/C PC f 16 PIP 16 PEEP 6 FiO2 50% Ti 1.20
TV 420ml MV 6.7L/min 
P/F 220 pCO2 38Torr
カテコラミン使用なし、Hr 80ml/h Lac 1.0
入室からのIn out balance +5000ml
腹部正中 創部 パッキング中 浸出液少量 膀胱内圧 8mmHg
左横隔膜下ドレーン 80ml/day 淡々血性、横隔膜下ドレーン 120ml/day 淡血性
排便なし
電解質異常なし
Hb 10.6 PLT 11万 Fbg 210 輸血需要なし
抗菌薬：周術期のCEZのみ、閉腹24時間後に終了
SU prophylaxis PPI ivq12h
A/P
術後ICUに入室。Lacは経時的に改善傾向。ドレーン排液量、色調ともに問題なし。
大量輸血に伴う腹部コンパートメント症候群を懸念していたが、幸いにも膀胱内圧は低値で経過している。本日中は腹圧が上がらないよう深鎮静で管理する。

","S（主観的情報）
  (挿管中：気管の中に管が入っていて声が出ない状態)
 O （客観的情報）
 プロポフォール（鎮静剤） を1時間120mgの速度で持続的に投与して鎮静、フェンタニル（鎮痛剤） を1時間40μgの速度で持続的に投与して痛みをコントロール、鎮静スケール（RASS） -3〜-4
 人工呼吸器（呼吸を補助する装置）を使用中、モード：A/C（患者の呼吸のタイミングに合わせて人工呼吸器がサポートする設定）・ PC（息を吸うときに一定の圧力をかける設定）、 呼吸数（f：人工呼吸器での１分間の呼吸回数）： 16回/分、 最高気道内圧（PIP：人工呼吸器が息を送り込むときにかかる最高の圧力）：16cmH2O、 呼気終末陽圧（PEEP：息を吐ききった後も人工呼吸器で少し圧を残しておく設定）：6cmH2O 、吸入酸素濃度（FiO2：吸い込む空気の中に含まれる酸素の割合）：50%、 吸気時間（Ti：1回の呼吸において息を吸うのにかける時間）：1.20秒
 1回換気量（TV：1回の呼吸で肺に出入りする空気の量）：420ml、 分時換気量（MV：1分間に肺が出入りする空気の総量）：6.7L/分
 P/F比（肺がどれだけ効率よく酸素を取り込めているかの指標）：220、 pCO2（二酸化炭素がどれだけ体から排出できているかの指標）：38Torr
 カテコラミン（血圧や心臓の働きを調整する薬）の使用なし、尿量 1時間に80ml、ラクテート（血液中の乳酸の量） 1.0mmol/L
 入室からの水分出納バランス+5000ml
 咳をすると腹部の中央の傷から浸出液（傷からしみ出る液体）が少量流出、膀胱内圧（膀胱の中の圧力）：8mmHg
 左側の横隔膜の下側に入っているドレーン（血液などを外に出すための管）からの排液： 1日80ml 薄い血液の色
 横隔膜の下側に留置しているドレーンからの排液 ：1日120ml 薄い血液の色
 排便なし
 電解質（血液中のミネラル）に異常なし
 ヘモグロビン（貧血の状態） 10.6g/dL、血小板 11万/μL、空腹時の血糖値 210mg/dL、輸血の必要性なし
 抗菌薬：手術前後のセファゾリン（抗菌薬の一種）のみ、手術時に開いたお腹を縫い合わせてから24時間後に終了
 ストレス潰瘍予防策：プロトンポンプ阻害薬（ストレス潰瘍を予防・治療する薬）を12時間おきに静脈に注射
 A/P（評価/計画）
 手術後、集中治療室に入室。ラクテートは時間が経つにつれて改善傾向。ドレーンからの排液量・色ともに問題なし。
 大量の輸血に伴う腹部のコンパートメント症候群（お腹の中の圧力が異常に高くなり、臓器の血流や働きが悪くなる危険な状態）を心配していたが、幸いにも膀胱内圧は低い値で経過している。本日中は腹圧が上がらないよう深い鎮静の状態で管理する。"
02_118C66-68_脾損傷_p5.txt,02_118C66-68_脾損傷,5,True,"S　階段登れました。お腹痛くないです。
O　
意識清明
HR 70　BP 110/60　SpO2 97％(室内気) BT 36.5℃
腹部 平坦軟 自発痛圧痛なし
創部癒合良好、全抜糸後離開なし
排便あり、排ガスあり
食事：全粥10割摂取
血液検査：介入を要する異常値なし
A/P
＃脾損傷
＃小腸損傷
13POD。術後経過は良好であり段階的に食上げを行っている。
創部の全抜糸を実施した。排便状況良くやや軟便のため浸透圧下剤は終了する。
リハビリで階段昇降トライし自立しているようなので自宅退院可能と判断した。
明日常食に食上げし、問題ないことを確認してから自宅退院とする。
退院前に外来で肺炎球菌ワクチンの接種を行う予定。

","S（主観的情報）
 階段登れました。お腹痛くないです。
 O（客観的情報）
 意識：はっきりしている
 心拍数 70回/分、血圧 110/60mmHg、体温 36.5℃
 酸素飽和度（体内の酸素供給状態）：酸素を投与していない状態で97％
 腹部は平坦で軟らかい、安静時に痛むことなし、腹部を押さえた時に痛みなし
 傷の治癒は良好、抜糸した後の傷は全て開いていない
 排便あり、排ガスあり
 食事：全粥（水分が少ないおかゆ）を全て摂取
 血液検査：治療などを必要とする異常な値なし
 A/P（評価/計画）
 ＃脾損傷（膵臓が傷ついた状態）
 ＃小腸損傷（小腸が傷ついた状態）
 手術後13日目。手術後の経過は良好であり徐々に普通食へ近づいている。
 傷のところを全て抜糸した。排便の状況が良く、便がやや軟らかいため浸透圧下剤（便を軟らかくする下剤）は終了する。
 リハビリで階段の昇り降りに挑戦した。一人で階段の昇り降りができるようなので退院先は自宅で問題ないと判断した。
 明日普通食に変更し、問題ないことを確認してから自宅退院とする。
 退院前に外来で肺炎球菌ワクチン（肺炎球菌による肺炎を予防するワクチン）の接種を行う予定。"
03_118C72-74_HHS_p1.txt,03_118C72-74_HHS,1,True,"S
本人は意識レベルJCSⅡ-10
８年前から高血糖放置
糖分摂取過多あり
２日前からの意識障害→本日増悪

O
JCSⅡ-10
体温37.2℃．心拍数92/分，整．血圧100/64mmHg．呼吸数16/分．SpO2 98％（room air）
尿素窒素42mg/dL，クレアチニン1.8mg/dL，尿酸10.8mg/dL，血糖936mg/dL，HbA1c 13.0％
尿所見：蛋白（－），糖4＋，ケトン体（－）
血ガス：アシドーシスなし
電解質正常

A/P
血糖異常高値、ケトン陰性、アシドーシスないことから、HHSの診断
生食1000mL/hrで急速投与
インスリン10単位ボーラス投与のうえ5U/hrで持続投与開始。
血糖降下は50-70mg/dL/hrのスピードで
尿量、血糖値、電解質は１時間おきチェック 

","S（主観的情報）
 本人の意識の状態：JCSⅡ-10（普通の呼びかけで目を開ける）
 ８年前から血糖値（血液中のブドウ糖の量）が高かったが放置していた
 糖分を多くとっている
 ２日前からの意識障害（周囲の状況を正しく認識し、反応する力が低下した状態）があり、本日悪化
 
 O（客観的情報）
 JCSⅡ-10（普通の呼びかけで目を開ける）
 体温37.2℃．心拍数92回/分（規則正しい）．血圧100/64mmHg．呼吸数16回/分．
 酸素飽和度（体内の酸素供給状態）：酸素を投与していない状態で98％
 尿素窒素（腎臓の働き）42mg/dL，クレアチニン（腎臓の働き）1.8mg/dL，尿酸（血液中の尿酸の濃度）10.8mg/dL，血糖（血液中のブドウ糖の量）936mg/dL，ヘモグロビンA1c（過去1〜2か月間の平均的な血糖の値） 13.0％
 尿検査の結果：蛋白（－），糖4＋，ケトン体（体がエネルギー不足になったとき脂肪を分解してできる物質）（－）
 血液ガス検査：アシドーシス（血液が酸性に傾いた状態）なし
 電解質（血液中のミネラル成分）：正常
 
 A/P（評価/計画）
 血糖値が異常に高い、ケトン(-)、アシドーシスがないことから、高浸透圧性高血糖状態（血糖値が異常に高くなり体の水分が大量に失われる危険な状態）の診断
 生理食塩水（体液とほぼ同じ浸透圧の食塩水）1時間1000mLの速度で急速に投与
 インスリン（血糖値を下げる薬）10単位を短時間で投与し、1時間5単位の速度で持続投与を開始。
 血糖を値を下げるスピードは1時間に50-70mg/dL
 尿の量、血糖値、電解質は１時間おきに確認"
03_118C72-74_HHS_p5.txt,03_118C72-74_HHS,5,True,"S
ありがとうございます。
明日退院ですね。
お世話になりました。

O
体温36.2℃．心拍数72/分，整．血圧136/80mmHg．呼吸数14/分．SpO2 100％（room air）
意識清明

A/P
明日退院
外来フォロー継続
自宅では以下に従ってインスリン調整していただくよう、表を渡して指導
自宅でも妻協力で食事療法継続

早朝空腹時血糖値(mg/dl)
ランタス追加量
≦79 　　　-2 
80-159 　　0 
160-199 　+1 
≧200 　　+2


食前血糖値(mg/dl) 
ヒューマログの追加量 
≦79 -2 
80-159 　　0 
160-199 　+1 
200-249 　+2 
250-299 　+3 
300-349 　+4

","S（主観的情報）
 ありがとうございます。
 明日退院ですね。
 お世話になりました。
 
 O（客観的情報）
 体温36.2℃．心拍数72回/分（規則正しい）．血圧136/80mmHg．呼吸数14回/分．
 酸素飽和度（体内の酸素供給状態）：酸素を投与していない状態で100％
 意識に問題なし
 
 A/P（評価/計画）
 明日退院
 外来で経過観察を継続
 自宅では以下のスケールに従ってインスリンを調整していただく、表を渡して指導
 自宅でも妻の協力を得て食事療法を継続
 
 早朝の空腹時血糖値(mg/dl)に対するランタス（インスリンの一種）の減量・追加単位数
 ≦79 mg/dl -2 単位
 80-159 mg/dl 0 単位
 160-199 mg/dl +1 単位
 ≧200 mg/dl +2単位
 
 食前の血糖値(mg/dl) に対するヒューマログ（インスリンの一種）の減量・追加単位数
 ≦79mg/dl -2 単位
 80-159mg/dl 0 単位
 160-199mg/dl +1 単位
 200-249mg/dl +2 単位
 250-299mg/dl +3 単位
 300-349mg/dl +4単位"
04_118E41-42_SAH_p5.txt,04_118E41-42_SAH,5,True,"S かなり元気になってきました。リハの先生にも太鼓判を押してもらいました。出来れば自宅に帰りたいです。
O
GCS E4V5M6
瞳孔径 3.5mm/3.5mm 対光反射迅速
RR 15 /min, HR 70 /min,  BP 132/80 mmHg, SpO2 96%(室内気) BT 37.1℃
明らかな脳神経学的異常所見なし 四肢麻痺なし
経口摂取　常食9割
排便あり
血液検査：特記すべき異常所見なし
頭部MRI：動脈瘤再発なし、MRAで脳血管異常なし
リハビリ：PT 階段昇降可　ST　短期記憶障害残存
A/P
WFNS GradeⅣ (GCS E3V2M5) の前交通動脈瘤破裂によるくも膜下出血に対して緊急コイル塞栓術を施行しICU入室。29POD。
フォローの頭部MRI/MRAでは動脈瘤の再発等の異常所見を認めなかった。
ADLは自宅退院可能な状態まで改善し、本人の希望も強いため、明後日自宅退院の方針。

","S（主観的情報） 
 かなり元気になってきました。リハの先生にも太鼓判を押してもらいました。出来れば自宅に帰りたいです。
 O（客観的情報）
 
 瞳孔の大きさ：3.5mm/3.5mm、対光反射（目に光を目に当てたときに瞳孔が小さくなる反射）：ゆっくり
 呼吸数15回/分, 心拍数 70回/分, 血圧 132/80 mmHg, 体温 37.1℃
 酸素飽和度（体内の酸素供給状態）：96%(酸素を投与していない状態)
 脳や神経の働きに異常の兆候なし、手足に麻痺なし
 食事の摂取量：常食（特別な制限がない普通の食事）9割
 排便あり
 血液検査：特記すべき異常な結果なし
 頭部MRI検査：動脈瘤（動脈の一部が一部がこぶのように膨らんだ状態）の再発なし、MRA（血管を中心に調べる検査）で脳の血管に異常なし
 リハビリ：理学療法では階段の昇り降りができる、言語療法（コミュニケーションや食べることに障害がある人へのリハビリ）では短期記憶の障害が残っている
 A/P（評価/計画）
 WFNS（クモ膜下出血の重症度分類） グレードⅣ (グラスゴーコーマスケール E3：呼びかけると目を開ける、V2：発声はあるが理解できない、M5：痛み刺激に対して手で払いのける) 
 前交通動脈瘤破裂（脳の血管にできたこぶが破れて出血した状態）によるくも膜下出血（脳を包むくも膜の下に出血が起こる状態）に対して緊急コイル塞栓術（カテーテルで血管にできたこぶの中にコイルを入れてつめる治療）を行い、集中治療室に入室。手術後29日目。
 経過観察の頭部MRI（脳を調べる画像検査）/MRA（脳の血管を調べる画像検査）では動脈瘤の再発などの異常な箇所を認めなかった。
 日常生活の動作は退院後自宅で生活できる状態にまで改善し、本人の希望も強いため、明後日自宅に退院の方針。"
04_118E41-42_SAH_p1.txt,04_118E41-42_SAH,1,True,"S (挿管中)
プロポフォール 120mg/dlで鎮静、フェンタニル 40μg/hで鎮痛、RASS -4〜-5
瞳孔径 2mm/2mm 対光反射緩慢
スパイナルドレーン ( 0cmH2O)  200ml/day 血性排液
頭部CT：明らかな新規脳出血なし
人工呼吸器使用中、モード　A/C PC f 18 PIP 15 PEEP 7 FiO2 40% Ti 1.20
TV 400ml MV 7.2L/min 
P/F 280 pCO2 32 Torr
レントゲン：肺水腫を疑う血管陰影増強なし、胸水なし
ベニジピン 8ml/hで投与、HR 80 /min,  BP 110/70 mmHg 
Hr 150ml/h Lac 2.0 mmol/L
入室からのIn out balance +1200ml
経管栄養 10ml/h 360kcal 蛋白22g  
排便なし
利尿薬 間欠的に静脈内投与
K 3.2 mEq/L K製剤点滴投与し補正中
輸血需要なし
血糖安定 スライディングスケール管理
抗菌薬：なし
SU prophylaxis PPI ivq12h
DVT prophylaxis ヘパリンCa皮下注 5000IUq12h
A/P
WFNS GradeⅣ (GCS E3V2M5) の前交通動脈瘤破裂によるくも膜下出血に対して緊急コイル塞栓術を施行しICU入室。1POD。
頭部CTフォローし明らかな新規出血なく、脳血管攣縮予防のピヴラッツを開始した。
またスパイナルドレーンの排液も大きな問題なし。
ピヴラッツ開始に伴う肺水腫に配慮してIn out balanceは+500〜+1000ml程度を目標とする。
現時点で肺水腫を疑うレントゲン所見は認めていない。利尿薬も適宜併用とする。
本日より少量経管栄養を開始。
3PODから鎮静深度を下げて抜管を狙う。

","S（主観的情報）
  (挿管中：気管の中に管が入っており声が出ない状態)
 プロポフォール（鎮静剤）1時間120mgの速度で持続的に投与し鎮静、フェンタニル（鎮痛剤）1時間 40μgの速度で持続的に投与し鎮痛、鎮静スケール（RASS） -4〜-5
 瞳孔の大きさ：2mm/2mm、対光反射（目に光を目に当てたときに瞳孔が小さくなる反射）：ゆっくり
 腰椎ドレーン (脳脊髄液を体外へ排出する処置）：圧の設定 0cmH2O、1日に200ml 血液の混じった液体が流出
 頭部CT：明らかに新しい脳出血なし
 人工呼吸器を使用中、モード：A/C（患者の呼吸のタイミングに合わせて人工呼吸器がサポートする設定）・ PC（息を吸うときに一定の圧力をかける設定）、 呼吸数（f：人工呼吸器での１分間の呼吸回数の設定）：18回/分、 最高気道内圧（PIP：人工呼吸器が息を送り込むときにかかる最高の圧力）：15cmH2O、 呼気終末陽圧（PEEP：息を吐ききった後も人工呼吸器で少し圧を残しておく設定）：7cmH2O 、吸入酸素濃度（FiO2：吸い込む空気の中に含まれる酸素の割合）：40%、吸気時間（Ti：1回の呼吸において息を吸うのにかける時間）：1.20秒
 1回換気量（TV：回の呼吸で肺に出入りする空気の量）：400ml、 分時換気量（MV：1分間に肺が出入りする空気の総量）：7.2L/分
 P/F比（肺がどれだけ効率よく酸素を取り込めているかの指標）：280、pCO2（二酸化炭素がどれだけ体から排出できているかの指標）：32 Torr
 レントゲン：肺水腫（肺の中に液体がたまった状態）を疑う血管の影は目立っていない、胸水（肺の周りに液体がたまった状態）なし
 ベニジピン（血圧を下げる薬）：1時間8mlの速度で持続的に投与、心拍数 80回/分、血圧 110/70 mmHg 
 尿の量 1時間に150ml、ラクテート（血液中の乳酸の量）2.0 mmol/L
 入室からの水分出納 +1200ml
 経管栄養（チューブで胃や腸に直接栄養を入れる方法）：1時間に10mlを持続的に注入、360kcal、たんぱく22g 
 排便なし
 利尿薬（尿量を増やす薬）：適宜静脈に投与
 血液中のカリウムの濃度 3.2 mEq/L、カリウムを補う薬を点滴で投与し調整中
 輸血の必要なし
 血糖値は安定、スライディングスケール管理（血糖値に応じてインスリン量を調整して投与する方法）
 抗菌薬：なし
 ストレス潰瘍予防：プロトンポンプを阻害薬（ストレス潰瘍を予防・治療する薬）を 静脈に注射を12時間おき
 深部静脈血栓症（足の静脈に血液の塊ができて詰まる病気）の予防： ヘパリンカルシウム（血を固まりにくくする薬）を皮下に注射 5000単位を12時間おき
 A/P（評価/計画）
 WFNS（クモ膜下出血の重症度分類） グレードⅣ (グラスゴー・コーマ・スケールE3：呼びかけると目を開ける、V2：発声はあるが理解できない、M5：痛み刺激に対して手で払いのける) 
 前交通動脈瘤破裂（脳の血管にできたこぶが破れて出血する状態）によるくも膜下出血（脳を包むくも膜の下に出血が起こる状態）に対して緊急コイル塞栓術（カテーテルで血管にできたこぶの中にコイルを入れて詰める治療）を行い、集中治療室に入室。手術後1日目。
 頭部CTで経過を観察し明らかに新しい出血はなく、脳血管攣縮（脳の血管が縮んで血液の流れが悪くなること）予防のピヴラッツ（くも膜下出血の手術後合併症を抑える薬）を開始した。
 また腰椎ドレーンから出ている液体にも大きな問題なし。
 ピヴラッツの開始に伴う肺水腫（肺の中に液体がたまった状態）に配慮して、水分の出納バランスは+500〜+1000ml程度を目標とする。
 現時点で肺水腫を疑うレントゲン画像は認めていない。利尿薬（尿量を増やす薬）も適宜併用とする。
 本日より少量の経管栄養を開始。
 手術後3日目から鎮静剤を減らしていき、気管に入った管を抜くことを目指す。"
05_118F61-63_術後PE_p4.txt,05_118F61-63_術後PE,4,True,"S：
昨日の夜から体がかゆくて、良くなるかと思ったんですけど、どんどん悪くなってきている
かゆいとか痛いはあまりない

O：
体温36.8℃。脈拍68/分、整。血圧112/68mmHg。呼吸数16/分。SpO2 98％（room air）

体幹を中心に、融合傾向を示す紅斑が多発

A/P：
＃薬疹の疑い
術後18日目に抗菌薬をセファゾリンからケフレックス500mg4T4Xに変更
術後28日目に体幹を中心に、融合傾向を示す紅斑が多発
→ケフレックスを被疑薬とした薬疹と考え、オグサワに変更


＃右変形性膝関節症（TKA術後　28POD）
＃術後感染
＃術後PE

術後感染→リオペにて洗浄デブリ後
リオペ後2日で歩行訓練開始としたところ、突然の胸痛と呼吸困難が出現し、胸部造影CTでPEの診断

ICUにて細胞外液の急速投与、およびヘパリンナトリウム5000単位のボーラス投与に続いて1000単位/hrの持続投与を開始した。
速やかにショック状態は解除されたことから、血栓溶解療法の適応はないものとして、抗凝固療法を継続

入室5日目には循環動態の安定を確認し、ヘパリンからリクシアナ60mg1T1Xに変更
入室7日目には一般病棟に転棟となった。

","S（主観的情報）：
 昨日の夜から体がかゆくて、良くなるかと思ったんですけど、どんどん悪くなってきている
 かゆいとか痛いはあまりない
 
 O（客観的情報）：
 体温36.8℃。脈拍68回/分（規則正しい）。血圧112/68mmHg。呼吸数16回/分。
 酸素飽和度（体内の酸素供給状態）：98％（酸素を投与していない状態）
 
 上半身を中心に赤い発疹がたくさん出ていて、それがつながってきている
 
 A/P：
 ＃薬疹（薬が原因で皮膚に出る発疹）の疑い
 手術後18日目に抗菌薬をセファゾリンからケフレックス（500mg）1回1錠を1日4回に変更
 手術後28日目に上半身を中心に赤い発疹がたくさん出ていて、それがつながってきている
 →ケフレックスによって引き起こされた薬疹と考え、抗菌薬をオグサワに変更
 
 ＃右変形性膝関節症（傷んだ膝の関節を人工関節に置き換える人工膝関節全置換術、手術後28日目）
 ＃手術後の感染（手術の傷や体の中に細菌などが増えること）
 ＃手術後の肺塞栓症（足の静脈などにできた血の塊が血流にのって肺の血管につまる病気）
 
 手術後の感染→再手術にて洗浄デブリ後（感染した組織や死んだ組織を取り除いて洗浄する処置）
 再手術後2日で歩行訓練を開始としたところ、突然の胸痛と息苦しさが出現し、胸部の造影CTで肺塞栓症の診断
 
 集中治療室にて細胞外液（血管の中や細胞の外にある水分に近い成分の点滴）を短時間で投与、ヘパリンNa（ナトリウム）（血液を固まりにくくする薬）5000単位の短時間での投与に続いて1時間に1000単位の持続投与を開始した。
 速やかにショック状態を脱したことから、血栓溶解療法（薬でつまった血の塊を溶かす治療）は対象外として、抗凝固療法（薬で血を固まりにくくする治療）を継続
 
 入室5日目には心臓の働きが安定していることを確認し、ヘパリンからリクシアナ（血液を固まりにくくする薬）（60mg）1日に1回1錠に変更
 入室7日目には一般病棟に移動となった。"
05_118F61-63_術後PE_p1.txt,05_118F61-63_術後PE,1,True,"S：
手術した方の膝が痛い気がする

O：
体温36.7℃。脈拍99/分、整。血圧122/68mmHg。呼吸数18/分。SpO2 96％（room air）


A/P：
#右変形性膝関節症
TKA術後　6POD

関節の熱感腫脹なし
ROMは問題なし

術後の疼痛の範囲か
ひとまず鎮痛剤内服

","S（主観的情報）
 手術した方の膝が痛い気がする
 
 O（客観的情報）
 体温36.7℃。脈拍99回/分（規則正しい）。血圧122/68mmHg。呼吸数18回/分。
 酸素飽和度（体内の酸素供給状態）：96％（酸素を投与していない状態）
 
 A/P（評価/計画）
 #右変形性膝関節症（膝の痛みや変形を起こす病気）
 人工膝関節全置換術（傷んだ膝の関節を人工関節に置き換える手術） 手術後6日目
 
 関節は熱くなっていない、腫れなし
 関節が動く範囲に問題なし
 
 術後の痛みの範囲か
 ひとまず鎮痛剤を内服"
06_118F64-66_胸髄損傷_p4.txt,06_118F64-66_胸髄損傷,4,True,"S：
ありがとうございました。
国枝選手って知ってますか？
自分も車いすテニスやってみようかと思います
今後もリハビリがんばります

O：
体温36.6℃。心拍数84/分、整。血圧118/66mmHg。呼吸数16/分。SpO2 99％（room air）。
MMT(R/L): trap 5/5, del 5/5, bi 5/5, tri 5/5, brachio 5/5, ilio 2/2, quad 2/2, ham 2/2, ant.tib 1/1, gastro 1/1
臍部から両下肢に感覚障害あり
膝蓋腱反射とアキレス腱反射は両側減弱

A/P：
#胸椎骨折（T10,11）＃脊髄損傷（T10T11レベル）
　＃下肢麻痺＃下肢感覚障害
T9-T12後方固定術 　31POD
下肢麻痺はMMT2程度まで改善あるが、麻痺残っている
感覚障害残存
在宅にてリハビリ継続
外来にて画像フォローとする

","S（主観的情報）
 ありがとうございました。
 国枝選手って知ってますか？
 自分も車いすテニスやってみようかと思います
 今後もリハビリがんばります
 
 O（客観的情報）
 体温36.6℃。心拍数84回/分（規則正しい）。血圧118/66mmHg。呼吸数16回/分。
 酸素飽和度（体内の酸素供給状態）：99％（酸素を投与していない状態）。
 MMT（徒手筋力テスト：筋力を０-5の6段階で評価）(右/左): 僧帽筋 5/5, 三角筋 5/5, 上腕二頭筋 5/5, 上腕三頭筋 5/5, 腕橈骨筋 5/5, 腸腰筋 2/2, 大腿四頭筋 2/2, ハムストリングス 2/2, 前脛骨筋 1/1, 腓腹筋 1/1
 おへそから両足の感覚に障害あり
 膝蓋腱反射（膝の反射）とアキレス腱反射（ふくらはぎの反射）は両足とも弱い
 
 A/P（評価/計画）
 #第10・第11胸椎骨折（胸部の背骨の骨折）＃第10・第11胸椎脊髄損傷（胸部の背骨の中を通る神経の損傷）
 ＃両足の麻痺＃両足の感覚の障害
 第9胸椎-第12胸椎後方固定術（骨折した胸椎を安定させるために背中側から固定する手術） 手術後31日目
 両足の麻痺はMMTは2程度まで改善しているが、麻痺が残っている
 感覚の障害が残っている
 在宅にてリハビリ継続
 外来では画像検査で経過を見ていく。"
06_118F64-66_胸髄損傷_p1.txt,06_118F64-66_胸髄損傷,1,True,"S：
いたいです
首とか背中とか全部痛い

足が動かないのはなんでですか？
治療すれば治りますよね？

O：
体温36.5℃。心拍数84/分、整。血圧130/62mmHg。呼吸数20/分。SpO2 98％（room air）。
MMT(R/L): trap 5/5, del 5/5, bi 5/5, tri 5/5, brachio 5/5, ilio 1/1, quad 1/1, ham 1/1, ant.tib 0/0, gastro 0/0
臍部から両下肢に感覚障害あり
膝蓋腱反射とアキレス腱反射は両側減弱

FAST：心臓周囲、胸腔、モリソン、脾臓周囲、ダグラスに液体貯留なし
CT：明らかなエキストラなし　T10　T11骨折あり
MRI：　T2でT10レベルに高信号あり
A/P
#胸椎骨折（T10,11）＃脊髄損傷（T10T11レベル）
　＃下肢麻痺＃下肢感覚障害
画像所見より上記診断
外固定のまま明日待機的に後方固定術施行
ステロイドパルスは本日からえｍPSL1000mg/dayで３日間施行

","S（主観的情報）
 いたいです
 首とか背中とか全部痛い
 
 足が動かないのはなんでですか？
 治療すれば治りますよね？
 
 O（客観的情報）
 体温36.5℃。心拍数84回/分（規則正しい）。血圧130/62mmHg。呼吸数20回/分。
 酸素飽和度（体内の酸素供給状態）98％（酸素を投与していない状態）。
 MMT（徒手筋力テスト、筋力を０-5の6段階で評価）(右/左): 僧帽筋 5/5, 三角筋 5/5, 上腕二頭筋 5/5, 上腕三頭筋 5/5, 腕橈骨筋 5/5, 腸腰筋 1/1, 大腿四頭筋 1/1, ハムストリング 1/1, 前脛骨筋 0/0, 腓腹筋 0/0
 おへそから両足の感覚に障害あり
 膝蓋腱反射（膝の反射）とアキレス腱反射（ふくらはぎの反射）は両足とも弱い
 
 FAST（けが人のお腹や胸の中に血液や液体 がたまっていないかを短時間で確認する超音波検査）：心臓周囲、胸腔(肺の周囲)、モリソン窩（お腹の右上で液体が溜まりやすいくぼみ）、脾臓の周囲、ダグラス窩（直腸と支給の間にある液体が溜まりやすいくぼみ）に液体は溜まっていない。
 CT検査：明らかな異常なし、第10・第11胸椎（胸部の背骨）に骨折あり
 MRI検査：T2協調画像（水分の多い病変が白く写る画像）で第10胸椎の高さに高信号（異常）あり
 A/P（評価/計画）
 #第10・第11胸椎骨折（胸部の背骨の骨折）
 #第10・第11胸椎脊髄損傷（背骨の中を通る神経の損傷）
 #両足の麻痺＃両足の感覚の障害
 画像検査の結果より上記診断
 外固定（体の外から一時的に骨を固定）のまま明日計画通り後方固定術（背中側からスクリューなどを使って固定する手術）を行う
 ステロイドパルス（短時間で大量のステロイド剤を投与する治療）は本日からプレドニゾロン（ステロイド剤）1日1000mgを３日間投与する"
07_118F67-69_尿路感染症_p1.txt,07_118F67-69_尿路感染症,1,True,"S 3日前から尿が出にくい。今日から熱が出て震えている。
O　意識は清明。
体温38.8℃。脈拍112/分、整。血圧136/60mmHg。呼吸数26/分。SpO2 98％（room air）。
眼瞼結膜と眼球結膜とに異常を認めない。甲状腺腫と頸部リンパ節とを触知しない。心音と呼吸音とに異常を認めない。下腹部が膨隆しているが、圧痛を認めない。肝・脾は触知しない。左の肋骨脊柱角に叩打痛を認める。直腸指診で4cm大の前立腺を触知し、圧痛を認めない。
尿所見：蛋白1＋、糖1＋、潜血（－）、沈渣に赤血球1～4/HPF、白血球100以上/HPF
血液所見：赤血球461万、Hb 14.9g/dL、Ht 44％、白血球14,300（桿状核好中球2％、分葉核好中球90％、好酸球1％、好塩基球1％、単球3％、リンパ球3％）、血小板12万、PT-INR 1.18（基準0.9～1.1）。血液生化学所見：総蛋白6.6g/dL、アルブミン3.9g/dL、総ビリルビン1.5mg/dL、直接ビリルビン0.4mg/dL、AST 13U/L、ALT 15U/L、LD 219U/L（基準124～222）、ALP 79U/L（基準38～113）、γ-GT 30U/L（基準13～64）、CK 76U/L（基準59～248）、尿素窒素26mg/dL、クレアチニン1.3mg/dL、尿酸4.7mg/dL、血糖120mg/dL、HbA1c 7.0％（基準4.9～6.0）、総コレステロール197mg/dL、トリグリセリド226mg/dL、HDLコレステロール69mg/dL、LDLコレステロール83mg/dL、Na 138mEq/L、K 4.5mEq/L、Cl 105mEq/L。CRP 14mg/dL。
胸部エックス線写真：心胸郭比51％、両側肺野に浸潤影を認めない。
腹部超音波検査：膀胱内に大量の尿が貯留している所見を認めるが水腎症は認めない。
A/P 来院時には発熱と左CVAの叩打痛あり、下腹部も膨隆している。
尿検査では白血球が高値、血液検査でも炎症反応が高値であり、尿路感染症が疑われる。腹部超音波検査では、膀胱内に大量の尿が貯留しており、尿閉の所見を認める。下腹部の膨隆はそれに伴うものと思われる。
尿閉の原因としては内服している三環系抗うつ薬およびヒスタミンH1ブロッカーによるものを疑うので、これらは一旦中止とする。
入院して抗菌薬治療を行う。尿培養と血液培養採取後にCTRX2g/dayを開始する。
明日採血フォローも行う。

","S（主観的情報）
  3日前から尿が出にくい。今日から熱が出て震えている。
 O（客観的情報）
 意識ははっきりしている。
 体温38.8℃。脈拍112回/分（規則正しい）。血圧136/60mmHg。呼吸数26回/分。
 酸素飽和度（体内の酸素供給状態）：98％（酸素を投与していない状態）。
 眼瞼結膜（まぶたの裏側の粘膜）と眼球結膜（白目を覆う膜）に異常なし。甲状腺の腫れや首のリンパ節は触れない。心音と呼吸音に異常なし。下腹部が膨らんでいるが、押さえても痛みはない。肝臓・脾臓は触れない。左の肋骨脊柱角（背骨と一番下の肋骨が交わる角）を軽くたたくと痛みがある。直腸を指で診察すると4cm大の前立腺を触れるが、押しても痛みはない。
 尿検査の結果：蛋白1＋、糖1＋、潜血（－）、尿沈渣（尿を遠心分離して得られる沈殿物を調べる検査）にて赤血球1～4/HPF、白血球100以上/HPF
 血液検査の結果：赤血球数（貧血の状態）461万/μL、ヘモグロビン（貧血の状態）14.9g/dL、ヘマトクリット（貧血の状態）44％、白血球数（免疫の状態）14,300/μL（桿状核好中球2％、分葉核好中球90％、好酸球1％、好塩基球1％、単球3％、リンパ球3％）、血小板数（出血の固まりやすさ）12万/μL、PT-INR（血液の固まりやすさ） 1.18（基準0.9～1.1）。
 血液生化学（血液検査の一種）の結果：総蛋白6.6g/dL、アルブミン（肝臓で作られるたんぱく）3.9g/dL、総ビリルビン（肝臓と胆道の状態）1.5mg/dL、直接ビリルビン（肝臓・胆道の状態）0.4mg/dL、AST（肝臓の酵素）13U/L、ALT（肝臓の酵素）15U/L、LD 219U/L（基準124～222）、ALP（胆道の酵素） 79U/L（基準38～113）、γ-GT（胆道の酵素）30U/L（基準13～64）、クレアチンキナーゼ（筋肉に存在する酵素） 76U/L（基準59～248）、尿素窒素（腎臓の機能）26mg/dL、クレアチニン（腎臓の働き）1.3mg/dL、尿酸（血液中の尿酸の濃度）4.7mg/dL、血糖（血液中のブドウ糖の量）120mg/dL、ヘモグロビンA1c（過去1〜2か月間の平均的な血糖の値） 7.0％（基準4.9～6.0）、総コレステロール（血液中に含まれるすべてのコレステロールの合計値）197mg/dL、トリグリセリド（中性脂肪）226mg/dL、HDLコレステロール（善玉コレステロール）69mg/dL、LDLコレステロール（悪玉コレステロール）83mg/dL、Na（ナトリウム）138mEq/L、K（カリウム）4.5mEq/L、Cl（クロール）105mEq/L。CRP（炎症や感染の指標） 14mg/dL。
 胸部のレントゲン写真：心胸郭比（心臓の大きさの評価）51％、両側の肺に浸潤影（炎症や感染などによる白い影）を認めない。
 腹部の超音波検査：膀胱内に大量の尿が貯留している所見を認めるが水腎症（尿の通り道がふさがり、腎臓に尿がたまり腫れた状態）は認めない。
 A/P（評価/計画）
 来院時には発熱と左肋骨脊柱角（背骨と一番下の肋骨が交わる角）を叩いたときの痛みあり、下腹部も膨らんでいる。
 尿検査では白血球が高く、血液検査でも炎症反応が高いため、尿路感染症（尿の通り道に細菌が入り炎症が起きた状態）が疑われる。腹部の超音波検査では、膀胱内に大量の尿が貯留しており、尿閉（膀胱に尿がたまっているが出せない状態）という結果であった。下腹部の膨らみはそれに伴うものと思われる。
 尿閉の原因としては内服している三環系抗うつ薬（うつの治療薬）とヒスタミンH1ブロッカー（アレルギー症状を抑える薬）が疑われるので、これらは一旦中止とする。
 入院して抗菌薬（細菌を殺したり増えるのを防ぐ薬）での治療を行う。尿培養（尿の中に菌がいるか調べる検査）と血液培養（血液の中に菌がいるかどうかを調べる検査）を採取後にセフトリアキソンナトリウム（抗菌薬の一種）1日2gを開始する。
 明日の採血で経過をみる。"
07_118F67-69_尿路感染症_p5.txt,07_118F67-69_尿路感染症,5,True,"S ありがとうございました。おかげさまで元気になりました。
O 体温36.0℃。脈拍54/分、整。血圧120/62mmHg。呼吸数14/分。SpO2 99％（room air）。
血液培養は陰性
A/P 抗菌薬投与10日目であり経過は良好である。血液培養は陰性であることを確認した。退院後は抗菌薬を内服に変更して、合計2週間の投与とする。
尿閉の原因となっていた薬剤は中止のままとし、かかりつけ医と相談いただく。紹介状は作成済み
次回1週間後に再診予定。

","S ありがとうございました。おかげさまで元気になりました。
 O 体温36.0℃。脈拍54回/分（規則正しい）。血圧120/62mmHg。呼吸数14回/分。
 酸素飽和度（体内の酸素供給状態）：99％（酸素を投与していない状態）。
 血液培養（血液の中に菌がいるか調べる検査）陰性
 A/P 抗菌薬（細菌を殺したり増えるのを防ぐ薬）を投与して10日目であり経過は良好である。血液培養は陰性であることを確認した。退院後は抗菌薬を内服に変更して、合計2週間の投与とする。
 尿閉の原因となっていた薬剤は中止のままとし、かかりつけ医と相談いただく。紹介状は作成済み
 次回1週間後に再診の予定。"
08_118F70-72_有機リン中毒_p1.txt,08_118F70-72_有機リン中毒,1,True,"S (挿管中)
フェンタニル 40μg/hで鎮痛、RASS -3〜-4
瞳孔径 1mm/1mm 対光反射なし
頭部CT：痙攣の原因となりうる器質的異常なし
人工呼吸器使用中、モード　A/C PC f 18 PIP 16 PEEP 8 FiO2 40% Ti 1.00
TV 450ml MV 8.1L/min 
P/F 290 pCO2 35Torr
カテコラミン使用なし、HR 110 /min,  MAP 70mmHg程度 Hr 80ml/h Lac 2.5 mmol/L
入室からのIn out balance +3000ml
排便なし　腸管使用なし
コリンエステラーゼ〈ChE〉40 U/L
電解質異常なし
輸血需要なし
血糖安定 スライディングスケール管理
抗菌薬：なし
SU prophylaxis PPI ivq12h
アトロピン 4mg/hで持続投与中
A/P
意識障害に対して気管挿管、臨床所見とコリンエステラーゼ低値から有機リン中毒を疑い、活性炭投与、アトロピン持続投与を開始している。
痙攣のエピソードがあるが頭部CTは器質的異常なく経過からは中毒による急性症候性発作が疑われる。
呼吸、循環は安定しているため、PAMや透析などは行わずに経過を見ていく。

","S（主観的情報）：
  (挿管中：気管の中に管が入っていて声が出ない状態)
 フェンタニル（鎮痛剤） 1時間40μgを持続的に投与し鎮痛、鎮静スケール（RASS） -3〜-4
 瞳孔の大きさ：1mm/1mm、対光反射（目に光を目に当てたときに瞳孔が小さくなる反射）：なし
 頭部CT：けいれんの原因となる出血や腫瘍など目に見える異常はみられなかった
 人工呼吸器（呼吸を補助する装置）を使用中、モード：A/C（患者の呼吸のタイミングに合わせて人工呼吸器がサポートする設定）・ PC（息を吸うときに一定の圧力をかける設定）、呼吸数（f：人工呼吸器での１分間の呼吸回数の設定）：18回/分、最高気道内圧（PIP：人工呼吸器が息を送り込むときにかかる最高の圧力）：16cmH2O、呼気終末陽圧（PEEP：息を吐ききった後も人工呼吸器で少し圧を残しておく設定）：8cmH2O、吸入酸素濃度（FiO2：吸い込む空気の中に含まれる酸素の割合）：40%、吸気時間（Ti：1回の呼吸において息を吸うのにかける時間）：1.00秒
 1回換気量（TV：回の呼吸で肺に出入りする空気の量）：450ml、 分時換気量（MV：1分間に肺が出入りする空気の総量）：8.1L/分 
 P/F比（肺がどれだけ効率よく酸素を取り込めているかの指標）： 290、pCO2（二酸化炭素がどれだけ体から排出できているかの指標）：35Torr
 カテコラミン（血圧や心臓の働きを調整する薬）使用なし、心拍数 110回/分, 平均動脈圧（臓器の血流を反映する指標）70mmHg, 尿の量 1時間当たり80ml、ラクテート（血液中の乳酸の量） 2.5 mmol/L
 入室からの水分出納バランス +3000ml
 排便なし 腸を使った栄養補給をしていない
 コリンエステラーゼ（ChE：肝臓の酵素）40 U/L
 電解質（血液に含まれるミネラル）に異常なし
 輸血の必要性なし
 血糖安定 スライディングスケール管理（血糖値に応じてインスリン量を調整して投与する方法）
 抗菌薬（細菌を殺したり増えるのを防ぐ薬）：なし
 ストレス潰瘍予防策：プロトンポンプ阻害薬（ストレス潰瘍を予防・治療する薬）を12時間おきに投与
 アトロピン（有機リン中毒の治療薬） 1時間4mgで持続的に投与中
 A/P（評価/計画）
 意識障害に対して気管挿管（口や鼻からチューブを気管に入れた状態）、検査結果でコリンエステラーゼの値が低いことから有機リン中毒を疑い、活性炭（薬物を吸着し、体内への吸収を防ぐ薬用の炭）の投与、アトロピンの持続的な投与を開始している。
 けいれんがみられたが、頭部CTは目に見える異常はなく、経過からは中毒による急性症候性発作（脳の一時的な異常によって起こる発作）が疑われる。
 呼吸、心臓の働きは安定しているため、PAM（有機リン中毒で麻痺した神経を助ける薬）や透析（腎臓の働きが悪くなったときに血液から老廃物や余分な水分を取り除く治療）などは行わずに経過を見ていく。"
08_118F70-72_有機リン中毒_p5.txt,08_118F70-72_有機リン中毒,5,True,"S 退院でいいみたいです。精神科の通院はあった方が自分としても安心で気持ちが落ち着きます。
O
GCS E4V5M6
瞳孔径 3.5mm/3.5mm 対光反射迅速
RR 14 /min, HR 65 /min,  BP 116/69 mmHg, SpO2 96%(室内気)
特記すべき身体所見なし
A/P
＃自殺企図
精神状態は安定しており、現在は希死念慮もなし。
精神科リエゾンチーム介入あり、自宅退院可能であり精神科外来フォローの方針となっている。
明日退院予定。

＃有機リン中毒 加療後
＃人工呼吸器関連肺炎 加療後

","S（主観的情報）
 退院でいいみたいです。精神科の通院はあった方が自分としても安心で気持ちが落ち着きます。
 O（客観的情報）
 GCS（意識状態の評価）： E4（自分で開眼）V5（会話に問題なし）M6（指示に従う）
 瞳孔の大きさ：3.5mm/3.5mm、対光反射（目に光を目に当てたときに瞳孔が小さくなる反射）：速い
 呼吸数14回/分, 心拍数 65回/分, 血圧 116/69 mmHg, 
 酸素飽和度（体内の酸素供給状態）：96%（酸素を投与していない状態）
 特記すべき身体の症状なし
 A/P（評価/計画）
 ＃自殺企図（自ら命を絶とうとする行動全般）
 精神状態は安定しており、現在は希死念慮（死にたいという思い）もなし。
 精神科リエゾンチーム（心と体の両面から患者さんを支えるために複数の専門職が協力するチーム）による介入あり
 自宅に退院可能であり精神科外来で経過観察の方針となっている。
 明日退院の予定。
 
 ＃有機リン中毒（有機リンによって引き起こされる中毒症状） 治療後
 ＃人工呼吸器関連肺炎（人工呼吸器を使っている患者さんに発生する肺炎） 治療後"
09_118A19_肺血栓塞栓症_p1.txt,09_118A19_肺血栓塞栓症,1,True,"S　楽になりました。急に苦しくなってびっくりしました。
O　BP 134/78mmHg 　SpO2 98%(3Lカヌラ)
 CT 右肺動脈本幹に3x6cm大の血栓あり、右大腿部~膝窩静脈に血栓あり
血栓素因提出済み
A/P
# PTE/DVT
ヘパリンを開始し適宜ATPP観察していく。
若年の発症であり、長期間同じ姿勢を取っていたわけでもないこと、父親のエピソードもあり血栓因子ついて血液検査を提出した。

","S（主観的情報）
 楽になりました。急に苦しくなってびっくりしました。
 O（客観的情報） 
 血圧 134/78mmHg 
 酸素飽和度（体内の酸素供給状態）：鼻から酸素吸入3L/分で98%
 CT検査：右側の肺動脈の本幹に3x6cm大の血栓（血の塊）あり、右大腿部~膝窩静脈（右の太ももから膝の静脈）に血栓あり
 血栓素因（血液が固まりやすい体質や状態）の検査は提出済み
 A/P（評価/計画）
 # 肺血栓塞栓症（肺の血管に血のかたまりがつまる病気）/深部静脈血栓症（足の奥深くにある静脈に血のかたまりができてつまる病気）
 ヘパリン（血液を固まりにくくする薬）を開始し、適宜ATPP（血液の固まりやすさを調べる検査）を観察していく。
 若い年齢での発症であり、長期間同じ姿勢を取っていたわけでもないこと、父親のエピソードもあり、血栓ができやすくなる因子について血液検査を提出した。"
09_118A19_肺血栓塞栓症_p5.txt,09_118A19_肺血栓塞栓症,5,True,"S　今日鼻取れました！でも歩くと看護師さんが飛んできました。たいしたことないのに
O　BP 115/78mmHg 　SpO2 96%(RA)
A/P
# PTE/DVT
内服に切り替え、著変なし。酸素離脱し安定していれば退院。
若年の発症であり、長期間同じ姿勢を取っていたわけでもないこと、父親のエピソードもあり血栓因子ついて血液検査を提出し結果待ち。

","S（主観的情報） 
 今日鼻の酸素が取れました！でも歩くと看護師さんが飛んできました。たいしたことないのに
 O（客観的情報） 
 血圧 115/78mmHg 
 酸素飽和度（体内の酸素供給状態）：96%（酸素を投与していない状態）
 A/P（評価/計画）
 # 肺血栓塞栓症（肺の血管に血のかたまりがつまる病気）/深部静脈血栓症（足の奥深くにある静脈に血のかたまりができてつまる病気）
 内服に切り替えたが、特に変化なし。酸素投与終了後も安定していれば退院。
 若い年齢での発症であり、長期間同じ姿勢を取っていたわけでもないこと、父親のエピソードもあり、血栓因子（血栓ができやすくなる因子）について血液検査を提出し結果待ち。"
10_118A69_胆管結石胆管炎_p1.txt,10_118A69_胆管結石胆管炎,1,True,"S 昨日から熱が出ている。お腹も痛い。
O 体温38.1℃。脈拍128/分、整。血圧124/86mmHg。呼吸数18/分。
眼球結膜に黄染あり
腹部は平坦、軟。右季肋部に圧痛あり。
白血球17,600。総ビリルビン6.9mg/dL、直接ビリルビン4.2mg/dL、AST 371U/L、ALT 297U/L、ALP 231U/L（基準38～113）、γ-GT 237U/L（基準13～64）、アミラーゼ52U/L（基準44～132）。CRP 16mg/dL。
腹部単純CTでは胆管に高吸収域と胆管拡張あり
A/P
昨日からの発熱と右季肋部痛あり、血液検査では炎症反応の上昇と胆道系酵素の上昇を認める。腹部CTにて胆管内に結石を疑う所見と胆管拡張を認めることから、総胆管結石性胆管炎が疑われる。早急にドレナージ治療をすることが望ましい。
本日入院後にERCPを行う。ABPC/SBTも開始する。

","S（主観的情報） 
 昨日から熱が出ている。お腹も痛い。
 O （客観的情報）
 体温38.1℃。脈拍128回/分（規則正しい）。血圧124/86mmHg。呼吸数18回/分。
 眼球結膜（白目）が黄色くなっている
 腹部は平坦、軟らかい。右季肋部（みぞおちの右横あたり）を押さえると痛みあり。
 白血球数（免疫の状態）17,600/μL。総ビリルビン（肝臓・胆道の状態）6.9mg/dL、直接ビリルビン（肝臓・胆道の状態）4.2mg/dL、AST（肝臓の酵素） 371U/L、ALT（肝臓の酵素） 297U/L、ALP（胆道系の酵素） 231U/L（基準38～113）、γ-GT（胆道系の酵素） 237U/L（基準13～64）、アミラーゼ（膵臓や睡液腺から分泌される消化酵素）52U/L（基準44～132）。CRP（炎症や感染の指標） 16mg/dL。
 腹部単純CT検査では胆管（胆汁の通り道）に高吸収域（胆管の中に結石や血の塊がある可能性を示す画像）と胆管拡張（胆管が太くなった状態）あり
 A/P（評価/計画）
 昨日からの発熱と右季肋部痛あり、血液検査では炎症反応（白血球数、CRPなど）の上昇と胆道系酵素（ALP、γ-GTなど）の上昇を認める。腹部CTにて胆管内に結石を疑う所見と胆管拡張を認めることから、総胆管結石性胆管炎（総胆管に結石がつまり、胆汁が流れなくなり感染を起こした状態）が疑われる。早急にドレナージ治療（胆管に管を入れて胆汁を体の外に出す治療）をすることが望ましい。
 本日入院後に内視鏡的逆行性胆管膵管造影（ERCP：胆管や膵管の中を造影して結石や腫瘍の有無を調べる検査）を行う。動脈圧、血圧、体温の定期的なチェックを開始する。"
10_118A69_胆管結石胆管炎_p5.txt,10_118A69_胆管結石胆管炎,5,True,"S　ありがとうございました。お腹は痛くありません。発熱もないです。
O 体温36.5℃。脈拍52/分、整。血圧104/66mmHg。呼吸数12/分、SpO2 99%(room air)。
腹部は平坦、軟。腹部に圧痛なし。
白血球6,300。総ビリルビン0.9mg/dL、直接ビリルビン0.5mg/dL、AST 26U/L、ALT 28U/L、ALP 98U/L（基準38～113）、γ-GT 50U/L（基準13～64）、アミラーゼ52U/L（基準44～132）。CRP 0.3mg/dL。
A/P 昨日ERCPを行った。発熱や腹痛はなく、採血でもアミラーゼの上昇はない。膵炎などの合併症はなく経過良好。本日より食事を開始し、問題がなければ明日退院する。

","S（主観的情報） 
 ありがとうございました。お腹は痛くありません。発熱もないです。
 O （客観的情報）
 体温36.5℃。脈拍52回/分（規則正しい）。血圧104/66mmHg。呼吸数12回/分、
 酸素飽和度（体内の酸素供給状態）；99%（酸素を投与していない状態）。
 腹部は平坦で、軟らかい。腹部を圧迫しても痛みなし。
 白血球数（免疫の状態）6,300/μL、総ビリルビン（肝臓・胆道の状態）0.9mg/dL、直接ビリルビン（肝臓・胆道の状態）0.5mg/dL、AST（肝臓の酵素） 26U/L、ALT（肝臓の酵素） 28U/L、ALP（胆道の酵素） 98U/L（基準38～113）、γ-GT（胆道の酵素） 50U/L（基準13～64）、アミラーゼ（膵臓や睡液腺から分泌される消化酵素）52U/L（基準44～132）。CRP（炎症や感染の指標） 0.3mg/dL。
 A/P（評価/計画） 
 昨日内視鏡的逆行性胆管膵管造影（ERCP：胆管や膵管の中を造影して結石や腫瘍の有無を調べる検査）を行った。発熱や腹痛はなく、採血でもアミラーゼの上昇はない。膵炎（膵臓が自分自身を消化して炎症を起こす病気）などの合併症はなく経過良好。本日より食事を開始し、問題がなければ明日退院する。"
11_118A57_穿孔性腹膜炎_p1.txt,11_118A57_穿孔性腹膜炎,1,True,"S　昨日からお腹が痛い。
O 体温37.2℃。心拍数144/分、整。血圧86/60mmHg。呼吸数22/分。SpO2 99％（マスク5L/分 酸素投与下）。
腹部は板状硬で筋性防御を認める。
血液検査：赤血球599万、Hb 19.0g/dL、Ht 55％、白血球12,000（分葉核好中球87％、好酸球0％、好塩基球0％、単球2％、リンパ球11％）、血小板19万、PT-INR 1.2（基準0.9～1.1）。総蛋白5.6g/dL、アルブミン3.3g/dL、総ビリルビン0.7mg/dL、AST 24U/L、ALT 18U/L、LD 204U/L（基準124～222）、ALP 46U/L（基準38～113）、γ-GT 29U/L（基準13～64）、アミラーゼ235U/L（基準44～132）、CK 632U/L（基準59～248）、尿素窒素33mg/dL、クレアチニン2.2mg/dL、尿酸16.4mg/dL、血糖206mg/dL、HbA1c 6.0％（基準4.9～6.0）、Na 137mEq/L、K 4.4mEq/L、Cl 98mEq/L、Ca 8.7mg/dL。CRP 40mg/dL。
肺野条件の腹部CTではfree airを認める。
A/P 昨日からの腹痛のため、救急搬送された。身体所見では腹膜刺激症状を認める。採血でも炎症反応は著明に高値であり、腹部CT検査でfree  airを認めることから消化管穿孔の診断。本日中に緊急手術を行う。

","S（主観的情報）
 昨日からお腹が痛い。
 O （客観的情報）
 体温37.2℃。心拍数144回/分（規則正しい）。血圧86/60mmHg。呼吸数22回/分。
 酸素飽和度（体内の酸素供給状態）：99％（酸素マスク5L/分投与中）。
 腹部は板のように硬く、筋性防御（お腹の中に炎症や異常があるとき、体が無意識にお腹の筋肉を固くして守ろうとする反応）を認める。
 血液検査：赤血球数（貧血の状態）599万/μL、ヘモグロビン（貧血の状態） 19.0g/dL、ヘマトクリット（貧血の状態） 55％、白血球数（免疫の状態）12,000/μL（分葉核好中球87％、好酸球0％、好塩基球0％、単球2％、リンパ球11％）、血小板数（血液の固まりやすさ）19万/μL、PT-INR（血液の固まりやすさ） 1.2（基準0.9～1.1）。総蛋白（血液中の全てのたんぱく質）5.6g/dL、アルブミン（肝臓で作られるたんぱく）3.3g/dL、総ビリルビン（肝臓・胆道の状態）0.7mg/dL、AST（肝臓の酵素） 24U/L、ALT（肝臓の酵素） 18U/L、LD（細胞の中に広く存在する酵素）204U/L（基準124～222）、ALP（胆道の酵素） 46U/L（基準38～113）、γ-GT（胆道の酵素） 29U/L（基準13～64）、アミラーゼ（膵臓や睡液腺から分泌される消化酵素）235U/L（基準44～132）、クレアチンキナーゼ（筋肉に存在する酵素） 632U/L（基準59～248）、尿素窒素（腎臓の働き）33mg/dL、クレアチニン（腎臓の働き）2.2mg/dL、尿酸（血液中の尿酸の濃度）16.4mg/dL、血糖（血液中のブドウ糖の量）206mg/dL、ヘモグロビンA1c（過去1〜2か月間の平均的な血糖の値） 6.0％（基準4.9～6.0）、Na（ナトリウム） 137mEq/L、K（カリウム） 4.4mEq/L、Cl（クロール） 98mEq/L、Ca（カルシウム） 8.7mg/dL。CRP（炎症や感染の指標） 40mg/dL。
 腹部CT検査：空気を強調する設定で フリーエア（お腹の中の腸の外にある空気）を認める。
 A/P（評価/計画）
 昨日からの腹痛のため、救急搬送された。身体の診察では腹膜刺激症状（お腹の内側を覆う腹膜の炎症があるときに出る症状）を認める。採血でも炎症反応（白血球数、CRPなど）は非常に高く、腹部CT検査でフリーエアを認めることから消化管穿孔（食道・胃・腸などの消化管に穴が開き、食べ物などが漏れ出す状態)の診断。本日中に緊急の手術を行う。"
11_118A57_穿孔性腹膜炎_p5.txt,11_118A57_穿孔性腹膜炎,5,True,"S　ありがとうございました。
O 腹部は平坦、軟。圧痛なし。
体温36.4℃。心拍数58/分、整。血圧108/54mmHg。呼吸数14/分。SpO2 99％（room air）。
A/P 十二指腸穿孔に対して術後17日目、経過良好であり、本日退院とする。
退院後もPPIは継続しておく。
十二指腸潰瘍の原因精査目的としてピロリ菌感染の有無については外来で精査加療を行う。

","S（主観的情報）
 ありがとうございました。
 O （客観的情報）
 腹部は平坦で軟らかい。腹部を手で圧迫しても痛みなし。
 体温36.4℃。心拍数58回/分（規則正しい）。血圧108/54mmHg。呼吸数14回/分。
 酸素飽和度（体内の酸素供給状態）：99％（酸素を投与していない状態）。
 A/P（評価/計画）
 十二指腸穿孔（十二指腸に穴があいた状態）の手術後17日目、経過が良好であり、本日退院とする。
 退院後もプロトンポンプを阻害薬（胃・十二指腸潰瘍の治療と再発予防の薬）は継続しておく。
 十二指腸潰瘍の原因を詳しく検査するため、ピロリ菌（胃に住みつき炎症をおこす細菌）の感染の有無については外来で検査と治療を行う。"
12_118B35_緊張性気胸_p5.txt,12_118B35_緊張性気胸,5,True,"S　もう泡は出てこないんですけどねぇ。昨日今日は痛み止めを飲まずにこれてます。
O　BP 134/86 mmHg SpO2 100%(RA)  エアリークははっきりしない
A/P
#緊張性気胸
疼痛管理良好。鎮痛薬は頓用でよさそう。明日クランプテスト。
# 右第5肋骨骨折
整形外科で併診してもらう。基本安静とのこと。

","S（主観的情報）
 もう泡は出てこないんですけどねぇ。昨日今日は痛み止めを飲まずにこれてます。
 O（客観的情報） 
 血圧 134/86 mmHg、 酸素飽和度（体内の酸素供給状態）100%（酸素を投与していない状態）、 エアリーク（肺からの空気の漏れ）ははっきりしない
 A/P（評価/計画）
 #緊張性気胸（肺に穴があき、漏れた空気が胸にたまって心臓や肺を圧迫する危険な状態）
 痛みのコントロールは良好。鎮痛薬は必要なときだけ使ってもらえばよさそう。明日クランプテスト（肺から漏れた空気を抜く管を一時的に閉鎖し、肺の膨らみや呼吸の状態に問題がないことを確認するテスト）。
 # 右第5肋骨骨折（右胸の上から数えて5番目の肋骨の骨折）
 整形外科でも診察してもらう。基本安静とのこと。"
12_118B35_緊張性気胸_p1.txt,12_118B35_緊張性気胸,1,True,"S　薬が効いてきたみたいで痛みは弱くなりました。
O　BP 144/82mmHg SpO2 99%(RA)
A/P 
#  右緊張性気胸
本日ドレーン留置した。エアリークを観察しつつ、プランクテスト施行予定。
疼痛管理に気を付ける。
# 右第5肋骨骨折
整形外科で併診してもらう。基本安静とのこと。

","S（主観的情報）
 薬が効いてきたみたいで痛みは弱くなりました。
 O（客観的情報） 
 血圧 144/82mmHg 酸素飽和度（体内の酸素供給状態）99%（酸素を投与していない状態）
 A/P （評価/計画）
 # 右緊張性気胸（肺に穴があき、漏れた空気が胸にたまって心臓や肺を圧迫する危険な状態）
 本日、胸にたまった空気を抜く管（胸腔ドレーン）を入れた。胸腔ドレーンのエアリーク（肺から漏れている空気）を観察しつつ、クランプテストを行う予定。
 痛みのコントロールに気を付ける。
 # 右第5肋骨骨折（右胸の上から数えて5番目の肋骨の骨折）
 整形外科でも診察してもらう。基本安静とのこと。"
13_118B41-42_肝性脳症_p1.txt,13_118B41-42_肝性脳症,1,True,"S ここはどこなの？病院？
O 体温36.4℃。心拍数80/分、整。血圧104/64mmHg。呼吸数16/分。SpO2 98％（room air）。
眼球結膜に黄染を認める。甲状腺腫と頸部リンパ節とを触知しない。前胸部にくも状血管拡張と手掌紅斑とを認める。心音と呼吸音とに異常を認めない。腹部は平坦、軟で、肝を触知しない。脾臓を左肋骨弓下に1cm触知する。下腿に浮腫を認めない。
血液検査：赤血球396万、Hb 12.1g/dL、白血球3,800、血小板10万、PT-INR 1.0（基準0.9～1.1）。総蛋白7.0g/dL、アルブミン3.4g/dL、総ビリルビン3.7mg/dL、AST 74U/L、ALT 52U/L、γ-GT 63U/L（基準9～32）、コリンエステラーゼ150U/L（基準201～421）、アンモニア180μg/dL（基準18～48）、尿素窒素12mg/dL、クレアチニン0.6mg/dL、血糖148mg/dL、HbA1c 7.6％（基準4.9～6.0）、Na 142mEq/L、K 3.8mEq/L、Ca 8.8mg/dL。頭部単純CTで異常を認めない。

A/P 身体所見より肝硬変が疑われる。アンモニアが高値であり、肝性脳症による意識障害が疑わしい。入院で加療を行う。
また、1週間ほどの便秘があり、便秘が誘因になった可能性が高い。
ラクツロースを開始して、便通コントロールを行う。タンパク制限食として、アミノレバンも開始する。

","S（主観的情報） 
 ここはどこなの？病院？
 O （客観的情報）
 体温36.4℃。心拍数80回/分（規則正しい）。血圧104/64mmHg。呼吸数16回/分。酸素飽和度（体内の酸素供給状態）98％（空気の使用なし）。
 眼球結膜（白目）が黄色くなっている。甲状腺の腫れや首のリンパ節は触れない。胸の前面にくも状血管拡張（皮膚の表面に中心から放射状に広がる毛細血管）と手のひらに紅斑（赤い発疹）とを認める。心音と呼吸音に異常を認めない。腹部は平坦で軟らかく、肝臓を触れない。脾臓を左の肋骨の下に1cm触れる。膝より下に浮腫を認めない。
 血液検査：赤血球数（貧血の状態）396万/μL、ヘモグロビン（貧血の状態）12.1g/dL、白血球数（免疫の状態）3,800/μL、血小板数（血液の固まりやすさ）10万/μL、PT-INR 1.0（血液が固まりやすさ：基準0.9～1.1）。総蛋白（血液中の全てのたんぱく質）7.0g/dL、アルブミン（肝臓で作られるたんぱく）3.4g/dL、総ビリルビン（肝臓や胆道の状態）3.7mg/dL、AST（肝臓の酵素）74U/L、ALT（肝臓の酵素） 52U/L、γ-GT（胆道の酵素）63U/L（基準9～32）、コリンエステラーゼ（肝臓の酵素）150U/L（基準201～421）、アンモニア（肝性脳症や肝臓の病気の評価）180μg/dL（基準18～48）、尿素窒素（腎臓の働き）12mg/dL、クレアチニン（腎臓の働き）0.6mg/dL、血糖（血液中のブドウ糖の量）148mg/dL、ヘモグロビンA1c（過去1〜2か月間の平均的な血糖の値）7.6％（基準4.9～6.0）、Na（ナトリウム） 142mEq/L、K（カリウム） 3.8mEq/L、Ca（カルシウム） 8.8mg/dL。頭部単純CT（造影剤を使用しないCT）で異常を認めない。
 
 A/P （評価/計画）
 身体検査の結果より肝硬変（肝臓が硬くなり機能が低下した状態）が疑われる。アンモニアが高い値であり、肝性脳症（肝臓の機能が著しく低下することで脳に異常が起こった状態）による意識の障害が疑わしい。入院で治療を行う。
 また、1週間ほどの便秘があり、便秘が引き金になった可能性が高い。
 ラクツロース（血液中のアンモニア濃度を下げる薬）を開始して、便通のコントロールを行う。食事のタンパク質を制限し、アミノレバン（慢性的に肝臓の働きが悪いときに栄養状態を改善する薬）も開始する。"
13_118B41-42_肝性脳症_p5.txt,13_118B41-42_肝性脳症,5,True,"S ありがとうございました。
O 体温36.0℃。心拍数72/分、整。血圧110/60mmHg。呼吸数16/分。SpO2 98％（room air）。
A/P 経過良好であり予定通り本日退院。
ラクツロースとリーバクトの内服は継続する。
肝硬変の原因としてNAFLDが疑われるため、外来で精査加療していく。

","S（主観的情報）
 ありがとうございました。
 O （客観的情報）
 体温36.0℃。心拍数72回/分（規則正しい）。血圧110/60mmHg。呼吸数16回/分。
 酸素飽和度（体内の酸素供給状態）：酸素を投与していない状態で98％
 A/P （評価/計画）
 経過が良好であるため、予定通り本日退院。
 ラクツロース（血液中のアンモニア濃度を下げる薬）とリーバクト（肝臓病患者の血液中のアルブミンを改善する薬）の内服は継続する。
 肝硬変（肝臓が硬くなり機能が低下した状態）の原因として非アルコール性脂肪性肝疾患（アルコールをほとんど飲まない人に起こる脂肪肝）が疑われるため、外来で検査と治療を行う。"
14_118B43-44_急性硬膜下血腫_p5.txt,14_118B43-44_急性硬膜下血腫,5,True,"S 転院は明日ですか、ありがとう。
O
GCS E4V5M6　瞳孔径 4+/4+
HR 75 /min, BP 130/60 mmHg SpO2 97% (室内気)
MMT 上肢 左2/右5　下肢 左2/右5
経口摂取 8割程度
Na 144mEq/L
PT…介添えで立ち上がり動作まで可能
ST…記憶障害・遂行機能障害あり
A/P
T&Dの急性硬膜下血腫に対して緊急開頭血腫除去術 12POD。
状態変わりなく経過している。明日リハビリテーション病院へ転院予定。

","S（主観的情報） 
 転院は明日ですか、ありがとう。
 O
 GCS（意識状態の評価）：E4（自分で開眼）V5（会話に問題なし）M6（指示に従う）
 瞳孔の大きさ：4mm/4mm（左右差なし）
 心拍数 75 回/分, 血圧 130/60 mmHg, 酸素飽和度（体内の酸素供給状態）97% （酸素を投与していない状態）
 MMT（徒手筋力テスト、筋力を０-5の6段階で評価） 腕 左2/右5 足 左2/右5
 口からの食事の摂取 8割程度
 血液中のNa（ナトリウム） 144mEq/L
 理学療法（運動機能のリハビリ）…介添えで立ち上がり動作までできる
 言語療法（コミュニケーションや食べることに障害がある人へのリハビリ）…記憶障害・遂行機能障害あり（計画して順序よく行動する力が低下し、日常生活や仕事に支障がある状態）
 A/P
 T&D（外傷や病気）による急性硬膜下血腫（脳の表面と硬膜という膜の間に急速に血液がたまる状態）に対して緊急の開頭血腫除去術（脳の周囲にできた血の塊を取り除き、脳圧迫を解除する手術） 手術後12日目。
 状態に変わりなく経過している。明日リハビリテーション病院へ転院予定。"
14_118B43-44_急性硬膜下血腫_p1.txt,14_118B43-44_急性硬膜下血腫,1,True,"S (気管挿管中)
O 
頭位30°保持
プロポフォール 160mg/hで鎮静、フェンタニル 40μg/hで鎮痛、RASS -5
瞳孔径 2-/2-
皮下ドレーン 30ml/day 旧血様
頭部CT：MLSなし、血腫増悪なし、脳浮腫わずかに増悪あり
人工呼吸器使用中、モード　A/C PC f 12 PIP 15 PEEP 5 FiO2 40% Ti 1.20
TV 500ml MV 6.0L/min 
P/F 350 pCO2 35 Torr
カテコラミン使用なし、MAP 85mmHg Hr 100ml/h Lac 1.7
入室からのIn out balance +4000ml
経管栄養開始　10ml/h 360kcal タンパク量 22g/day
排便なし
3%NaCl投与中 Na 150程度で経過
血糖 150mg/dl程度で推移、スライディングスケールで対応中
Hb 12.0 PLT 15万 Fbg 250 輸血需要なし
抗菌薬：周術期にCTRX使用あり、本日終了
SU prophylaxis PPI ivq12h
A/P
T&Dの急性硬膜下血腫に対して緊急開頭血腫除去術 1POD。
ICPモニターなしでの管理だが、CTではわずかに脳浮腫が見られる程度でICP高値の懸念はない。脳浮腫のピークまでは深鎮静管理としておく。
呼吸器系には問題なく、pCO2 35-40 Torr程度で管理する。
術前にLac上昇があったが、術後に改善傾向となっている。尿量も十分量得られている。
CPPを考慮し、MAP>80mmHgを目標としているが達成できている。
経管栄養を開始。目標エネルギーの80％程度を目指して漸増していく。
ICP上昇を避けるため、Naは150-155mEq/Lを目標に3%NaClを用いてコントロールする。
血糖値は至適範囲に入っており、スライディングスケール対応とする。
今後の予定として、脳浮腫ピーク過ぎた4PODあたりで頭部CTフォローし、その後抜管を目標にする。

","S（主観的情報）
  (気管挿管中：気管の中に管が入っており声が出ない状態)
 O （客観的情報）
 ベッドの頭側を 30度上げた姿勢を保持
 プロポフォール（鎮静剤） 1時間に160mgで鎮静、フェンタニル（鎮痛剤） 1時間に40μgで鎮痛、鎮静スケール（RASS） -5
 瞳孔の大きさ 2mm/2mm、対光反射(-)
 皮下ドレーン（皮膚の下にたまる血液や体液などを外に出すために入れる管） 1日30ml 古い血のような色
 頭部CT：MLSなし（脳の中心の線は左右対称）、血腫（血の塊）の悪化なし、脳浮腫（脳がむくんだ状態）はわずかに悪化あり
 人工呼吸器（呼吸を補助する装置）使用中、モード:A/C（患者の呼吸のタイミングに合わせて人工呼吸器がサポートする設定）・ PC（息を吸うときに一定の圧力をかける設定）、呼吸数（f：人工呼吸器での１分間の呼吸回数の設定）：12回/分、最高気道内圧（PIP：人工呼吸器が息を送り込むときにかかる最高の圧力）：15cmH2O、呼気終末陽圧（PEEP：息を吐ききった後も人工呼吸器で少し圧を残しておく設定）：5cmH2O、吸入酸素濃度（FiO2：吸い込む空気の中に含まれる酸素の割合）：40%、吸気時間（Ti：1回の呼吸において息を吸うのにかける時間）1.20秒
 1回換気量（TV：回の呼吸で肺に出入りする空気の量）：500ml、 分時換気量（MV：1分間に肺が出入りする空気の総量）：6.0L/分 
 P/F比（肺がどれだけ効率よく酸素を取り込めているかの指標）：350、pCO2（二酸化炭素がどれだけ体から排出できているかの指標）：35 Torr
 カテコラミン（血圧や心臓の働きを調整する薬）の使用なし、平均動脈圧（臓器の血流を反映する指標）：85mmHg、尿量：1時間に100ml 、ラクテート（血液中の乳酸の量） 1.7mmol/L
 入室からの水分出納バランス +4000ml
 経管栄養（チューブで胃や腸に直接栄養を入れる方法）を開始 1時間に10ml 360kcal タンパク量 1日に22g
 排便なし
 3%塩化Na（ナトリウム）投与中、Na（ナトリウム） 150mEq/L程度で経過
 血糖（血液中のブドウ糖の量）150mg/dl程度で推移、スライディングスケール（血糖値に応じてインスリン量を調整して投与する方法）で対応中
 ヘモグロビン（貧血の状態） 12.0g/dL、血小板数（血液の固まりにくさ）15万/μL、フィブリノゲン（血液の固まりにくさ） 250mg/dL、 輸血の必要性なし
 抗菌薬：手術前後の期間にセフトリアキソンナトリウム（抗菌薬の一種）の使用あり、本日終了
 ストレス潰瘍予防策：プロトンポンプ阻害薬（ストレス潰瘍を予防や治療する薬）を12時間おきに静脈に注射
 A/P
 外傷や病気による急性硬膜下血腫（脳の表面と硬膜という膜の間に急速に血液がたまる状態）に対して緊急開頭血腫除去術（脳の周囲にできた血の塊を取り除き、脳の圧迫を解除する手術） 手術後1日目。
 頭蓋内圧（頭の中の圧力）の監視モニターなしでの管理だが、CTではわずかに脳浮腫（脳に過剰な水分がたまり脳が腫れた状態）が見られる程度で頭蓋内圧が高い心配はない。脳浮腫のピークまでは深く鎮静をかけて管理しておく。
 呼吸の系統には問題なく、pCO2（血液中の二酸化炭素分圧）を 35-40 Torr程度で管理する。
 手術前にラクテートの上昇があったが、手術後に改善傾向となっている。尿も十分な量が出ている。
 CPP（炎症や感染の指標）の値を考慮し、平均動脈圧（全身の臓器にどれだけ安定して血液が供給されているかを示す指標）>80mmHgを目標としているが達成できている。
 経管栄養を開始。目標エネルギーの80％程度を目指して徐々に増やしていく。
 頭蓋内圧が高くならないよう、Na（ナトリウム）は150-155mEq/Lの範囲をコントロールするために、3%塩化Na（ナトリウム）を投与する。
 血糖値は適切は範囲に入っており、スライディングスケール対応（血糖値に応じてインスリン量を調整して投与する方法）とする。
 今後の予定として、脳浮腫ピーク過ぎた手術後4日目あたりで頭部CTでフォローし、その後気管に入っているチューブを抜くことを目標にする。"
15_118C50_腎損傷_p5.txt,15_118C50_腎損傷,5,True,"S 糸が抜けて、いよいよ退院できると思うと嬉しいです。
O
GCS E4V5M6
RR 16 /min, HR 80 /min, BP 130/70 mmHg, SpO2 98%(室内気)
腹部平坦軟 自発痛、圧痛なし
腹部正中創　癒合良好　全抜糸
食事：経口摂取 常食10割
排便排ガスあり
リハビリ　階段昇降可
A/P
#右腎損傷
腎臓摘出術後15POD。本日全抜糸。
リハビリ状況も良く、明後日自宅退院の方針。

","S （客観的情報）糸が抜けて、いよいよ退院できると思うと嬉しいです。
 O（客観的情報）
 GCS（意識状態の評価）：E4（自分で開眼）V5（会話に問題なし）M6（指示に従う）
 呼吸数 16回/分, 心拍数 80回/分, 血圧 130/70 mmHg, 酸素飽和度（体内の酸素供給状態）98%（酸素を投与していない状態）
 腹部：平坦で軟らかい、安静にしている時に痛みなし、押さえた時に痛みなし
 腹部の真ん中を縦に切った傷、傷の治りは良好、全て抜糸
 食事：口からの摂取 常食（普通食）10割
 排便あり、排ガスあり
 リハビリ：階段の昇り降りができる
 A/P
 #右腎損傷（右側の腎臓の損傷）
 腎臓摘出術（腎臓を取り除く手術） 手術後15日目。本日全て抜糸。
 リハビリも順調、明後日自宅退院の方針。"
15_118C50_腎損傷_p1.txt,15_118C50_腎損傷,1,True,"S (挿管中)
O 
プロポフォール 120mg/hで鎮静、フェンタニル 40μg/hで鎮痛、RASS -3〜-4
人工呼吸器使用中、モード　A/C PC f 18 PIP 16 PEEP 6 FiO2 60% Ti 1.20
TV 420ml MV 7.56L/min 
P/F 200 pCO2 40 Torr
カテコラミン使用なし、MAP 70mmHg程度 Hr 80ml/h Lac 1.8
入室からのIn out balance +6000ml
Open abdomenで管理中、排液 80ml/day 淡々血性
電解質異常なし
Hb 8.9 g/dl, PLT 7 万/μl, Fbg 220 mg/dl 
血糖安定 スライディングスケール管理
抗菌薬：周術期にCEZ投与、閉腹24時間後に終了予定
SU prophylaxis PPI ivq12h
A/P
術後ICUに入室。Open abdomenで管理中。Lacは改善傾向。
大量輸血によるものかやや酸素化低下あり、呼吸器設定で対応。
術中にRBC 14U、FPP 14Uを行っており、帰室後にPC 10U投与する。
明日2nd lookを行い、問題なければ閉腹予定。

","S（主観的情報） 
 (挿管中：気管の中に管が入っており声が出ない状態)
 O（客観的情報）
 プロポフォール（鎮静剤） 1時間に120mgで鎮静、フェンタニル（鎮痛剤）1時間に 40μgで鎮痛、鎮静スケール（RASS） -3〜-4
 人工呼吸器（呼吸を補助する装置）使用中、モード：A/C（患者の呼吸のタイミングに合わせて人工呼吸器がサポートする設定）・ PC（息を吸うときに一定の圧力をかける設定）、呼吸数（f：人工呼吸器での１分間の呼吸回数の設定）：18回/分、P最高気道内圧（PIP：人工呼吸器が息を送り込むときにかかる最高の圧力）：16cmH2O、 呼気終末陽圧（PEEP：息を吐ききった後も人工呼吸器で少し圧を残しておく設定）：6cmH2O、吸入酸素濃度（FiO2：吸い込む空気の中に含まれる酸素の割合）； 60%、吸気時間（Ti：1回の呼吸において息を吸うのにかける時間）1.20秒
 1回換気量（TV：回の呼吸で肺に出入りする空気の量）：420ml、 分時換気量（MV：1分間に肺が出入りする空気の総量）：7.56L/分 
 P/F比（肺がどれだけ効率よく酸素を取り込めているかの指標）：200, pCO2（二酸化炭素がどれだけ体から排出できているかの指標）：40 Torr
 カテコラミン（血圧や心臓の働きを調整する薬）使用なし、MAP 70mmHg程度、尿の量 1時間に80ml、ラクテート（血液中の乳酸の量）1.8mmol/L
 入室からの出納バランス +6000ml
 腹部を開いたままの状態で管理中、排液（傷からの体液などの流出） 1日80ml 淡血性（薄い赤〜ピンク色）
 電解質（血液中のミネラル）に異常なし
 ヘモグロビン（貧血の状態） 8.9 g/dl, 血小板数（血液の固まりやすさ）7 万/μl, フィブリノゲン（血液の固まりやすさ）220 mg/dl 
 血糖値は安定している、スライディングスケール管理（血糖値に応じてインスリン量を調整して投与する方法）
 抗菌薬：手術前後の期間にセファゾリンナトリウム（抗菌薬の一種）を投与、手術で腹部の傷を閉じてから24時間後に終了予定
 ストレス潰瘍予防策：プロトンポンプ阻害薬（ストレス潰瘍を予防・治療する薬）を12時間おきに静脈に注射
 A/P
 手術後、集中治療室に入室。腹部を開いたままの状態で管理中。ラクテート（血液中の乳酸の量）は改善傾向。
 大量に輸血したためかやや酸素化低下（血液の中に取り込まれる酸素の量が減っている状態）があり、人工呼吸器の設定を調整して対応。
 手術中に赤血球 14単位、新鮮凍結血漿（血を固めるタンパク質など）14単位を輸血した。帰室後に 血小板を10単位を輸血する。
 明日お腹の中を確認する手術（セカンドルック手術）を行い、問題がなければそのまま閉腹（お腹を閉じる）予定。"
16_118C59_熱中症_p1.txt,16_118C59_熱中症,1,True,"S うーん、ええと…
O
JCS Ⅱ-30, GCS E2V3M5
RR 18 /min, HR 115 /min, BP 105/70 mmHg, SpO2 94%(鼻カヌラ O2 2L/min) BT 37.7℃
尿量 40ml/h

血液検査(来院時採血)：尿素窒素 30mg/dL、クレアチニン 1.2mg/dL、Na 148mEq/L、K 4.6mEq/L、Cl 104mEq/L、CK 2360U/L、Hb 15.2g/dL、Ht 53％
A/P
#Ⅳ度熱中症
active coolingで加療を行い、遷延する意識障害のフォローおよび横紋筋融解症への処置目的にICU入院の方針となった。
腎障害については熱中症による臓器障害だけでなく腎前性腎障害の要素もありそうであり、補液 120ml/hで投与、尿量 0.5ml/kg/hは保たれている。
意識、呼吸、循環を引き続きモニタリング。 

","S（主観的情報）
 うーん、ええと…
 O（客観的情報）
 JCS Ⅱ-30（痛み刺激を加えつつ呼びかけを繰り返すと辛うじて開眼する）
 GCS（意識状態の評価）： E2（痛みによる刺激で目を開ける）V3（単語を発するが会話は成立しない）M5（痛み刺激に対して手で払いのける）
 呼吸数 18回/分, 心拍数 115回/分, 血圧 105/70 mmHg, 体温 37.7℃
 酸素飽和度（体内の酸素供給状態）：鼻から細いチューブで酸素2L/分を流した状態で94%
 尿の量 1時間に40ml程度
 
 血液検査(来院時の採血)：尿素窒素（腎臓の働き） 30mg/dL、クレアチニン（腎臓の働き） 1.2mg/dL、Na（ナトリウム） 148mEq/L、K（カリウム） 4.6mEq/L、Cl （クロール）104mEq/L、クレアチンキナーゼ（筋肉に存在する酵素） 2360U/L、ヘモグロビン（貧血の状態） 15.2g/dL、ヘマトクリット（貧血の状態） 53％
 A/P（評価/計画）
 #Ⅳ度熱中症（最重度の熱中症、高温多湿な環境で体温調節がうまく働かなくなった状態）
 積極的に体を冷却して治療を行い、長引く意識障害の経過観察と横紋筋融解症（筋肉が壊れて中の物質が血液に流れ出し、腎臓に悪影響を与える病気）への処置を行うために集中治療室へ入院の方針となった。
 腎臓の障害については熱中症による臓器へのダメージだけでなく腎前性腎障害（腎臓自体に異常はなく、腎臓に届く血液の量が足りなくなることで一時的に腎機能が低下する状態）の要素もありそうであり、点滴を1時間に120mlのスピードで投与、尿量が1日に体重1kgあたり 0.5mlは保たれている。
 意識、呼吸、心臓の働きを引き続き監視。"
16_118C59_熱中症_p5.txt,16_118C59_熱中症,5,True,"S お世話になりました。
O
意識清明
RR 16 /min, HR 60 /min, BP 115/70 mmHg, SpO2 96%(室内気) BT 36.7℃

血液検査：AST 12U/L、ALT 8U/L、尿素窒素 10mg/dL、クレアチニン 0.70mg/dL、Na 140mEq/L、K 3.7mEq/L、Cl 104mEq/L、CK 76U/L、Hb 12.2g/dL、Ht 37％

A/P
#Ⅳ度熱中症
active coolingで加療を行い、遷延する意識障害のフォローおよび横紋筋融解症のフォロー目的に入院となった。
経過良好、CKの正常化を確認した。
全身状態に問題ないため、第７病日に自宅退院予定

","S お世話になりました。
 O（客観的情報）
 意識ははっきりしている
 呼吸数 16回/分, 心拍数 60回/分, 血圧 115/70 mmHg, 体温 36.7℃
 酸素飽和度（体内の酸素供給状態）酸素を投与していない状態で96%
 血液検査：AST（肝臓の酵素） 12U/L、ALT（肝臓の酵素） 8U/L、尿素窒素（腎臓の働き）10mg/dL、クレアチニン（腎臓の働き） 0.70mg/dL、Na（ナトリウム） 140mEq/L、K（カリウム） 3.7mEq/L、クロール （Cl）104mEq/L、クレアチンキナーゼ（筋肉に存在する酵素） 76U/L、ヘモグロビン（貧血の状態） 12.2g/dL、ヘマトクリット（貧血の状態） 37％
 
 A/P（評価/計画）
 #Ⅳ度熱中症（最重度の熱中症、高温多湿な環境で体温調節がうまく働かなくなった状態）
 積極的に体を冷却して治療を行い、長引く意識の障害の経過観察と横紋筋融解症（筋肉が壊れて中の物質が血に流れ出し、腎臓に悪影響を与える病気）の経過観察のため入院となった。
 経過良好、クレアチンキナーゼ（筋肉に存在する酵素）が正常の値になっとことを確認した。
 全身の状態に問題ないため、入院７日目に自宅に退院の予定"
17_118D20_誤嚥性肺炎、偽膜性腸炎_p1.txt,17_118D20_誤嚥性肺炎、偽膜性腸炎,1,True,"S …（寝ている）
O　BP 120/71 63bpm BT 37.8℃　
A/P
#s/o 偽膜性腸炎
本日便培養提出。結果待ち。絶食し経過をみる。偽膜性腸炎を疑いメトロニダゾールを開始。ミヤBMも処方。
#誤嚥性肺炎
7日間抗生剤投与し症状改善傾向であり、下痢の原因も疑われ抗生剤終了し経過観察。

","S（主観的情報）
  …（寝ている）
 O 
 血圧 120/71mmHg, 心拍数 63回/分, 体温 37.8℃ 
 A/P（評価/計画）
 #s/o 偽膜性腸炎（抗生剤を使ったあとに起こる腸の炎症）
 本日便培養（便の中にいる細菌を調べる検査）提出。結果待ち。絶食し経過をみる。偽膜性腸炎を疑いメトロニダゾール（抗生剤）を開始。ミヤBM（整腸剤）も処方。
 #誤嚥性肺炎（食べ物や唾液が気管に入って細菌感染を起こす肺炎）
 7日間抗生剤を投与し症状は改善の傾向にあり、下痢の原因も疑われ抗生剤を終了し経過観察。"
17_118D20_誤嚥性肺炎、偽膜性腸炎_p5.txt,17_118D20_誤嚥性肺炎、偽膜性腸炎,5,True,"S　家には帰れないですか？
O　便培養　Clostridium difficile(+) 
BP 120/75 67bpm BT 36.6℃　摂食良好
A/P
#　偽膜性腸炎
炎症反応改善。下痢も徐々に改善している。メトロニダゾール投与中10日間投与後入れ切り終了。徐々に食上げを行い、食上げ終了次第退院予定。
# 廃用性症候群
夫と2人暮らし。脳梗塞後でもなんとかやれていたが、今回の長期入院により自立歩行は現段階では難しく介助が必要な状況。家族と相談し今後の方針について相談する。

","S（主観的情報） 
 家には帰れないですか？
 O（客観的情報） 
 便培養（便の中にいる細菌を調べる検査）：クロストリジウム・ディフィシル（抗生剤の使用で増えやすくなり腸に毒素を出して偽膜性腸炎を引き起こす菌）(+) 
 血圧 120/75mmHg, 心拍数67回/分, 体温 36.6℃, 食事摂取良好
 A/P（評価/計画）
 # 偽膜性腸炎（抗生物質を使ったあとに起こる腸の炎症）
 炎症反応が改善。下痢も徐々に改善している。メトロニダゾール（抗生剤）を投与しており10日投与し切って終了。徐々に食事を普通食に近づけていく。普通食になり次第退院の予定。
 # 廃用性症候群（使わないことで体と心の機能が衰える状態）
 夫と2人暮らし。脳梗塞（脳の血管がつまって脳の細胞が壊れてしまう病気）の後でもなんとかやれていたが、今回の長期入院により介助なしでの歩行は現段階では難しく介助が必要な状況。家族と相談し今後の方針について相談する。"
18_118D25_高血圧性心不全_p5.txt,18_118D25_高血圧性心不全,5,True,"S　栄養指導？受けたけど、あんなの無理だよ。俺飯作んねぇし、昼はコンビニだから難しい。それより食事足りないからコンビニ行っていい？
O　BP 130/71mmHg HR 65bpm BW 77kg SpO2 97%(RA) 尿量 1200ml/day
胸部Xp CPA dull   心エコー  IVC 15/7mm RV(+)
A/P
#高血圧性心不全
酸素化改善した。ラシックス20mg 2T2x朝、昼で内服へ。βblckerを導入したが、徐脈や心不全増悪はなし。MRA,SGLT2,ARB導入済み。栄養指導を行うも効果なし。ご家族に相談していただくのと、宅食を提案するか。
# HT
アジルバ20mg 1T, ニフェジピン20mg 2T2xで安定。二次性精査の結果確認し、明らかな二次性所見なし。腎動脈造影は退院後検討。

","S（主観的情報） 
 栄養指導？受けたけど、あんなの無理だよ。俺飯作んねぇし、昼はコンビニだから難しい。それより食事足りないからコンビニ行っていい？
 O（客観的情報） 
 血圧 130/71mmHg, 心拍数 65回/分. 体重 77kg, 酸素飽和度（体内の酸素供給状態）は酸素を投与していない状態で97%, 尿の量は 1日1200ml
 胸部レントゲン：CPA（肺の下端と横隔膜が交わる鋭角の部分） が丸くぼやけて見える
 心エコー：IVC（下大静脈径） 15mm（呼気時）/7mm（吸気時） 右心室（心臓の右下の部屋）の拡大あり
 A/P（評価/計画）
 #高血圧性心不全（長期間の高血圧により心臓に負担がかかった結果、心臓のポンプ機能が低下した状態）
 酸素化（吸い込んだ酸素が肺で血液に取り込まれ体中に運ばれるプロセス）が改善した。ラシックス（体の余分な水分を尿として出す利尿薬）20mg 1日2回朝・昼1錠ずつで内服へ。β遮断薬（高血圧の治療薬）を導入したが、徐脈（心拍数が異常に遅くなる状態）や心不全（心臓のポンプ機能が低下した状態）の悪化はなし。MRA（利尿剤）,SGLT2（血糖値を下げる薬）,ARB（血圧を下げる薬）の内服開始済み。栄養指導を行うが効果なし。ご家族に相談していただくのと、宅配食事サービスを提案するか。
 # 高血圧
 アジルバ（血圧を下げる薬）20mg 1錠, ニフェジピン（血圧を下げる薬、狭心症治療薬）20mg 1日2回1錠ずつで安定。二次性精査（二次性高血圧の原因を調べる検査）の結果を確認し、背景にある明らかな他の原因なし。腎動脈造影（腎臓に血液を送る血管の狭窄がないかを調べる検査）は退院後に検討。"
18_118D25_高血圧性心不全_p1.txt,18_118D25_高血圧性心不全,1,True,"S　少し楽になりました。
O　BP 140/78mmHg HR 90bpm BW 85kg SpO2 95%(6Lマスク) 尿量 1000ml/6h
心エコー　EF 70%(eyeball),有意な弁膜症なし, IVC 22mm RV(-)
A/P 
#高血圧性心不全
# HT
ラシックス1Aで尿量流出良好。胸水貯留は著明であり、2A2xで行っていく。血圧高値であり、外来でニトロを導入し現在8mL/hで安定している。明日、二次性高血圧の精査を含めたL/Dを提出予定。内服は明日朝よりアジルバ20mgから開始。酸素投与量が減り食事開始すればMRA、SGLT2を開始する予定。退院までにβblckerを導入する。

","S（主観的情報） 
 少し楽になりました。
 O（客観的情報） 
 血圧 140/78mmHg, 心拍数 90回/分, 体重 85kg, 酸素飽和度（体内の酸素供給状態）は酸素6Lマスクを使用して95%，尿の量：6時間で1000ml
 心臓のエコー：左室駆出率（心臓が1回の拍動でどれくらい血液を送り出せるかの割合） 70%（目視で確認）,明らかな弁膜症（心臓の中にある弁が正常に働かなくなる病気の総称）なし, 下大静脈径（静脈血を心臓に戻す血管の太さ）が 22 mm，右心室（心臓の右下の部屋）の拡大なし
 A/P （評価/計画）
 #高血圧性心不全（長期間の高血圧により心臓に負担がかかった結果、心臓のポンプ機能が低下した状態）
 # 高血圧
 ラシックス（体の余分な水分を尿として出す利尿薬）1本の投与で尿の流出は良好。胸水（肺のまわりにたまった液体）が多量にたまっているため、ラシックスを1日2回1本ずつで投与していく。血圧が高く、外来でニトロ（血管を広げる薬）の投与を開始した。現在1時間に8mLを持続的に投与し，血圧は安定している。明日、二次性高血圧（他の病気や薬の副作用が原因で起こる高血圧）の詳しい検査を含めた検査データを提出する予定。内服は明日の朝よりアジルバ（血圧を下げる薬）を20mgから開始。酸素の投与量が減り食事を開始すれば、MRA（利尿剤）、SGLT2（血糖値を下げる薬）を開始する予定。退院までにβ遮断薬（血圧を下げる薬）を導入する。"
19_118D57_慢性硬膜下血腫_p5.txt,19_118D57_慢性硬膜下血腫,5,True,"S 歩けるようになってきました。退院したいです。
O
JCS 0, GCS E4V5M6
RR 16 /min, HR 66 /min, BP 119/71 mmHg, SpO2 97%(室内気) BT 36.1℃
瞳孔　2.5mm/2.5mm 両側対光反射迅速

血液検査(来院時採血)：Na 146 mEq/L、K 3.8 mEq/L、Cl 110 mEq/L、CK 21 U/L、CRP 0.08 mg/dl、WBC 5800 /μL、Hb 9.9g/dL、Ht 29％
A/P
＃慢性硬膜下血腫
＃ベンゾジアゼピン離脱症候群

緊急穿頭洗浄血腫ドレナージ術　9POD。
痙攣発作再発なし、その他離脱症候群を疑う焦燥や不眠などないため、ジアゼパムを減量し、朝5mg、昼2.5mg、夜5mg内服の12.5mgに減量とする。
離床状況良好のため、明後日自宅退院とし、その後の内服調整をかかりつけに依頼とする。

","S（主観的情報） 
 歩けるようになってきました。退院したいです。
 O（客観的情報）
 JCS 0（意識がはっきりしている）
 GCS（意識状態の評価）： E4（自分で開眼）V5（時間・場所・人の認識に問題なし）M6（指示に従う）
 呼吸数 16 回/分, 心拍数 66 回/分, 血圧 119/71 mmHg, 酸素飽和度（体内の酸素供給状態）97%（酸素を投与していない状態）,体温 36.1℃
 瞳孔の大きさ：2.5mm/2.5mm, 両側対光反射（目に光を目に当てたときに瞳孔が小さくなる反射）：速い
 
 血液検査(来院時採血)：Na（ナトリウム） 146 mEq/L、K（カリウム） 3.8 mEq/L、Cl （クロール） 110 mEq/L、クレアチンキナーゼ（筋肉に存在する酵素） 21 U/L、CRP（炎症や感染の指標）0.08 mg/dl、白血球数（免疫の状態） 5800 /μL、ヘモグロビン（貧血の状態） 9.9g/dL、ヘマトクリット（貧血の状態）29％
 A/P
 ＃慢性硬膜下血腫（頭をぶつけた後、脳の表面と硬膜の間にゆっくり血がたまる病気）
 ＃ベンゾジアゼピン離脱症候群（ベンゾジアゼピン系の薬の急な中止や減量によって起こる体や心の不調）
 
 緊急穿頭洗浄血腫ドレナージ術（頭の中にたまった血の塊を取り除く手術） 手術後9日目。
 けいれん発作の再発なし、その他の離脱症候群（依存していた薬やアルコールを急にやめたときに起こる禁断症状）を疑う焦燥（あせり）や不眠などがないため、ジアゼパム（不安や緊張の軽減やけいれんを治療する薬）を減量し、朝5mg、昼2.5mg、夜5mg内服の計12.5mgに減量する。
 離床状況（寝ていた人がベッドから起きて動き出すこと）が良好のため、明後日自宅退院とし、その後の内服薬の調整をかかりつけに依頼する。"
19_118D57_慢性硬膜下血腫_p1.txt,19_118D57_慢性硬膜下血腫,1,True,"S ああ…はい⋯
O
JCS Ⅱ-10, GCS E3V4M6
RR 16 /min, HR 80 /min, BP 130/70 mmHg, SpO2 96%(室内気) BT 37.1℃
瞳孔　2.5mm/2.5mm 両側対光反射迅速
硬膜下ドレーン 20ml/day 旧血様
皮下ドレーン 10ml/day 旧血様 

血液検査(来院時採血)：尿素窒素 10mg/dL、クレアチニン 0.5mg/dL、Na 144mEq/L、K 4.2mEq/L、Cl 109mEq/L、CK 20U/L、CRP 0.9 mg/dl、WBC 7000 /μL、Hb 11.2g/dL、Ht 34％

A/P
＃慢性硬膜下血腫
本日緊急で穿頭ドレナージを施行。ドレーンを留置して帰室。
意識はやや改善傾向、術直後というのもあるだろう。
呼吸循環は安定している。
明日ドレーン抜去予定、早期退院検討。

","S（主観的情報） 
 ああ…はい…
 O（客観的情報）
 JCS Ⅱ-10（呼びかけで目を開ける）
 GCS（意識状態の評価）： E3（呼びかけで開眼する）V4（会話は成立するが混乱している）M6（指示に従う）
 呼吸数 16回/分, 心拍数 80回/分, 血圧 130/70 mmHg, ,体温 37.1℃
 酸素飽和度（体内の酸素供給状態）：96%（酸素を投与していない状態）
 瞳孔の大きさ：2.5mm/2.5mm，両側対光反射（目に光を目に当てたときに瞳孔が小さくなる反射）：迅速
 硬膜下ドレーン（脳の表面と硬膜の間にたまった血や液を排出するための管） 1日20ml 旧血様（古くなった血の色）
 皮下ドレーン（皮膚の下にたまった血や体液を外に出すための管） 1日10ml 旧血様 （古くなった血の色）
 
 血液検査(来院時の採血)：尿素窒素（腎臓の働き）10mg/dL、クレアチニン（腎臓の働き）0.5mg/dL、Na（ナトリウム） 144mEq/L、K（カリウム） 4.2mEq/L、Cl（クロール） 109mEq/L、クレアチンキナーゼ（筋肉に存在する酵素） 20U/L、CRP（炎症や感染の指標）0.9 mg/dl、白血球数（免疫の状態）7000 /μL、ヘモグロビン（貧血の状態）11.2g/dL、ヘマトクリット（貧血の状態）34％
 
 A/P（評価/計画）
 ＃慢性硬膜下血腫（頭をぶつけた後、脳の表面と硬膜の間にゆっくり血がたまる病気）
 本日緊急で穿頭ドレナージ（頭の骨に小さな穴を開けて血などを洗い流し、管で排出することで脳の圧迫を減らす手術）を行った。ドレーン（体の中にたまった血液などを外に出すための管）を入れて病室へ戻った。
 意識はやや改善傾向、手術直後というのもあるだろう。
 呼吸と心臓の働きは安定している。
 明日ドレーンを抜く予定、早期の退院を検討。"
20_118F56_高エネルギー外傷_p1.txt,20_118F56_高エネルギー外傷,1,True,"S (挿管中)
O 
プロポフォール 160mg/hで鎮静、フェンタニル 40μg/hで鎮痛、RASS -3〜-4
人工呼吸器使用中、モード　A/C PC f 16 PIP 20 PEEP 10 FiO2 60% Ti 1.20
TV 400ml MV 6.4L/min 
P/F 180 pCO2 42Torr
NAD 0.06γ、MAP 70mmHg程度 Hr 100ml/h Lac 1.3
入室からのIn out balance +4000ml
Open abdomenで管理中、排液 80ml/day 淡々血性
電解質異常なし
Hb 9.7g/dl, PLT 15万/μl, Fbg 190mg/dl FFP 2U投与
血糖安定 スライディングスケール管理
抗菌薬：周術期のCEZのみ、閉腹24時間後に終了
頚部の輪状甲状間膜切開部 感染徴候なし
SU prophylaxis PPI ivq12h
A/P
術後ICUに入室。Lacは改善傾向。腹腔内に大量血性腹水あり、洗浄後Open abdomenとした。
肥満体型であり、高PEEPを要している。
高用量の鎮静薬に伴い血圧低下があり少量のカテコラミンを使用しているが、それ以外の血圧低下の原因は現時点で明らかではない。
術中よりRBC 10U、FPP 8U、PC 10U投与を行っており、術後Fbgは250mg/dlを目標にFFP 2U投与する。
明日2nd lookを行い、問題なければ閉腹予定。

","S（主観的情報）
 (挿管中：気管の中に管が入っており声が出ない状態)
 O （客観的情報）
 プロポフォール（鎮静剤）1時間160mgを持続的に投与して鎮静、フェンタニル（鎮痛剤）1時間 40μgを持続的に投与して鎮痛、鎮静スケール（RASS） -3〜-4
 人工呼吸器（呼吸を補助する装置）使用中、モード：A/C（患者の呼吸のタイミングに合わせて人工呼吸器がサポートする設定）・ PC（息を吸うときに一定の圧力をかける設定）、呼吸数（f：人工呼吸器での１分間の呼吸回数の設定）：16回/分、最高気道内圧（PIP：人工呼吸器が息を送り込むときにかかる最高の圧力）：20cmH2O、呼気終末陽圧（PEEP：息を吐ききった後も人工呼吸器で少し圧を残しておく設定）10cmH2O、吸入酸素濃度（FiO2：吸い込む空気の中に含まれる酸素の割合）：60%、Ti 1.20秒
 1回換気量（TV：回の呼吸で肺に出入りする空気の量）：400ml, 分時換気量（MV：1分間に肺が出入りする空気の総量）：6.4L/分 
 P/F比（肺がどれだけ効率よく酸素を取り込めているかの指標）：180, pCO2（二酸化炭素がどれだけ体から排出できているかの指標）：42Torr
 ノルアドレナリン（血圧を上げる薬） 0.06γ、平均動脈圧（臓器の血流を反映する指標） 70mmHg程度, 尿の量 1時間に100ml, ラクテート（血液中の乳酸の量）：1.3mmol/L
 入室からの水分出納 +4000ml
 腹部の傷を開いたままでで管理中、傷からの排液 1日80ml 淡々血性（薄く血の混じった色）
 電解質（血液中のミネラル）に異常なし
 ヘモグロビン（貧血の状態） 9.7g/dl, 血小板数（血液の固まりにくさ） 15万/μl, ブリノゲン（血液の塊にくさ） 190mg/dl、 新鮮凍結血漿（血を固めるタンパク質など）2単位を投与
 血糖安定 スライディングスケール管理（血糖値に応じてインスリン量を調整して投与する方法）
 抗菌薬：手術前後の時期にセファゾリンナトリウム（抗菌薬の一種）のみ、閉腹（腹部の傷を閉じること）24時間後に終了
 首の輪状甲状間膜切開部（首の輪状軟骨と甲状軟骨の間） に感染の徴候なし
 ストレス潰瘍予防策：プロトンポンプ阻害薬（ストレス潰瘍を予防・治療する薬） を12時間おきに静脈に注射 
 A/P（評価/計画）
 手術後集中治療室に入室。ラクテートの値は改善傾向。腹腔内（お腹の中の空間）には大量に血の色の腹水があり、洗浄の後、腹部の傷を閉じずに開けたままにした。
 肥満体型であり、PEEPを要している。
 鎮静薬の用量が多かったため血圧の低下があり少量のカテコラミン（血圧や心臓の働きを調整する薬）を使用しているが、それ以外の血圧低下の原因は現時点で明らかではない。
 手術中より赤血球 10単位、新鮮凍結血漿（血を固めるタンパク質など）8単位、血小板10単位投与を行った。手術後フィブリノゲンは250mg/dlを目標に新鮮凍結血漿2単位を輸血する。
 明日2回目の目視での確認を行い、問題なければ腹部の傷を閉じる予定。"
20_118F56_高エネルギー外傷_p5.txt,20_118F56_高エネルギー外傷,5,True,"S お腹も痛くありません。退院決まって嬉しいです。
O
意識清明、RR 16 /min, HR 70 /min, BP 138/80 mmHg, SpO2 93%(室内気) BT 35.9℃
腹部 平坦軟 自発痛圧痛なし
経口摂取 常食10割
AST 14U/L ALT 17U/L ALP 22U/L γ-GTP 19U/L
WBC 5600 /μL, CRP 2.4 mg/dl
抗菌薬：
第3病日〜第6病日 CTRX
第6病日〜第9病日 ABPC/SBT
リハビリ：階段昇降可
低分子ヘパリン 2000IUq12h 第10病日に投与終了
A/P
#脾臓損傷
#誤嚥性肺炎
#偽胆石症
抗菌薬加療終了後リハビリ継続中、全身状態は問題なし。明日退院予定。
退院前に肺炎球菌ワクチン接種を案内予定。

","S（主観的情報）
 お腹も痛くありません。退院決まって嬉しいです。
 O（客観的情報）
 意識ははっきりしている、呼吸数 16回/分, 心拍数 70回/分, 血圧 138/80 mmHg, 酸素飽和度（体内の酸素供給状態）93%（酸素を投与していない状態）, 体温 35.9℃
 腹部：平坦で軟らかい、安静時に痛みなし、押さえた時に痛みなし
 口からの摂取：常食（普通食）10割摂取
 AST（肝臓の酵素）：14U/L， ALT（肝臓の酵素）：17U/L、 ALP（胆道の酵素）：22U/L， γ-GTP（胆道の酵素）：19U/L
 白血球数（免疫の状態）：5600 /μL, CRP（炎症や感染の指標） ：2.4 mg/dl
 抗菌薬：
 入院3日目〜入院6日目 CTRX（セフトリアキソンという抗菌薬の一種）を投与
 入院6日目〜入院9日目 Aライン血圧、体温チェック済
 リハビリ：階段の昇り降りができる
 低分子ヘパリン（血液を固まりにくくする薬） 2000IUを12時間おきに投与 入院10日目に投与終了
 A/P（評価/計画）
 #脾臓損傷（脾臓が損傷を受けた状態）
 #誤嚥性肺炎（食べ物や唾液が気管に入って細菌感染を起こす肺炎）
 #偽胆石症（胆のうや胆管に石がないのに、画像検査で石があるように見える状態）
 抗菌薬での治療終了後もリハビリを継続中、全身の状態は問題なし。明日退院の予定。
 退院前に肺炎球菌ワクチン（肺炎球菌による肺炎を予防するためのワクチン）接種を案内する予定。"
