doc_name,text,medications
12_118B35_緊張性気胸_p1,S　薬が効いてきたみたいで痛みは弱くなりました。\nO　BP 144/82mmHg SpO2 99%(RA)\nA/P \n#  右緊張性気胸\n本日ドレーン留置した。エアリークを観察しつつ、プランクテスト施行予定。\n疼痛管理に気を付ける。\n# 右第5肋骨骨折\n整形外科で併診してもらう。基本安静とのこと。\n\n,"['ロキソプロフェンナトリウム水和物', 'ジクロフェナクナトリウム', 'エトドラク', 'ピコスルファートナトリウム水和物', 'セレコキシブ', 'オキシコドン', 'トラマドール塩酸塩', 'センノシド', 'アセトアミノフェン', 'イブプロフェン', 'ケトプロフェン', '酸化マグネシウム', 'レバミピド']"
20_118F56_高エネルギー外傷.txt,年齢 | 70 | 性別 | 男性 | 入院日 | 2025.02.19 | 退院日 | 2025.03.05\nアレルギー情報 | なし\n# | 退院時診断 | 発生時期 | 転帰 | コメント\n1 | 脾臓損傷 | 2025.02.19 | 救命 | 脾臓摘出術施行\n | 誤嚥性肺炎 | 2025.02.21 | 改善 | \n | 偽性胆石症 | 2025.02.24 | 改善 | \n |  |  |  | \n主訴または入院理由 | 交通外傷\n入院までの経過（現病歴・既往歴・入院時現症など） | 70歳の男性。歩行中に乗用車にはね飛ばされたため救急車で搬入された。搬入時、GCS：E2V1M4、体温36.0℃。心拍数120/分、整。血圧130/70mmHg。呼吸数40/分。SpO2 90％（リザーバーマスク10L/分 酸素投与下）。体格は肥満型。心電図モニターと連続測定血圧計を装着した。動脈血ガス分析（リザーバーマスク10L/分 酸素投与下）：pH 7.15、PaCO2 50Torr、PaO2 60Torr、HCO3- 20mEq/L、BE −8.0mEq/L、Hb 9.0g/dL、Ht 30％。SpO2 80％（リザーバーマスク10L/分 酸素投与下）に低下していた。\n入院経過 | 来院直後より、胸郭挙上不十分でありAの異常と判断した。経口エアウェイを挿入し下顎挙上、用手的換気を行ったが換気不良であり気管挿管施行の方針としたが、声門が直視できず挿管困難であったため、輪状甲状靭帯切開を実施した。\n気道確保後にPrimary Surveyを再度実施しクリア。Secondary Surveyとして行ったダイナミック造影CTで脾臓周囲に血管外漏出像および大量の血性腹水を認めた。\n気道確保を気管挿管に切り替えたうえで、脾損傷に対して緊急で脾臓摘出術施行の方針となった。術前より大量輸血プロトコルを開始し、RBC、FFP、PCのバランス輸血を行った。術中に特記すべき合併症なくICUに帰室となった。\nその後も循環動態、呼吸動態は安定しており、第３病日に実施した造影CTでは術後の問題は無かったものの右下肺野に浸潤影を認め、誤嚥性肺炎の疑いから、CTRXの投与を開始した。第６病日に撮像した単純CTでは、浸潤影の縮小を認めるものの、胆嚢内に新たに胆石を認め、CTRX投与に伴う偽性胆石症が考えられた。抗菌薬をABPC/SBTに切り替え、呼吸状態に問題ないことや自発呼吸が良好に出現していることを確認しつつ第７病日に抜管とした。\nその後は抗菌薬の投与を終了しつつ、一般病棟でのリハビリおよび離床を進め、第15病日に退院となった。\n退院時状況 | 軽快,"['アムロジピンベシル酸塩', 'アトルバスタチンカルシウム水和物', 'リナグリプチン']"
18_118D25_高血圧性心不全_p3,"S ここの食事まずくて食えないよ。味がしない。量も少ない。ラーメンとかなら食べられる気がする。\nO　BP 147/75mmHg HR 72bpm BW 80kg SpO2 96%(1Lカヌラ) 尿量 2000ml/day\n胸部Xp CPA dull  CTR 62%\n心エコー  IVC 18mm RV(-)\nA/P\n#高血圧性心不全\n尿量保たれる。2A2xで引き続き酸素離脱まで継続予定。MRA,SGLT2,ARB導入済み。\n退院までにβblckerを導入する。\n# HT\nニトロは現在4mL/hで漸減できず。ニフェジピン20mg 2T2xで開始した。改善なければアジルバ→エンレスト導入検討。二次性精査L/D提出済み。 \n\n","['フロセミド', 'ダパグリフロジンプロピレングリコール水和物', 'スピロノラクトン', 'アジルサルタン', 'エサキセレノン', 'ニフェジピン', 'エプレレノン', 'ニトログリセリン', 'エンパグリフロジン']"
05_118F61-63_術後PE_p3,S：\n・・・苦しいのはおさまりました\n\nO：\n体温37.1℃。脈拍102/分、整。血圧134/76mmHg。呼吸数14/分。SpO2 98％（room air）\n\nA/P：\n＃右変形性膝関節症（TKA術後　12POD）\n＃術後感染\n＃術後PE\n\n術後感染→リオペにて洗浄デブリ後\nリオペ後2日で歩行訓練開始としたところ、突然の胸痛と呼吸困難が出現し、胸部造影CTでPEの診断\n\nICU入室し、救急科にて治療続けていただく\n\n,"['ヘパリンナトリウム', 'モンテプラーゼ']"
13_118B41-42_肝性脳症_p2,S　おはよう。\nO 体温36.5℃。心拍数76/分、整。血圧110/64mmHg。呼吸数14/分。SpO2 98％（room air）。\n眼球結膜に黄染あり\nアルブミン3.2g/dL、総ビリルビン3.2mg/dL、AST 68U/L、ALT 50U/L、γ-GT 60U/L、アンモニア152μg/dL（基準18～48）\nA/P 肝性脳症のため昨日入院した。ラクツロースとアミノレバンを開始している。昨日排便あり、引き続き排便コントロールを行なっていく。\n意識レベルは増悪なく、アンモニアはわずかに改善している。現加療を継続する。\n\n,"['肝不全用経口栄養剤', 'ラクツロース']"
20_118F56_高エネルギー外傷_p2,"S (挿管中)\nO \nプロポフォール 100mg/hで鎮静、フェンタニル 40μg/hで鎮痛、RASS -2〜-3\n人工呼吸器使用中、モード　A/C PC f 16 PIP 18 PEEP 8 FiO2 50% Ti 1.20\nTV 420ml MV 6.72L/min \nP/F 220 pCO2 40Torr\nCT：右下肺野に浸潤影\nカテコラミン使用なし、MAP 70mmHg程度 Hr 150ml/h Lac 1.2\n入室からのIn out balance +2500ml\n腹部正中創 パッキング中 浸出液少量\n左横隔膜下ドレーン 40ml/day 漿液性　骨盤底ドレーン 40ml/day 漿液性\nドレーンアミラーゼ陰性\nAST 24U/L ALT 16U/L ALP 50U/L γ-GTP 39U/L\n経管栄養 消化態栄養剤 10ml/h 360kcal タンパク量 22g/day\n内服再開\n排便なし\n利尿薬投与中\nHb 11.1g/dl, PLT 25万/μl, Fbg 280mg/dl 輸血需要なし\nWBC 12000 /μL, CRP 28 mg/dl\n抗菌薬：誤嚥性肺炎に対してCTRX開始\nSU prophylaxis PPI ivq12h\nDVT prophylaxis 低分子ヘパリン 2000IUq12h 投与開始\nA/P\n2POD。昨日閉腹しドレーン留置したがドレーン排液、性状も問題なし。\n炎症反応上昇あり造影CT撮像し術後経過は問題なかったが新規肺炎の指摘があった。\n血液培養、喀痰培養を提出しCTRXを開始。\n大量輸血により体液過剰であり、呼吸器設定はまだweaningが必要なため、利尿薬の投与を開始した。\n出血はコントロール出来ていそうであり、低分子ヘパリン開始。\n\n","['セフトリアキソンナトリウム水和物', '酢酸リンゲル液', 'プロポフォール', 'リンゲル液', 'マルトース加乳酸リンゲル液', 'ランソプラゾール', 'フェンタニル', '酸化マグネシウム', 'ピコスルファートナトリウム水和物', 'ソルビトール加乳酸リンゲル液', 'ブドウ糖加乳酸リンゲル液', 'ブドウ糖加乳酸維持液', '大建中湯', '六君子湯', 'フロセミド', 'センナ', '電解質輸液（維持液）', 'ブドウ糖加酢酸リンゲル液', 'オメプラゾール', '乳酸リンゲル液', 'マルトース加酢酸維持液', 'カンレノ酸カリウム', 'センノシド', '生理食塩液', 'ブドウ糖加酢酸維持液', 'エノキサパリンナトリウム']"
117B47-48_月経過多に伴う貧血-D,【39F】\n6ヶ月前～月経量↑、3ヶ月前～動悸・息切れ現れ、9/11入院、9/15退院。\n入院時検査: RBC371万、Hb8.5、Ht29%、Fe18、フェリチン12。\nCTにて子宮内約10cm腫瘤確認→子宮筋腫疑い。\n入院中はフェジン40mg点滴（1日2回）実施、症状軽快。\n退院時はフェロミア内服指示、2週後外来フォロー予定。,['クエン酸第一鉄ナトリウム']
16_118C59_熱中症,病歴および身体所見、検査結果から熱中症を疑い、深部体温を測定したところ40.4℃であり、Ⅳ度熱中症、横紋筋融解症と判断した。膀胱温をモニタリングしつつ、蒸散冷却法、冷却輸液の急速投与を開始した。\n\n深部体温は38℃以下を確認したものの、意識障害の残存、また横紋筋融解症のフォロー目的にICU入院の方針となった。\n\n第２病日までに尿量は確保されており、また循環動態も安定し、意識障害も改善が見られた。同日のCKは1136U/Lと改善を認めた。\n\n第３病日には全身状態の安定、また重篤な電解質異常もなく、一般病棟に移動のうえ、食事の経口摂取を開始した。ただし、高脂血症に対するスタチンの内服については、横紋筋融解症の誘因となっていた可能性もあることから中止し、ゼチーアで代替とした。\n\n第６病日にはCKも正常化し、全身状態に問題ないことから第７病日に退院となった。\n,['エゼチミブ']
11_118A57_穿孔性腹膜炎_p5,S　ありがとうございました。\nO 腹部は平坦、軟。圧痛なし。\n体温36.4℃。心拍数58/分、整。血圧108/54mmHg。呼吸数14/分。SpO2 99％（room air）。\nA/P 十二指腸穿孔に対して術後17日目、経過良好であり、本日退院とする。\n退院後もPPIは継続しておく。\n十二指腸潰瘍の原因精査目的としてピロリ菌感染の有無については外来で精査加療を行う。\n\n,"['ボノプラザンフマル酸塩', 'ラベプラゾールナトリウム', 'ランソプラゾール', 'エソメプラゾールマグネシウム水和物', 'オメプラゾール']"
14_118B43-44_急性硬膜下血腫_p1,S (気管挿管中)\nO \n頭位30°保持\nプロポフォール 160mg/hで鎮静、フェンタニル 40μg/hで鎮痛、RASS -5\n瞳孔径 2-/2-\n皮下ドレーン 30ml/day 旧血様\n頭部CT：MLSなし、血腫増悪なし、脳浮腫わずかに増悪あり\n人工呼吸器使用中、モード　A/C PC f 12 PIP 15 PEEP 5 FiO2 40% Ti 1.20\nTV 500ml MV 6.0L/min \nP/F 350 pCO2 35 Torr\nカテコラミン使用なし、MAP 85mmHg Hr 100ml/h Lac 1.7\n入室からのIn out balance +4000ml\n経管栄養開始　10ml/h 360kcal タンパク量 22g/day\n排便なし\n3%NaCl投与中 Na 150程度で経過\n血糖 150mg/dl程度で推移、スライディングスケールで対応中\nHb 12.0 PLT 15万 Fbg 250 輸血需要なし\n抗菌薬：周術期にCTRX使用あり、本日終了\nSU prophylaxis PPI ivq12h\nA/P\nT&Dの急性硬膜下血腫に対して緊急開頭血腫除去術 1POD。\nICPモニターなしでの管理だが、CTではわずかに脳浮腫が見られる程度でICP高値の懸念はない。脳浮腫のピークまでは深鎮静管理としておく。\n呼吸器系には問題なく、pCO2 35-40 Torr程度で管理する。\n術前にLac上昇があったが、術後に改善傾向となっている。尿量も十分量得られている。\nCPPを考慮し、MAP>80mmHgを目標としているが達成できている。\n経管栄養を開始。目標エネルギーの80％程度を目指して漸増していく。\nICP上昇を避けるため、Naは150-155mEq/Lを目標に3%NaClを用いてコントロールする。\n血糖値は至適範囲に入っており、スライディングスケール対応とする。\n今後の予定として、脳浮腫ピーク過ぎた4PODあたりで頭部CTフォローし、その後抜管を目標にする。\n\n,"['インスリンリスプロ', 'プロポフォール', 'インスリンデテミル', 'インスリングラルギン', '塩化ナトリウム', 'インスリンアスパルト', 'インスリングルリジン', 'インスリン ヒト', 'ランソプラゾール', 'イソフェンインスリン ヒト', 'インスリンデグルデク', 'フェンタニル', 'オメプラゾール']"
17_118D20_誤嚥性肺炎、偽膜性腸炎.txt,"年齢 | 80 | 性別 | 女性 | 入院日 | 2025/3/1 | 退院日 | 2025/3/18\nアレルギー情報 | なし\n# | 退院時診断 | 発生時期 | 転帰 | コメント\n1 | 誤嚥性肺炎 | 3月1日 | 軽快 | \n | 偽膜性腸炎 | 3月5日 | 軽快 | \n |  |  |  | \n |  |  |  | \n主訴または入院理由 | 誤嚥性肺炎\n入院までの経過（現病歴・既往歴・入院時現症など） | 80歳の女性。脳梗塞後、誤嚥性肺炎で入院となった。抗菌薬を7日間投与した。肺炎は軽快傾向にあるが、1日10回以上の水様性下痢が出現した。意識は清明。身長154cm、体重43kg。体温37.3℃。脈拍72/分、整。血圧136/80mmHg。呼吸数18/分。SpO2 97％（room air）。心音と呼吸音とに異常を認めない。腹部は平坦で、下腹部に軽い圧痛あり。血液所見：赤血球380万、Hb 11.0g/dL、白血球10,100、血小板21万。血液生化学所見：総蛋白7.3g/dL、アルブミン3.9g/dL、総ビリルビン0.8mg/dL、AST 30U/L、ALT 35U/L、LD 140U/L（基準124〜222）、γ-GT 30U/L（基準9〜32）、アミラーゼ100U/L（基準44〜132）、尿素窒素12mg/dL、クレアチニン0.8mg/dL、血糖98mg/dL。CRP 1.2mg/dL。腹部エックス線写真で異常を認めない。\n入院経過 | 上記の経過であり、入院加療を開始した。\n食止めを行い、抗生剤投与後の偽膜性腸炎を疑い便培養を提出、誤嚥性肺炎は改善傾向であったため抗生剤は終了とした。メトロニダゾールを開始した。全身状態は安定したため第3病日より食事を開始し徐々に食上げを行った。便培養からClostridium difficileが検出され偽膜性腸炎と診断した。第10病日には内服も終了した。廃用がすすんでおり、自宅の環境整備や施設入所が検討され、第18病日に療養型病院へ転院となった。\n退院時状況 | 軽快","['クロピドグレル硫酸塩', 'ランソプラゾール', '酸化マグネシウム']"
15_118C50_腎損傷.txt,"年齢 | 19 | 性別 | 男性 | 入院日 | 2025.03.12 | 退院日 | 2025.03.27\nアレルギー情報 | なし\n# | 退院時診断 | 発生時期 | 転帰 | コメント\n1 | 腎損傷 | 2025.03.12 | 腎摘出後に退院 | 腎動脈塞栓術施行。腎摘出術施行\n |  |  |  | \n |  |  |  | \n |  |  |  | \n主訴または入院理由 | 交通外傷、ショック\n入院までの経過（現病歴・既往歴・入院時現症など） | 19歳の男性。交通外傷のため救急車で搬入された。オートバイを運転中に転倒し、右側腹部をアスファルト路面に強打した。搬送中は意識清明で心拍数100/分、整。血圧120/80mmHg。事故発生から病院への搬送は約45分。搬入後、呼びかけには反応するが時々意識が途切れる。心拍数112/分、整。血圧90/60mmHg。呼吸数18/分。SpO2 96％（リザーバー付マスク10L/分 酸素投与下）。心音と呼吸音とに異常を認めない。右腹部は膨隆し圧痛がある。血液所見：赤血球330万、Hb 11.4g/dL、Ht 33％、白血球12,800（桿状核好中球2％、分葉核好中球78％、好酸球2％、好塩基球1％、単球3％、リンパ球14％）、血小板17万。血液生化学所見：総蛋白6.0g/dL、アルブミン3.9g/dL、AST 40U/L、ALT 42U/L、LD 189U/L（基準124〜222）、尿素窒素23mg/dL、クレアチニン0.8mg/dL、Na 141mEq/L、K 3.7mEq/L、Cl 107mEq/L。CRP 0.4mg/dL。直ちに乳酸リンゲル液の投与を開始した。尿道カテーテルを留置すると血尿を認める。\n入院経過 | 腹部造影CTの冠状断像では右腎に血管外漏出像を認め、右腎損傷に伴う出血性ショックの診断となった。初期輸液で血行動態安定したため、RCC:FFP:PCを1:1:1で輸血しながら選択的右腎動脈塞栓術を施行したが、処置中に再度血圧低下したため、ただちに腎摘出による根治的止血の必要があるものと判断し、緊急開腹手術施行の方針とした。術中・術後も輸血を続け、最終的に各14単位を投与し、最終的に循環動態の安定を得た。術後はICUに帰室とした。\n第４病日には、呼吸・循環動態の安定を確認し、また自発呼吸テストもクリアしたことから抜管とした。\n第７病日にフォローの造影CT実施としたところ、造影剤注入後より気分不快、全身性の発疹に続いて呼吸困難感の出現があり、アドレナリン0.5㎎の筋注およびそれに引き続いて、抗ヒスタミン薬・ステロイドの投与を行い、アナフィラキシーからの回復を得た。\n造影剤アレルギーとの判断から、以降エコーおよび単純CTにより、血種の存在有無を確認するが、特に問題なく経過。\n術後の創部にも問題がなく、第16病日に抜糸のうえ、第18病日に退院となった。\n退院時状況 | 右腎摘出術後に退院",['']
06_118F64-66_胸髄損傷_p1,"S：\nいたいです\n首とか背中とか全部痛い\n\n足が動かないのはなんでですか？\n治療すれば治りますよね？\n\nO：\n体温36.5℃。心拍数84/分、整。血圧130/62mmHg。呼吸数20/分。SpO2 98％（room air）。\nMMT(R/L): trap 5/5, del 5/5, bi 5/5, tri 5/5, brachio 5/5, ilio 1/1, quad 1/1, ham 1/1, ant.tib 0/0, gastro 0/0\n臍部から両下肢に感覚障害あり\n膝蓋腱反射とアキレス腱反射は両側減弱\n\nFAST：心臓周囲、胸腔、モリソン、脾臓周囲、ダグラスに液体貯留なし\nCT：明らかなエキストラなし　T10　T11骨折あり\nMRI：　T2でT10レベルに高信号あり\nA/P\n#胸椎骨折（T10,11）＃脊髄損傷（T10T11レベル）\n　＃下肢麻痺＃下肢感覚障害\n画像所見より上記診断\n外固定のまま明日待機的に後方固定術施行\nステロイドパルスは本日からえｍPSL1000mg/dayで３日間施行\n\n","['プレガバリン', 'メチルプレドニゾロンコハク酸エステルナトリウム', 'トラマドール塩酸塩', 'アセトアミノフェン', 'ガバペンチン', 'エトドラク', 'ジクロフェナクナトリウム', 'イミプラミン塩酸塩', 'セレコキシブ', 'チザニジン塩酸塩', 'バクロフェン', 'ケトプロフェン', 'モルヒネ塩酸塩水和物', 'エペリゾン塩酸塩', 'ロキソプロフェンナトリウム水和物', 'アミトリプチリン塩酸塩', 'コデインリン酸塩水和物', 'ダントロレンナトリウム水和物', 'ノルトリプチリン塩酸塩', 'オキシコドン', 'イブプロフェン']"
05_118F61-63_術後PE_p2,S：\n悪寒がします、膝は相変わらず痛い\nなんか腫れてるような気もする\n\nO：\n体温38.1℃。脈拍124/分、整。血圧88/50mmHg。呼吸数24/分。SpO2 96％（room air）\n\nA/P：\n＃右変形性膝関節症（TKA術後　7POD）\n＃術後感染\n\n発熱あり、術後人工関節感染を疑い、関節穿刺→Gram染色としたところ黄色ブドウ球菌の検出あり。\nMRSAおよびMSSA両方をカバーする目的で、バンコマイシンおよびセファゾリンの投与開始。\n血圧下がっており、呼吸数も多いことからプレショックの状態を考え、補液も1000mL/day追加で\n\n,"['酢酸リンゲル液', 'リンゲル液', 'マルトース加乳酸リンゲル液', 'トラマドール塩酸塩', 'アセトアミノフェン', 'チアラミド塩酸塩', 'エトドラク', '輸液用電解質液', 'バンコマイシン塩酸塩', 'セファゾリンナトリウム', 'ブドウ糖加乳酸リンゲル液', 'ソルビトール加乳酸リンゲル液', 'フルルビプロフェン\u3000アキセチル', 'ジクロフェナクナトリウム', 'ロルノキシカム', 'セレコキシブ', 'ケトプロフェン', 'ブドウ糖加酢酸リンゲル液', 'ザルトプロフェン', 'ロキソプロフェンナトリウム水和物', 'ナプロキセン', '乳酸リンゲル液', '生理食塩液', 'イブプロフェン']"
117B47-48_月経過多に伴う貧血,入院時より貧血に対してフェジン40mg1日2回の点滴を開始した。動悸や息切れの自覚症状は軽快し、貧血も徐々に改善を認めたため、第4病日に退院した。なお、腹部CT検査では子宮筋腫を疑う所見があり、症状の原因となっている可能性があるため、退院後に外来で治療方針を相談する。,"['乾燥硫酸鉄', 'クエン酸第一鉄ナトリウム']"
10_118A69_胆管結石胆管炎.txt,"年齢 | 76 | 性別 | 男性 | 入院日 | 2025/5/1 | 退院日 | 2025/5/9\nアレルギー情報 | なし\n# | 退院時診断 | 発生時期 | 転帰 | コメント\n1 | 総胆管結石性胆管炎 | 2025/4/30 | 軽快 | \n |  |  |  | \n |  |  |  | \n |  |  |  | \n主訴または入院理由 | 発熱、右季肋部痛\n入院までの経過（現病歴・既往歴・入院時現症など） | 76歳の男性。発熱と右季肋部痛とを主訴に来院した。昨日から右季肋部痛が出現し、今朝まで持続している。体温38.1℃。脈拍128/分、整。血圧124/86mmHg。呼吸数18/分。眼球結膜に黄染を認める。腹部は平坦、軟で、右季肋部に圧痛を認める。血液所見：白血球17,600。血液生化学所見：総ビリルビン6.9mg/dL、直接ビリルビン4.2mg/dL、AST 371U/L、ALT 297U/L、ALP 231U/L（基準38～113）、γ-GT 237U/L（基準13～64）、アミラーゼ52U/L（基準44～132）。CRP 16mg/dL。腹部超音波検査で胆嚢壁に異常を認めない。腹部単純CTでは胆管に高吸収の構造あり。\n入院経過 | 来院時には、発熱と右季肋部痛があり、血液検査で炎症反応の上昇および胆道系酵素の上昇を認めた。さらに、画像検査で胆管内に結石を疑う所見を認めることから、総胆管結石性胆管炎と診断し、加療目的に入院した。第1病日にERCPを行い、EST中切開ならびにERBD(7Fr、7cm)を行った。ERCPに伴う膵炎などの合併症はなく、第2病日に食事を再開した。発熱と腹痛は速やかに改善し、炎症反応は徐々に改善を認めた。第7病日に再度ERCPを行い、ERBD抜去と採石術を行った。その後も腹痛や発熱の再燃はなく経過は良好であり、第9病日に退院した。\n退院時状況 | 全身状態良好",['']
01_118B49-50_高Ca血症_p3,"S：\n体調問題ないです\nお父さんのこともあるから、早く退院したいです\n\nO：\n体温36.1℃．心拍数78/分，整．血圧122/68mmHg．呼吸数14/分．SpO2 99％（room air）\n意識　JCSⅡ-10\n\nHDS-R：19点\n\nA/P：\n#高Ca血症\n生食は500の3本回し継続\n離床問題無し\n食事の経口摂取良好\n明日の採血で問題無ければ退院とする\n\n＃高血圧症\nオルメテック10㎎1T1X, アムロジピン5mg1T1Xの投与継続\n\n＃認知症\nアリセプト3mg1T1Xの投与継続\nHDS-R：19点\n\n",['生理食塩液']
117C60-62_肺がん.txt,"年齢	76	性別	男性	入院日	2023/1/4	退院日	2023/1/23\nアレルギー情報	なし\n#	退院時診断	発生時期	転帰	コメント\n	SIADH	2022/12/27	軽快	\n	肺小細胞癌	不明	不変	\n主訴または入院理由	食欲不振と倦怠感\n入院までの経過（現病歴・既往歴・入院時現症など）	<現病歴>　1週間前から倦怠感と水様便（1日2回～4回）が出現した。食欲がなく、おかゆを無理に食べている。悪心はあるが嘔吐、腹痛、黒色便および血便はない。体重が3kg減少した。37℃台の微熱があるが悪寒戦慄はない。\n<既往歴>　高血圧症でカルシウム拮抗薬を内服している。アレルギーなし。\n<常用薬>　\n<生活歴>　妻と2人暮らし。喫煙は20歳から40本/日。飲酒歴はない。\n<家族歴>　兄が60歳台で大腸癌。\n<入院時身体・検査所見>\n意識は清明だがややぐったりしている。身長166cm、体重69kg。体温37.5℃。脈拍104/分、整。血圧86/50mmHg。呼吸数20/分。SpO2 96％（room air）。皮膚は乾燥し、色素沈着を認めない。眼瞼結膜と眼球結膜に異常を認めない。口腔内は乾燥しており咽頭発赤はない。頸静脈の怒張を認めない。甲状腺腫と頸部リンパ節を触知しない。心音と呼吸音に異常を認めない。腹部は平坦、軟で、圧痛はなく、肝・脾を触知しない。四肢末梢は冷たいがチアノーゼや浮腫を認めない。ばち指を認める。\n◆検査所見◆\n（血液検尿）\n尿所見：蛋白（－）、糖（－）、潜血（－）。血液所見：赤血球437万、Hb 12.3g/dL、Ht 34％、白血球5,400（好中球45％、好酸球21％、好塩基球1％、単球9％、リンパ球24％）、血小板23万。血液生化学所見：総蛋白6.3g/dL、アルブミン3.7g/dL、総ビリルビン0.5mg/dL、直接ビリルビン0.2mg/dL、AST 43U/L、ALT 78U/L、LD 169U/L（基準120～245）、ALP 200U/L（基準38～113）、γ-GT 96U/L（基準8～50）、CK 100U/L（基準30～140）、尿素窒素11mg/dL、クレアチニン1.0mg/dL、尿酸3.7mg/dL、血糖92mg/dL、Na 118mEq/L、K 4.6mEq/L、Cl 89mEq/L、Ca 8.4mg/dL。血清浸透圧240mOsm/L（基準275～288）、尿浸透圧572mOsm/L（基準50～1,300）、尿中Na 84mEq/L。\n（画像）\n胸部Xp　心拡大なし CPA sharp 左肺門縦隔部に浸潤影あり　CT　胸部：左上肺野中枢に辺縁不整の浸潤影あり　腹部：左副腎に辺縁整の充実性の腫瘤あり、肝臓　washoutがみられる2cm大の円状腫瘤\n病理所見：小型でN/C比の高い腫瘍細胞が特有な構造を作らずにびまん性に増殖している。\n入院経過	低Na血症であり同日入院し、電解質補正を行った。第3病日にNaは安定し、嘔気、水様便は改善した。また入院時の検査で左肺野の腫瘍の精査目的に気管支鏡検査を行った。病理診断から肺小細胞癌と診断された。\n肝転移もみられた。ご家族、本人と相談し、化学療法は行わない方針となった。長期の安静により独歩困難、帰宅は難しいと判断した。施設入所の方針となり1月23日に退院した。\n退院時状況	状態安定、施設入所。",['']
11_118A57_穿孔性腹膜炎_p2,"S　傷は痛いです。\nO  腹部は平坦、軟。創部に圧痛あり。\n体温37.0℃。心拍数82/分、整。血圧104/62mmHg。呼吸数16/分。SpO2 99％（room air）。\n赤血球481万、Hb 16.0g/dL、Ht 38％、白血球10,800、血小板21万、\n総蛋白5.6g/dL、アルブミン3.3g/dL、総ビリルビン0.7mg/dL、AST 22U/L、ALT 20U/L、LD 220U/L、ALP 50U/L（基準38～113）、γ-GT 30U/L（基準13～64）、アミラーゼ223U/L（基準44～132）、CK 432U/L（基準59～248）、尿素窒素30mg/dL、クレアチニン1.6mg/dL、尿酸16.2mg/dL、Na 132mEq/L、K 4.0mEq/L、Cl 96mEq/L、Ca 8.9mg/dL。CRP 32mg/dL。\nA/P 昨日に十二指腸穿孔に対して緊急手術を施行、穿孔部の縫合と腹腔内の洗浄を行なった。呼吸や循環動態は比較的安定しており、本日一般病棟に転棟する。\nリハビリも依頼して早期の離床を促す。排便と排ガスの状態を確認しながら食事も開始を検討する。\n\n","['ボノプラザンフマル酸塩', '酢酸リンゲル液', 'リンゲル液', 'マルトース加乳酸リンゲル液', 'アセトアミノフェン', 'ランソプラゾール', 'ラベプラゾールナトリウム', 'ソルビトール加乳酸リンゲル液', 'ブドウ糖加乳酸リンゲル液', 'ブプレノルフィン塩酸塩', 'ブドウ糖加乳酸維持液', 'セフメタゾールナトリウム', '電解質輸液（維持液）', 'ペンタゾシン', 'フロモキセフナトリウム', 'セフォチアム塩酸塩', 'エソメプラゾールマグネシウム水和物', 'ブドウ糖加酢酸リンゲル液', 'オメプラゾール', '乳酸リンゲル液', 'マルトース加酢酸維持液', '生理食塩液', 'ブドウ糖加酢酸維持液']"
02_118C66-68_脾損傷.txt,"年齢 | 61 | 性別 | 男性 | 入院日 | 2025.03.24 | 退院日 | 2025.04.09\nアレルギー情報 | なし\n# | 退院時診断 | 発生時期 | 転帰 | コメント\n1 | 脾臓損傷 | 2025.03.24 | 摘出 | 2025.03.24摘出術施行\n2 | 小腸損傷 | 2025.03.24 | 部分摘出 | 2025.03.24摘出術施行\n主訴または入院理由 | 交通外傷による脾臓損傷、小腸損傷\n入院までの経過（現病歴・既往歴・入院時現症など） | 61歳の男性。交通外傷のため救急車で搬入された。\n<現病歴> 乗用車で走行中に塀に衝突し腹部を強打し動けない状態だった。シートベルトを装着しておりエアバッグが作動していた。目撃者が救急車を要請した。\n<既往歴> 虚血性心疾患で抗血小板薬を服用している。\n<生活歴> 飲酒は機会飲酒。\n<家族歴> 父と兄が高血圧症で治療中である。\n<現　症> 意識は清明。身長162cm、体重54kg。体温37.0℃。心拍数112/分、整。血圧80/44mmHg。呼吸数26/分。SpO2 98％（リザーバー付マスク10L/分 酸素投与下）。皮膚は四肢に冷汗と湿潤を認める。眼瞼結膜と眼球結膜とに異常を認めない。口腔内は乾燥している。頸静脈の怒張を認めない。心音と呼吸音とに異常を認めない。腹部は膨満しており、肝・脾を触知しない。腸雑音は減弱している。\n◆検査所見◆\n血液所見：赤血球410万、Hb 10.1g/dL、Ht 40％、白血球10,300（好中球75％、好酸球1％、好塩基球1％、単球6％、リンパ球17％）、血小板32万。\n血液生化学所見：総蛋白7.2g/dL、アルブミン4.0g/dL、総ビリルビン0.9mg/dL、直接ビリルビン0.2mg/dL、AST 65U/L、ALT 34U/L、LD 177U/L（基準124～222）、ALP 55U/L（基準38～113）、γ-GT 32U/L（基準13～64）、アミラーゼ130U/L（基準44～132）、CK 382U/L（基準59～248）、尿素窒素22mg/dL、クレアチニン0.6mg/dL、尿酸6.2mg/dL、血糖228mg/dL、HbA1c 5.8％（基準4.9～6.0）、Na 142mEq/L、K 4.4mEq/L、Cl 97mEq/L。\n救急外来で直ちに細胞外液の投与を開始しつつ施行したFASTでは脾臓周囲に液体貯留を認めた。\nこの時点で腹腔内出血に伴う出血性ショックの病態を考え、大量輸血プロトコルの準備を進めた。\n初期輸液療法によりvital signsが安定したため続いて行った胸腹部造影CTでは血管外漏出像を伴う脾損傷、腹腔内遊離ガス及び腹腔内液体貯留を認めた。RBC：FFP：PCを１：１：１で投与開始するとともに気管挿管を行い、緊急手術施行の方針となった。\n入院経過 | 緊急手術では小腸，腸間膜および脾臓の損傷に対して小腸部分切除と脾臓全摘を行った。腹腔内の止血は得られ、また循環動態の安定も得られたことから、左横隔膜下およびダグラス窩にドレーン留置の上、閉腹とした。\n術後はそのままICUに入室となった。\n入室の呼吸・循環動態は安定。また入室時より膀胱内圧測定を開始した。\n第３病日に至るまで、呼吸・循環動態は安定して経過した。また膀胱内圧は8mmHg程度で推移し、ドレーン排液も連日少量であったことから、術後の再出血および腹腔内圧の上昇は示唆されなかった。\n第４病日にはドレーン抜去とし、また自発呼吸の出現を確認しながら、抜管とした。排ガスを確認しながら、順次食上げおよびリハビリを施行し、第14病日に抜糸を行い、第17病日には、食事自立で全量摂取、歩行自立で自宅退院となった。\n退院時状況 | 独歩で退院","['アスピリン', 'ボノプラザンフマル酸塩']"
18_118D25_高血圧性心不全,"上記の経過で入院となった。\n高血圧性心不全の診断で利尿薬、降圧薬調整を開始した。また、二次性高血圧の精査を開始した。第2病日は尿量流出良好であり、酸素化は改善がみられ、食事を開始した。内服も可能となったためARB,MRA,SGLT2を開始した。降圧は不十分であり、第3病日にニフェジピンを導入した。全身状態が安定してきたため第4病日にβ遮断薬を導入した。第5病日に酸素需要はなくなった。二次性高血圧について精査を行った血液検査では明らかな異常はみられず代謝異常は積極的に疑わない。腎動脈の狭窄は否定できず退院後造影CTを検討している。β遮断薬投与したが安定したため第7病日に増量した。\n塩分摂取は過多であったことより、栄養指導を家族へ行い食事改善を促した。内服に切り替えたが全身状態増悪なく安定していたため、第10病日に退院とした。\n","['ダパグリフロジンプロピレングリコール水和物', 'カンデサルタン\u3000シレキセチル', 'スピロノラクトン', 'テルミサルタン', 'アジルサルタン', 'オルメサルタン\u3000メドキソミル', 'エサキセレノン', 'ロサルタンカリウム', 'イルベサルタン', 'ニフェジピン', 'エプレレノン', 'バルサルタン', 'ビソプロロールフマル酸塩', 'カルベジロール', 'エンパグリフロジン']"
19_118D57_慢性硬膜下血腫, 来院同日に緊急穿頭洗浄血腫ドレナージ術を施行とし、ドレーンを留置して手技終了とした。翌日の頭部CTでは血腫の消失を認め、ドレーン抜去とした。\n第３病日の夜間に痙攣発作を認めたが、看護師からの報告で当直医師がたどり着いた時には痙攣は頓挫していた。気道閉塞はなく酸素化にも問題がないことを確認し、撮影した頭部CTでは第２病日に撮影したものと著変はなかった。\n原因検索として行った問診では、本人の不安神経症・不眠症から長年にわたってベンゾジアゼピン系睡眠薬（エチゾラム1mg3T3Xの処方を受けていたが、自己調節により１日に５ｍｇ以上飲むこともあるとのこと）を飲んでいたが、入院時に申告できておらず、当院入院に際し中断されていたことが判明した。\nベンゾジアゼピン離脱症候群として、まずはエチゾラム内服量をジアゼパム15㎎に換算し、1週間ごとに2.5mgずつ漸減する方針とした。\n第10病日に至るまで痙攣発作の再発を認めず、また不安焦燥・不眠などの症状も認めなかったことから、2.5㎎の減量を行い、その後の減量は処方医である精神科近医に依頼し、第12病日に退院となった。,['ジアゼパム']
16_118C59_熱中症_p3,"S 草刈りをしてたんです。そしたら段々意識朦朧としてきて…草刈りまでは体調良かったんですけどね。\nO\n意識清明\nRR 16 /min, HR 80 /min, BP 140/70 mmHg, SpO2 94%(室内気) BT 37.0℃\n尿量 1500ml/day\n\n血液検査：AST 21U/L、ALT 19U/L、尿素窒素 16mg/dL、クレアチニン 0.89mg/dL、Na 140mEq/L、K 3.9mEq/L、Cl 104mEq/L、CK 650U/L、Hb 12.4g/dL、Ht 36％\n\nA/P\n#Ⅳ度熱中症\nactive coolingで加療を行い、遷延する意識障害のフォローおよび横紋筋融解症のフォロー目的に入院となった。\n臓器障害の進行なし、CK値も改善傾向。\n本日ICU退室、経口摂取開始。\n内服状況をかかりつけに確認中。\n\n","['酢酸リンゲル液', 'リンゲル液', 'マルトース加乳酸リンゲル液', '乳酸リンゲル液', 'ソルビトール加乳酸リンゲル液', 'ブドウ糖加乳酸リンゲル液', 'マルトース加酢酸維持液', '電解質輸液（維持液）', '生理食塩液', 'ブドウ糖加乳酸維持液', 'ブドウ糖加酢酸維持液', 'ブドウ糖加酢酸リンゲル液']"
12_118B35_緊張性気胸.txt,年齢 | 38 | 性別 | 男性 | 入院日 | 2025/3/10 | 退院日 | 2025/3/18\nアレルギー情報 | なし\n# | 退院時診断 | 発生時期 | 転帰 | コメント\n1 | 気胸 | 2025/3/10 | 軽快 | \n |  |  |  | \n |  |  |  | \n |  |  |  | \n主訴または入院理由 | 交通外傷\n入院までの経過（現病歴・既往歴・入院時現症など） | 38歳の男性。交通外傷後の右胸部痛と呼吸困難とを主訴に救急車で搬入された。乗用車運転中に中央分離帯に正面衝突し胸部を強打した。意識は清明。体温35.4℃。心拍数108/分、整。血圧88/60mmHg。呼吸数28/分。SpO2 88％（リザーバー付マスク10L/分 酸素投与下）。瞳孔径は両側4mmで対光反射は正常である。発声は可能で口腔内分泌物はない。毛細血管再充満時間3秒である。皮膚には冷汗と湿潤を認める。頸静脈の怒張がみられる。右胸部は視診で胸郭膨隆、触診で皮下気腫、打診で鼓音および聴診で呼吸音減弱を認める。心音に異常を認めない。\n入院経過 | 胸部Xpにて右の緊張性気胸を認め、入院加療の判断となった。同日トロッカーカテーテルを留置し持続ドレナージを施行した。疼痛の訴えが強く、カロナール定期内服で疼痛管理を行った。第4病日にクランプテストを施行し、エアリークがみられ、第6病日に再度確認を行い、第8病日ドレーン抜去後退院となった。\n退院時状況 | 軽快,['アセトアミノフェン']
117C72-74_誤嚥性肺炎＋COPD.txt,"年齢	85	性別	男性	入院日	2024/1/10	退院日	2024/1/20\nアレルギー情報	なし\n#	退院時診断	発生時期	転帰	コメント\n	誤嚥性肺炎	2024/1/8	軽快	\n	COPD	不明	不変	\n主訴または入院理由	発熱と呼吸困難\n入院までの経過（現病歴・既往歴・入院時現症など）	<現病歴>　1年前から息切れのため自宅の階段を昇ることが困難となり、食事や飲水の際のむせが出現した。食事量も低下し、半年間で体重が5kg減少した。1週間前から咳嗽と喀痰が多くなり、2日前から38℃の発熱と呼吸困難がみられるようになったため家族に伴われて受診し、入院した。\n<既往歴>　15年前から高血圧症に対してアンジオテンシン変換酵素〈ACE〉阻害薬を内服している。5年前から物忘れが目立つようになり、2年前にAlzheimer型認知症と診断された。\n<常用薬>　\n<生活歴>　65歳まで会社員。現在は娘の家族と同居。喫煙は65歳まで20本/日を45年間。飲酒歴はない。自宅で猫を飼育している。\n<家族歴>　両親とも脳梗塞で死亡。\n<入院時身体・検査所見>\n意識は清明。身長160cm、体重43kg。体温38.0℃。脈拍120/分、整。 SpO2 85%　血圧122/78mmHg。呼吸数28/分。眼瞼結膜に異常を認めない。口腔内の衛生状態は不良である。心音に異常を認めない。呼吸音は両側でwheezesを、右背側でcoarse cracklesを聴取する。腹部は平坦、軟で、肝・脾を触知しない。浮腫を認めない。\n◆検査所見◆\n（血液検尿）\n血液所見：赤血球412万、Hb 13.1g/dL、Ht 40％、白血球9,800（好中球82％、好酸球2％、好塩基球0％、単球7％、リンパ球9％）、血小板34万。血液生化学所見：総蛋白5.8g/dL、アルブミン2.9g/dL、総ビリルビン1.1mg/dL、AST 14U/L、ALT 10U/L、LD 230U/L（基準120～245）、ALP 64U/L（基準38～113）、尿素窒素28mg/dL、クレアチニン1.5mg/dL、尿酸6.0mg/dL、血糖135mg/dL、Na 139mEq/L、K 4.7mEq/L、Cl 106mEq/L。CRP 5.1mg/dL。動脈血ガス分析（鼻カニューラ2L/分　酸素投与下）：pH 7.33、PaCO2 58Torr、PaO2 72Torr、HCO3- 30mEq/L。新型コロナウイルス〈SARS-CoV-2〉PCR検査は陰性であった。\n（画像）\n胸部Xp　CPA sharp 心拡大なし右中肺野の浸潤影あり　横隔膜が平低化あり　\nCT　両肺に広範な気腫、右背側に浸潤影あり　心電図　洞調律 ST変化なし\n入院経過	来院時SpO2 85%と低下あり、画像所見、血液検査所見より、COPDを背景とし誤嚥性肺炎を疑い、抗生剤加療を目的に同日入院とした。\n同日よりABPC/SBT 3g q8h、メチルプレドニゾロン80mg/day、SABAを開始した。第3病日には酸素化改善がみられた。メチルプレドニゾロンは第5病日に終了し、炎症反応が改善したことよりABPC/SBTは第7病日に終了した。全身状態が改善したため第10病日の1月20日に退院した\n退院時状況	独歩",['チオトロピウム臭化物水和物']
17_118D20_誤嚥性肺炎、偽膜性腸炎_p5,S　家には帰れないですか？\nO　便培養　Clostridium difficile(+) \nBP 120/75 67bpm BT 36.6℃　摂食良好\nA/P\n#　偽膜性腸炎\n炎症反応改善。下痢も徐々に改善している。メトロニダゾール投与中10日間投与後入れ切り終了。徐々に食上げを行い、食上げ終了次第退院予定。\n# 廃用性症候群\n夫と2人暮らし。脳梗塞後でもなんとかやれていたが、今回の長期入院により自立歩行は現段階では難しく介助が必要な状況。家族と相談し今後の方針について相談する。\n\n,"['メトロニダゾール', 'ラクトミン+糖化菌+酪酸菌', 'ビフィズス菌', 'ラクトミン+糖化菌', '酪酸菌']"
16_118C59_熱中症_p1,"S うーん、ええと…\nO\nJCS Ⅱ-30, GCS E2V3M5\nRR 18 /min, HR 115 /min, BP 105/70 mmHg, SpO2 94%(鼻カヌラ O2 2L/min) BT 37.7℃\n尿量 40ml/h\n\n血液検査(来院時採血)：尿素窒素 30mg/dL、クレアチニン 1.2mg/dL、Na 148mEq/L、K 4.6mEq/L、Cl 104mEq/L、CK 2360U/L、Hb 15.2g/dL、Ht 53％\nA/P\n#Ⅳ度熱中症\nactive coolingで加療を行い、遷延する意識障害のフォローおよび横紋筋融解症への処置目的にICU入院の方針となった。\n腎障害については熱中症による臓器障害だけでなく腎前性腎障害の要素もありそうであり、補液 120ml/hで投与、尿量 0.5ml/kg/hは保たれている。\n意識、呼吸、循環を引き続きモニタリング。 \n\n","['酢酸リンゲル液', 'ブドウ糖加乳酸維持液D-マンニトール', 'リンゲル液', 'D-マンニトール', 'マルトース加乳酸リンゲル液', '乳酸リンゲル液', 'ソルビトール加乳酸リンゲル液', 'ブドウ糖加乳酸リンゲル液', 'マルトース加酢酸維持液', '電解質輸液（維持液）', '濃グリセリン+果糖', '生理食塩液', 'ブドウ糖加乳酸維持液', 'ブドウ糖加酢酸維持液', 'ブドウ糖加酢酸リンゲル液']"
06_118F64-66_胸髄損傷.txt,年齢 | 35 | 性別 | 男性 | 入院日 | 2025.03.17 | 退院日 | 2025.04.18\nアレルギー情報 | なし\n# | 退院時診断 | 発生時期 | 転帰 | コメント\n1 | 第10第11胸髄損傷 | 2025.03.17 | 麻痺残存 | 2025.03.18 T9-11後方固定術施行\n主訴または入院理由 | 高所からの転落、下肢不随\n入院までの経過（現病歴・既往歴・入院時現症など） | 35歳の男性。高所からの転落のため救急車で搬入された。\n<現病歴> 本日、塗装作業中に3mの高さから転落した際、頸部、背部および腰部を強打した。下肢が動かせないため同僚が救急車を要請した。\n<既往歴> 15歳時に急性虫垂炎で手術。\n<生活歴> 妻、長男および次男と4人暮らし。喫煙歴はない。飲酒は機会飲酒。\n<家族歴> 父親が認知症で加療中である。\n<現　症> 意識は清明。身長172cm、体重75kg。体温36.5℃。心拍数84/分、整。血圧130/62mmHg。呼吸数20/分。SpO2 98％（room air）。\n眼瞼結膜と眼球結膜とに異常を認めない。心音と呼吸音とに異常を認めない。頸部から腰部にかけて疼痛を認めた。上肢の筋力は正常である。自力歩行はできない。両腸腰筋と大腿四頭筋の収縮は認められるが、関節運動は認めない。両足関節の自動運動も認めない。臍部から両下肢に感覚障害を認めた。膝蓋腱反射とアキレス腱反射は両側に減弱を認めた。\nFASTでは体腔に液体貯留を認めず、呼吸・循環動態は安定していたことから行ったCTでは実質臓器の損傷やエクストラは認めず、T10骨折を認めた。引き続いて行ったMRIではT10レベルでの脊髄損傷および、椎体骨折の診断となったため、入院加療の方針となった。\n入院経過 | 救急外来での検査中、麻痺の進行は認めず、外固定のまま翌日待機的に後方固定術施行の方針となった。\n入院当日よりステロイドパルス療法を開始とした。\n第２病日にはT9-T12後方固定術を施行した。\n第3病日より、ギャッジアップ開始。\n第４病日より硬性コルセットを装着したうえで、ベッド上端坐位のリハビリを続けた。第14病日に撮像のX線では、術後の固定性は良好であり、リハビリ病棟に転棟となった。\n両下肢の筋力低下はMMT2程度までの改善は認めたものの、立位や補助具を用いた歩行は困難であり、また臍部以下の感覚障害も残存する形となった。\n自己排尿および排便は困難であり、膀胱留置カテーテル留置のうえ、排便コントロールについては家族に入念な指導を行った。\n本人、家族からも麻痺が残存するのであれば早期の退院を希望するとのことで、第33病日に車いすで自宅退院となった。\n退院時状況 | 下肢運動障害、感覚障害残存,['']
16_118C59_熱中症.txt,年齢 | 83 | 性別 | 男性 | 入院日 | 2024.07.19 | 退院日 | 2025.07.25\nアレルギー情報 | なし\n# | 退院時診断 | 発生時期 | 転帰 | コメント\n1 | 熱中症 | 2025.07.19 | 軽快 | \n | 横紋筋融解症 | 2025.07.19 | 軽快 | \n |  |  |  | \n |  |  |  | \n主訴または入院理由 | 意識障害\n入院までの経過（現病歴・既往歴・入院時現症など） | 83歳の男性。意識障害のため救急車で搬入された。夏の日中に長時間の草刈り作業中、ふらつきを訴えていた。その後、意識がもうろうとなっているところを周囲の作業者が気付き、救急車を要請した。\n2型糖尿病と高血圧症、高脂血症で内服治療中である。\n意識レベルはJCS III-100。体温38.3℃。心拍数120/分、整。血圧92/50mmHg。呼吸数24/分。SpO2 98％（マスク5L/分 酸素投与下）。\n口腔内は乾燥しており、全身に発汗を認める。\n血液所見：Hb 15.2g/dL、Ht 53％。\n血液生化学所見：尿素窒素30mg/dL、クレアチニン1.2mg/dL、血糖98mg/dL、Na 148mEq/L、K 4.6mEq/L、Cl 104mEq/L、CK 2360U/L\n入院経過 | 病歴および身体所見、検査結果から熱中症を疑い、深部体温を測定したところ40.4℃であり、Ⅳ度熱中症、横紋筋融解症と判断した。膀胱温をモニタリングしつつ、蒸散冷却法、冷却輸液の急速投与を開始した。\n\n深部体温は38℃以下を確認したものの、意識障害の残存、また横紋筋融解症のフォロー目的にICU入院の方針となった。\n\n第２病日までに尿量は確保されており、また循環動態も安定し、意識障害も改善が見られた。同日のCKは1136U/Lと改善を認めた。\n\n第３病日には全身状態の安定、また重篤な電解質異常もなく、一般病棟に移動のうえ、食事の経口摂取を開始した。ただし、高脂血症に対するスタチンの内服については、横紋筋融解症の誘因となっていた可能性もあることから中止し、ゼチーアで代替とした。\n\n第６病日にはCKも正常化し、全身状態に問題ないことから第７病日に退院となった。\n退院時状況 | 軽快,"['アムロジピンベシル酸塩', 'エゼチミブ', 'リナグリプチン']"
09_118A19_肺血栓塞栓症, CTで血栓がみられ、肺塞栓、下肢静脈血栓症と診断し血栓溶解目的に入院加療とした。\nヘパリンを投与し徐々に酸素化改善がみられ、第3病日にCTでも血栓の縮小がみられた。第4病日に内服薬に切り替え、第5病日に酸素化改善した。第8病日に労作時の酸素化低下も改善したため第10病日に退院とした。\nまた、血栓素因については血液検査で陰性であり、再発がなければ今回の治療で一度抗凝固薬終了の方針とした。\n,"['ワルファリンカリウム', 'アピキサバン', 'エドキサバントシル酸塩水和物', 'リバーロキサバン']"
14_118B43-44_急性硬膜下血腫_p2,S (刺激でうっすら開眼する)\nO \n頭位30°保持\nプロポフォール 投与終了、フェンタニル 20μg/hに減量\nGCS E3VTM5\n瞳孔径 4+/4+\n頭部CT：MLSなし、薄い硬膜下水腫あり、脳浮腫は改善\n人工呼吸器使用中、モード　PSV PS 6 PEEP 5 FiO2 30% \nf 15 TV 450ml MV 6.7L/min \nP/F 315 pCO2 37 Torr\nカテコラミン使用なし、MAP 80mmHg Hr 80ml/h Lac 0.4\n入室からのIn out balance +2000ml\n経管栄養開始　30ml/h 1080kcal タンパク量 66g/day\n泥状便あり\n3%NaCl投与終了後もNa 140mEq/L後半で経過\n血糖 150mg/dl程度で推移、スライディングスケール対応\nHb 13.1 PLT 21万 Fbg 300 輸血需要なし\n抗菌薬：使用なし\nSU prophylaxis PPI ivq12h\n\nA/P\nT&Dの急性硬膜下血腫に対して緊急開頭血腫除去術 4POD。\n頭部CTフォローで術後経過問題なく、本日よりSAT開始。\n徐々に覚醒が得られてきており、抜管出来る可能性がある。引き続きSAT、SBT行っていく。\n経管栄養は設定した急性期の投与量を達成した。\n電解質、血糖なども懸念なし。 \n\n,"['インスリンリスプロ', 'インスリンデテミル', 'タンニン酸アルブミン', 'ビフィズス菌', 'インスリングラルギン', 'ロペラミド塩酸塩', 'イソフェンインスリン ヒト', 'フェンタニルクエン酸塩', 'インスリンアスパルト', 'インスリングルリジン', 'インスリン ヒト', 'ビフィズス菌+ラクトミン', 'インスリンデグルデク', 'ラクトミン+糖化菌', '天然ケイ酸アルミニウム', '酪酸菌']"
14_118B43-44_急性硬膜下血腫_p3,"S (右手で離握手可能、追視あり)\nO\nGCS E4VTM6　瞳孔径 4+/4+\nMMT 上肢 左1/右4　下肢 左1/右4\nSBTクリアし抜管、SpO2 99% (酸素マスク O2 4L/min)\nHR 100 /min, BP 150/80 mmHg\n腎電解質問題なし\n経管栄養 間欠投与に変更 1400kcal/day タンパク量 75g/dayl \n排便コントロール良好\n血糖コントロール良好\n輸血需要なし\n抗菌薬：使用なし\nSU prophylaxis PPI ivq12h\nA/P\nT&Dの急性硬膜下血腫に対して緊急開頭血腫除去術 5POD。\n全身状態は安定、SBT クリアしたため抜管とした。\n抜管後に神経診察を行い、左不全片麻痺が残存していることがわかった。\n高次脳機能障害については抜管直後でありICUせん妄などの要素もありうるため引き続き評価を行っていく。\n\n","['ランソプラゾール', 'インスリンアスパルト', '酸化マグネシウム', 'ラクトミン+糖化菌', '酪酸菌', 'ピコスルファートナトリウム水和物', 'インスリンリスプロ', 'ダイオウ', 'タンニン酸アルブミン', 'イソフェンインスリン ヒト', 'インスリンデテミル', 'インスリングラルギン', 'インスリン ヒト', 'インスリンデグルデク', '天然ケイ酸アルミニウム', 'ビフィズス菌+ラクトミン', 'オメプラゾール', 'ビフィズス菌', 'ロペラミド塩酸塩', 'センノシド', 'インスリングルリジン']"
09_118A19_肺血栓塞栓症_p2,S　ここ数日僕はおかしかったんですね。\nO　BP 120/78mmHg 　SpO2 98%(２Lカヌラ)\nA/P\n# PTE/DVT\nヘパリンを開始し適宜ATPP観察していく。明日CTを行い経過をみる。\n若年の発症であり、長期間同じ姿勢を取っていたわけでもないこと、父親のエピソードもあり血栓因子ついて血液検査を提出した。\n\n,"['ワルファリンカリウム', 'ヘパリンナトリウム']"
11_118A57_穿孔性腹膜炎_p3,"S 痛みはなんとか‥\nO　腹部は平坦、軟。創部に圧痛あり。\n体温36.8℃。心拍数64/分、整。血圧104/64mmHg。呼吸数14/分。SpO2 99％（room air）。\n赤血球402万、Hb 14.0g/dL、Ht 36％、白血球9,600、血小板24万、\n総蛋白5.2g/dL、アルブミン3.6g/dL、総ビリルビン0.6mg/dL、AST 24U/L、ALT 18U/L、LD 224U/L、ALP 60U/L（基準38～113）、γ-GT 32U/L（基準13～64）、アミラーゼ156U/L（基準44～132）、CK 356U/L（基準59～248）、尿素窒素28mg/dL、クレアチニン1.2mg/dL、尿酸12.0mg/dL、Na 130mEq/L、K 3.8mEq/L、Cl 96mEq/L、Ca 8.9mg/dL。CRP 24mg/dL。\nA/P 術後2日目、炎症反応はさらに改善、腎機能も改善を認める。本日より食事開始、排便や排ガスを確認する。\n\n","['ボノプラザンフマル酸塩', 'ラベプラゾールナトリウム', 'トラマドール塩酸塩', 'ブプレノルフィン塩酸塩', 'アセトアミノフェン', 'ランソプラゾール', 'オキシコドン塩酸塩水和物', 'エソメプラゾールマグネシウム水和物', 'オメプラゾール']"
04_118E41-42_SAH.txt,"年齢 | 48 | 性別 | 女性 | 入院日 | 2025.03.18 | 退院日 | 2025.04.18\nアレルギー情報 | なし\n# | 退院時診断 | 発生時期 | 転帰 | コメント\n1 | くも膜下出血 | 2025.03.18 | 軽度の記憶障害あり | 3,18コイル塞栓術施行\n主訴または入院理由 | 突然の頭痛、嘔吐\n入院までの経過（現病歴・既往歴・入院時現症など） | 48歳の女性。突然の頭痛のため救急車で搬入された。\n現病歴：今夜8時、食事中に突然激しい頭痛と嘔吐をきたし、同居の夫が異変に気付き救急車を要請した。\n<既往歴>健康診断で高血圧を指摘されていたが、そのままにしていた。\n<生活歴>夫と2人暮らし。喫煙は20歳から10本/日。飲酒は機会飲酒。\n<家族歴>特記すべきことはない。\n<現　症>意識はややぐったりしている。自発開眼はなく、呼びかけで開眼する。痛み刺激でうなり声をあげるが、発語はない。痛み刺激で両上下肢は刺激部位を払いのける動作を示す。身長150cm、体重70kg。体温36.4℃。心拍数120/分、整。血圧200/106mmHg。呼吸数18/分。SpO2 100％（リザーバー付マスク10L/分 酸素投与下）。瞳孔径は右5.0mm、左5.0mm。対光反射は両側緩慢である。頸静脈の怒張を認めない。甲状腺や頸部リンパ節は触知しない。心音と呼吸音とに異常を認めない。腹部は平坦、軟で、肝・脾を触知しない。下腿に浮腫を認めない。\n<検査所見> 簡易血糖測定器で血糖は128mg/dLであった。\n入院経過 | 来院後ただちに行った頭部CTではくも膜下腔に高吸収域を認め、またCTAでは前交通動脈に動脈瘤を認め、くも膜下出血の診断となった。\nCT撮影直後より、呼吸動態に注意しながらセルシン1A投与による鎮静、およびニカルジピン持続投与による降圧を開始した。血圧目標は100-120mmHgとした。\nこの時点で脳外科担当医からのICにより、緊急でコイル塞栓術施行の方針となった。\n救急外来にて血圧コントロールを継続しながら、愛護的に気管挿管を行い、血管内治療室へ移動となった。\n右鼠径部アプローチにて、前交通動脈動脈瘤に到達。コイルによる塞栓を確認して手術を終了とした。術中に重篤な合併症を認めなかった。\nICU帰室後は鎮静・鎮痛下に人工呼吸器管理とし、腰椎ドレナージを挿入とした。\n翌日の頭部CTでは出血性の合併症など認めなかったため、脳血管攣縮予防としてピヴラッツ持続静注を15病日まで投与の方針としつつ体液管理・血圧管理を継続とした。\n第４病日には、鎮静のレベルを下げ、自発呼吸を確認しながら抜管とした。この時点で短期記憶障害を認めたものの、麻痺や失語症状は認めなかった\n第７病日に行ったMRI/MRAでは血管攣縮および新規梗塞巣は認めず、SCUに移動しつつ、ベッド上でのリハビリを継続した。\n第14病日までに血管攣縮の合併が無いことを確認しつつ、回復期リハ病棟へ転棟のうえADL回復のためのリハビリ施行の方針となった。\n第30病日に行ったMRI/MRAでは動脈瘤の再発等の異常所見を認めなかった。\n短期記憶障害は残るものの、自宅退院可能な状態となり、本人の希望もあったことから、第32病日に自宅退院となった。\n退院時状況 | 軽度記憶障害の残存あり",['アムロジピンベシル酸塩']
117B43-44_進行胃がん-B,＃胃体部癌、3型、HER2陰性\n＃肺転移\n2024/7/1-　SOX\n\n7/1入院精査、SOX導入、7/14退院\n有害事象はオキサリプラチンでの軽度末梢神経障害のみ\n\n2024/1から胸やけ、食欲不振\n5から呼吸困難、GFで胃癌\n既往内服なし\n喫煙：20歳から20本、入院2週前から禁煙\nHb9.1、Alb3、ALP200、CEA12.4、CA19-9 85.3\n\n肺転移：両肺に散在\nCT：胃体部肥厚、肝転移なし,"['ビフィズス菌', 'ロペラミド塩酸塩', 'ドンペリドン', 'メトクロプラミド']"
11_118A57_穿孔性腹膜炎.txt,"年齢 | 74 | 性別 | 男 | 入院日 | 2025/5/2 | 退院日 | 2025/5/19\nアレルギー情報 | なし\n# | 退院時診断 | 発生時期 | 転帰 | コメント\n1 | 穿孔性腹膜炎 | 2025/5/1頃 | 軽快 | \n |  |  |  | \n |  |  |  | \n |  |  |  | \n主訴または入院理由 | 腹痛、嘔吐\n入院までの経過（現病歴・既往歴・入院時現症など） | 74歳の男性。腹痛と嘔吐を主訴に救急車で搬入された。前日から腹痛があり食事を摂れなかった。早朝から嘔吐があったため救急車を要請した。28歳時に十二指腸潰瘍の治療歴がある。顔貌は苦悶様。身長160cm、体重50kg。体温37.2℃。心拍数144/分、整。血圧86/60mmHg。呼吸数22/分。SpO2 99％（マスク5L/分 酸素投与下）。皮膚は湿潤し冷汗あり。眼瞼結膜と眼球結膜とに異常を認めない。口腔内は乾燥している。心音に異常を認めない。腹部は板状硬で筋性防御を認める。血液所見：赤血球599万、Hb 19.0g/dL、Ht 55％、白血球12,000（分葉核好中球87％、好酸球0％、好塩基球0％、単球2％、リンパ球11％）、血小板19万、PT-INR 1.2（基準0.9～1.1）。\n血液生化学所見：総蛋白5.6g/dL、アルブミン3.3g/dL、総ビリルビン0.7mg/dL、AST 24U/L、ALT 18U/L、LD 204U/L（基準124～222）、ALP 46U/L（基準38～113）、γ-GT 29U/L（基準13～64）、アミラーゼ235U/L（基準44～132）、CK 632U/L（基準59～248）、尿素窒素33mg/dL、クレアチニン2.2mg/dL、尿酸16.4mg/dL、血糖206mg/dL、HbA1c 6.0％（基準4.9～6.0）、Na 137mEq/L、K 4.4mEq/L、Cl 98mEq/L、Ca 8.7mg/dL。CRP 40mg/dL。\n肺野条件の腹部CTではfree airを認める。\n入院経過 | 来院前日からの腹痛と嘔吐を訴えて受診した。身体所見では腹部の板状硬と筋性防御があることから、腹膜刺激症状を認める。血液検査でも著明な炎症反応の上昇があり、腹部CT検査でfree airを認めることから消化管穿孔と診断し、第1病日に緊急手術を行った。術中所見より穿孔部は十二指腸の球部であると判断して、穿孔部の吻合と腹腔内の洗浄を行なった。手術後はICUに入室した。呼吸や循環動態は安定しており、第2病日に一般病棟に転棟した。離床も行い、第3病日より食事を開始した。排便、排ガスもあり、徐々に食上げを行った後も経過は良好だった。第7病日にドレーンを抜去した。腎機能や炎症反応の改善も順調であり、リハビリののちに第18病日に退院した。\n退院時状況 | 全身状態は良好",['ボノプラザンフマル酸塩']
06_118F64-66_胸髄損傷_p2,"S：\n今は痛いとかはないです\n手術終わったんですか\nありがとうございました。\n\nO：\n体温36.2℃。心拍数78/分、整。血圧126/73mmHg。呼吸数16/分。SpO2 98％（room air）。\nMMT(R/L): trap 5/5, del 5/5, bi 5/5, tri 5/5, brachio 5/5, ilio 1/1, quad 1/1, ham 1/1, ant.tib 0/0, gastro 0/0\n臍部から両下肢に感覚障害あり\n膝蓋腱反射とアキレス腱反射は両側減弱\n\nA/P：\n#胸椎骨折（T10,11）＃脊髄損傷（T10T11レベル）\n　＃下肢麻痺＃下肢感覚障害\nT9-T12後方固定術を施行\n明日からギャッジ開始\n麻痺、感覚障害は改善なく残存している\nこのまま残存する可能性高い\n\n","['プレガバリン', 'トラマドール塩酸塩', 'アセトアミノフェン', 'チアラミド塩酸塩', 'ガバペンチン', '酸化マグネシウム', 'ピコスルファートナトリウム水和物', 'エトドラク', 'フルルビプロフェン\u3000アキセチル', 'ジクロフェナクナトリウム', 'ロルノキシカム', 'イミプラミン塩酸塩', 'セレコキシブ', 'チザニジン塩酸塩', 'バクロフェン', 'ケトプロフェン', 'モルヒネ塩酸塩水和物', 'エペリゾン塩酸塩', 'ザルトプロフェン', 'レバミピド', 'アミトリプチリン塩酸塩', 'ノルトリプチリン塩酸塩', 'ロキソプロフェンナトリウム水和物', 'ナプロキセン', 'コデインリン酸塩水和物', 'ダントロレンナトリウム水和物', 'センノシド', 'イブプロフェン']"
20_118F56_高エネルギー外傷_p1,"S (挿管中)\nO \nプロポフォール 160mg/hで鎮静、フェンタニル 40μg/hで鎮痛、RASS -3〜-4\n人工呼吸器使用中、モード　A/C PC f 16 PIP 20 PEEP 10 FiO2 60% Ti 1.20\nTV 400ml MV 6.4L/min \nP/F 180 pCO2 42Torr\nNAD 0.06γ、MAP 70mmHg程度 Hr 100ml/h Lac 1.3\n入室からのIn out balance +4000ml\nOpen abdomenで管理中、排液 80ml/day 淡々血性\n電解質異常なし\nHb 9.7g/dl, PLT 15万/μl, Fbg 190mg/dl FFP 2U投与\n血糖安定 スライディングスケール管理\n抗菌薬：周術期のCEZのみ、閉腹24時間後に終了\n頚部の輪状甲状間膜切開部 感染徴候なし\nSU prophylaxis PPI ivq12h\nA/P\n術後ICUに入室。Lacは改善傾向。腹腔内に大量血性腹水あり、洗浄後Open abdomenとした。\n肥満体型であり、高PEEPを要している。\n高用量の鎮静薬に伴い血圧低下があり少量のカテコラミンを使用しているが、それ以外の血圧低下の原因は現時点で明らかではない。\n術中よりRBC 10U、FPP 8U、PC 10U投与を行っており、術後Fbgは250mg/dlを目標にFFP 2U投与する。\n明日2nd lookを行い、問題なければ閉腹予定。\n\n","['酢酸リンゲル液', 'プロポフォール', 'ノルアドレナリン', 'リンゲル液', 'マルトース加乳酸リンゲル液', 'ランソプラゾール', 'フェンタニル', 'インスリンアスパルト', 'インスリンリスプロ', 'イソフェンインスリン ヒト', '新鮮凍結人血漿', 'インスリンデテミル', 'インスリングラルギン', 'インスリン ヒト', 'インスリンデグルデク', 'ブドウ糖加酢酸リンゲル液', 'オメプラゾール', '人赤血球液', '生理食塩液', 'インスリングルリジン']"
15_118C50_腎損傷_p1,"S (挿管中)\nO \nプロポフォール 120mg/hで鎮静、フェンタニル 40μg/hで鎮痛、RASS -3〜-4\n人工呼吸器使用中、モード　A/C PC f 18 PIP 16 PEEP 6 FiO2 60% Ti 1.20\nTV 420ml MV 7.56L/min \nP/F 200 pCO2 40 Torr\nカテコラミン使用なし、MAP 70mmHg程度 Hr 80ml/h Lac 1.8\n入室からのIn out balance +6000ml\nOpen abdomenで管理中、排液 80ml/day 淡々血性\n電解質異常なし\nHb 8.9 g/dl, PLT 7 万/μl, Fbg 220 mg/dl \n血糖安定 スライディングスケール管理\n抗菌薬：周術期にCEZ投与、閉腹24時間後に終了予定\nSU prophylaxis PPI ivq12h\nA/P\n術後ICUに入室。Open abdomenで管理中。Lacは改善傾向。\n大量輸血によるものかやや酸素化低下あり、呼吸器設定で対応。\n術中にRBC 14U、FPP 14Uを行っており、帰室後にPC 10U投与する。\n明日2nd lookを行い、問題なければ閉腹予定。\n\n","['インスリンリスプロ', 'プロポフォール', 'インスリンデテミル', '人赤血球液', 'セファゾリンナトリウム', 'インスリングラルギン', '人血小板濃厚液', 'ランソプラゾール', 'インスリンアスパルト', 'インスリングルリジン', 'インスリン ヒト', 'イソフェンインスリン ヒト', 'インスリンデグルデク', 'フェンタニル', 'オメプラゾール']"
12_118B35_緊張性気胸_p2,S　やっぱり薬切れると痛いですね。ちょっといきむとぼこぼこ出てきます。\nO　BP 125/62 mmHg SpO2 100%(RA) いきみ時にエアリークあり\nA/P \n#緊張性気胸\n疼痛管理良好。エアリークはあり、明後日以降にクランプテスト検討。\n# 右第5肋骨骨折\n整形外科で併診してもらう。基本安静とのこと。\n\n,"['ロキソプロフェンナトリウム水和物', 'ジクロフェナクナトリウム', 'エトドラク', 'コデインリン酸塩水和物', 'ピコスルファートナトリウム水和物', 'セレコキシブ', 'オキシコドン', 'トラマドール塩酸塩', 'センノシド', 'アセトアミノフェン', 'イブプロフェン', 'ケトプロフェン', 'モルヒネ塩酸塩水和物', '酸化マグネシウム', 'レバミピド']"
17_118D20_誤嚥性肺炎、偽膜性腸炎_p3,S　久々の食事嬉しいです。\nO　便培養提出中。BP 126/75 76bpm BT 37.0℃　食事10/10\nA/P\n#s/o 偽膜性腸炎\n偽膜性腸炎を疑いメトロニダゾールを開始。ミヤBMも処方。本日より食事開始。食欲もあり徐々に食上げを行う。\n#誤嚥性肺炎\n7日間抗生剤投与し症状改善傾向であり、下痢の原因も疑われ抗生剤終了し経過観察。\n\n,"['メトロニダゾール', '酪酸菌']"
09_118A19_肺血栓塞栓症.txt,"年齢 | 20 | 性別 | 男性 | 入院日 | 2025年2月1日 | 退院日 | 2025年2月10日\nアレルギー情報 | なし\n# | 退院時診断 | 発生時期 | 転帰 | コメント\n1 | 肺塞栓症 | 1月31日 | 軽快 | \n |  |  |  | \n |  |  |  | \n |  |  |  | \n主訴または入院理由 | 呼吸苦\n入院までの経過（現病歴・既往歴・入院時現症など） | 20歳の男性。胸部不快感と呼吸困難を主訴に来院した。これまでに何度か胸部不快感を自覚したが、医療機関を受診していなかった。昨日から呼吸困難が出現し、持続しているため受診した。既往歴に特記すべきことはない。家族歴は父親が20歳台で脳静脈洞血栓症を発症。意識は清明。体温36.2℃。脈拍96/分、整。血圧104/68mmHg。呼吸数24/分。SpO2 94％（room air）。心音と呼吸音とに異常を認めない。腹部は平坦、軟で、肝・脾を触知しない。下肢に軽度の浮腫を認める。血液所見：赤血球450万、Hb 14.5g/dL、Ht 42％、白血球6,200（好中球62％、好酸球1％、単球5％、リンパ球32％）、血小板22万、PT-INR 1.0（基準0.9〜1.1）、活性化部分トロンボプラスチン時間〈APTT〉30秒（基準対照32.2）、血漿フィブリノゲン288mg/dL（基準186〜355）、Dダイマー10μg/mL（基準1.0 以下）。血液生化学所見：総ビリルビン1.1mg/dL、LD 208U/L（基準124〜222）、尿素窒素22mg/dL、クレアチニン0.6mg/dL。CRP 0.3mg/dL。胸部エックス線写真で異常を認めない。\n入院経過 | CTで血栓がみられ、肺塞栓、下肢静脈血栓症と診断し血栓溶解目的に入院加療とした。\nヘパリンを投与し徐々に酸素化改善がみられ、第3病日にCTでも血栓の縮小がみられた。第4病日に内服薬に切り替え、第5病日に酸素化改善した。第8病日に労作時の酸素化低下も改善したため第10病日に退院とした。\nまた、血栓素因については血液検査で陰性であり、再発がなければ今回の治療で一度抗凝固薬終了の方針とした。\n退院時状況 | 軽快",['エドキサバントシル酸塩水和物']
08_118F70-72_有機リン中毒,"高度な意識障害、頻呼吸、酸素化低下などから、救急外来にて高度な気道確保が必要と判断し、ただちに気管挿管を実施した。\n引き続き行った各種検査では、尿所見：淡黄色透明、蛋白（－）、糖（－）、潜血（－）。血液所見：赤血球502万、Hb 15.1g/dL、Ht 48％、白血球12,400、血小板30万。血液生化学所見：総蛋白7.3g/dL、アルブミン4.6g/dL、総ビリルビン0.9mg/dL、直接ビリルビン0.3mg/dL、AST 22U/L、ALT 18U/L、LD 195U/L（基準124～222）、ALP 100U/L（基準38～113）、コリンエステラーゼ〈ChE〉40U/L（基準240～486）、尿素窒素12mg/dL、クレアチニン0.5mg/dL、血糖240mg/dL、Na 140mEq/L、K 3.1mEq/L、Cl 101mEq/L。CRP 11mg/dL。心電図は洞性頻脈でST-T変化は認めず。胸部エックス線写真で心胸郭比59％（臥位で撮影）。頭部単純CTで異常を認めなかった。\n\n息子の目撃情報からは薬物中毒が疑われ、上記の縮瞳や流涎、ChE低値などから有機リン中毒が強く疑われた。\n\n診断的治療として、アトロピン１ｍｇを静注したが散瞳を認めることはなく、有機リン中毒の診断と考えた。\n\n循環動態は保たれており、また呼吸動態についても気管挿管により安定が得られたことから、 活性炭投与後にICU入室とした。\n\nICU入室後よりアトロピン持続静注を開始とした。\n\n第２病日には、鎮静の効果もあり頻脈は消失しており、人工呼吸器管理にて呼吸状態も安定していた。\n\n第３病日以降では、ChEの値はむしろ悪化し10U/L程度で推移した。\n治療効果の判定としてChEを使用していることから、気管挿管による管理およびアトロピン静注を継続した。\n\n第７病日にはChEは82U/Lとなり、中毒症状の改善が示唆されたため、アトロピン静注は中止とした。\n第８病日にはSBT実施の上、抜管とした。\n\n抜管後は、呼吸・循環動態の変動や、痙攣発作もなく、意識清明で経過した。\n\n症状の再燃がないことを慎重に確認しつつ、第13病日に一般病棟に転棟のうえ、精神科リエゾンチームの介入を開始した。\n\n第14病日に、左膝関節の疼痛を訴え、歩行困難となったが関節穿刺により偽痛風と診断され、ロキソニン内服にて速やかに軽快した。\n今後は当院精神科通院することとし、第18病日に退院となった。\n","['ロキソプロフェンナトリウム水和物', 'レバミピド']"
16_118C59_熱中症_p2,"S うーん、ここは⋯病院ですか？ 何日かは⋯わかりません。\nO\nJCS I-2, GCS E4V4M6\nRR 16 /min, HR 100 /min, BP 120/60 mmHg, SpO2 96%(室内気) BT 37.4℃\n尿量 60ml/h\n\n血液検査：尿素窒素 25mg/dL、クレアチニン 1.0mg/dL、Na 145mEq/L、K 3.4mEq/L、Cl 109mEq/L、CK 1136U/L、Hb 13.7g/dL、Ht 42％\n\nA/P\n#Ⅳ度熱中症\nactive coolingで加療を行い、遷延する意識障害のフォローおよび横紋筋融解症のフォロー目的に入院となった。\n尿量は保たれており、循環動態安定、意識障害も改善傾向にある。\n血液検査で臓器障害の進行もなくCK値も改善傾向。\n明日より経口摂取開始とする。\n\n","['酢酸リンゲル液', 'D-マンニトール', 'リンゲル液', 'マルトース加乳酸リンゲル液', '乳酸リンゲル液', 'ソルビトール加乳酸リンゲル液', 'ブドウ糖加乳酸リンゲル液', 'マルトース加酢酸維持液', '電解質輸液（維持液）', '濃グリセリン+果糖', '生理食塩液', 'ブドウ糖加乳酸維持液', 'ブドウ糖加酢酸維持液', 'ブドウ糖加酢酸リンゲル液']"
117F59-61_クモ膜下出血.txt,"年齢	56	性別	女性	入院日	2025年1月1日	退院日	2025年1月29日\nアレルギー情報	なし\n#	退院時診断	発生時期	転帰	コメント\n1	くも膜下出血	2025年1月1日	軽快	同日緊急開頭クリッピング術\n主訴または入院理由	強い頭痛、意識障害\n入院までの経過（現病歴・既往歴・入院時現症など）	<現病歴>　自宅で家事をしていたところ、突然強い頭痛を訴えた。症状が改善しないため、長女が救急車を要請した。来院時にも激しい頭痛を訴えており、診察では項部硬直を認めた。頭部CT検査では、左シルビウス裂を中心にくも膜下出血を疑う所見を認め、前交通動脈瘤破裂によるものが考えられたため、手術加療目的に脳外科に入院した。\n<既往歴>　12歳時に急性虫垂炎で手術。2日前に頭痛があり、自宅近くの診療所で処方された鎮痛薬を内服している。\n<常用薬>　なし\n<生活歴>　夫、長女および長男との4人暮らし。30年前に会社を退職した。喫煙歴はない。飲酒は機会飲酒。\n<家族歴>　特記すべきことはない。\n<入院時身体・検査所見>\n意識レベルはJCS II -30。身長152cm、体重56kg。体温37.2℃。心拍数56/分、整。血圧192/102mmHg。呼吸数24/分。SpO2 96％（マスク5L/分　酸素投与下）。瞳孔径は両側3.0mm。項部硬直を認める。眼瞼結膜と眼球結膜とに異常を認めない。頭部に外傷はない。口腔内と咽頭とに異常を認めない。頸静脈の怒張を認めない。甲状腺腫と頸部リンパ節とを触知しない。心音と呼吸音とに異常を認めない。腹部は平坦、軟で、肝・脾を触知しない。浮腫を認めない。腱反射に異常を認めない。\n◆検査所見◆\n（血液検尿）\n所見：蛋白（－）、糖（－）。血液所見：赤血球453万、Hb 13.0g/dL、Ht 39％、白血球9,600（分葉核好中球52％、好酸球5％、好塩基球1％、単球5％、リンパ球36％）、血小板26万。血液生化学所見：総蛋白6.8g/dL、アルブミン3.9g/dL、総ビリルビン0.9mg/dL、直接ビリルビン0.3mg/dL、AST 30U/L、ALT 26U/L、LD 130U/L（基準120～245）、尿素窒素15mg/dL、クレアチニン0.7mg/dL、血糖88mg/dL、Na 138mEq/L、K 4.1mEq/L、Cl 100mEq/L。\n（画像）\n胸部Xp：CTR50%、肺野に異常所見なし\n頭部CT：左シルビウス裂を中心にくも膜下出血を認める\n心電図：HR50、SR、正常波形\n入院経過	約5mmの前交通動脈瘤破裂によるくも膜下出血と診断され、入院当日に緊急開頭クリッピング術が行われた。術後は再出血の兆候はなく、血圧管理や鎮静を必要としたため、ICUに入室した。第3病日には意識レベルが徐々に改善し、再出血は認められなかった。第10病日には全身状態が安定したため、一般病棟へ転棟した。理学療法・作業療法をはじめとするリハビリも行い、ADLの向上を図った。第27日目には自立歩行が可能となり、ADLもほぼ自立したことから、退院した。\n退院時状況	全身状態良好",['アムロジピンベシル酸塩']
11_118A57_穿孔性腹膜炎,来院前日からの腹痛と嘔吐を訴えて受診した。身体所見では腹部の板状硬と筋性防御があることから、腹膜刺激症状を認める。血液検査でも著明な炎症反応の上昇があり、腹部CT検査でfree airを認めることから消化管穿孔と診断し、第1病日に緊急手術を行った。術中所見より穿孔部は十二指腸の球部であると判断して、穿孔部の吻合と腹腔内の洗浄を行なった。手術後はICUに入室した。呼吸や循環動態は安定しており、第2病日に一般病棟に転棟した。離床も行い、第3病日より食事を開始した。排便、排ガスもあり、徐々に食上げを行った後も経過は良好だった。第7病日にドレーンを抜去した。腎機能や炎症反応の改善も順調であり、リハビリののちに第18病日に退院した。\n,"['ボノプラザンフマル酸塩', 'ラベプラゾールナトリウム', 'ランソプラゾール', 'エソメプラゾールマグネシウム水和物', 'オメプラゾール']"
117B41-42_急性虫垂炎.txt,"年齢	28	性別	男性	入院日	2024年5月5\n日	退院日	2024年5月9日\nアレルギー情報	なし\n#	退院時診断	発生時期	転帰	コメント\n1	急性虫垂炎	2024年5月4日	軽快	腹腔鏡下虫垂切除術5月5日\n主訴または入院理由	腹痛\n入院までの経過（現病歴・既往歴・入院時現症など）	<現病歴>　2024年5月4日から臍部を中心とした腹痛が出現し、その後、悪心、食欲不振を伴うようになった。翌朝になって痛みが右下腹部に移動し、悪化したため受診した。身体所見および画像検査より急性虫垂炎と診断し、手術加療目的に入院した。\n<既往歴>　5歳時に右鼠径ヘルニアで手術。\n<常用薬>   なし\n<生活歴>　妻、子ども（3歳）と同居。公務員。喫煙歴と飲酒歴はない。\n<家族歴>　父が58歳時に脳梗塞を発症。\n<入院時身体・検査所見>\n意識は清明。身長176cm、体重68kg。体温37.0℃。脈拍88/分、整。血圧128/76mmHg。呼吸数18/分。SpO2 97％（room air）。眼瞼結膜と眼球結膜とに異常を認めない。心音と呼吸音とに異常を認めない。腹部は平坦で、右下腹部に圧痛を認めるが反跳痛は認めない。四肢に異常を認めない。\n◆検査所見◆\n（採血検尿）\n血液所見：赤血球360万、Hb 12.1g/dL、Ht 38％、白血球10,200（好中球85％、好酸球1％、好塩基球1％、単球2％、リンパ球11％）、血小板28万。血液生化学所見：AST 16U/L、ALT 18U/L、LD 178U/L（基準120～245）、ALP 106U/L（基準38～113）、尿素窒素12mg/dL、クレアチニン0.6mg/dL、Na 142mEq/L、K 4.2mEq/L、Cl 102mEq/L。CRP 2.6mg/dL。\n（画像）\n胸部Xp：CTR45%、肺野に異常所見なし　\n腹部CT：虫垂の腫大と壁肥厚を認め、周囲の脂肪織濃度上昇を伴う\n心電図： HR70、SR、正常波形\n入院経過	入院翌日に腹腔鏡下虫垂切除術を施行した。術中所見では虫垂の腫大と炎症の所見を認めたが、穿孔や膿瘍形成はなかった。術後経過は良好であり、術後1日目より流動食を開始した。術後3日目には発熱や腹痛も消失し、炎症反応も改善傾向を示したため、術後4日目に退院した。\n退院時状況	全身状態良好",['アセトアミノフェン']
03_118C72-74_HHS,以上のことから高血糖高浸透圧症候群の診断として入院加療の方針となった.\n入院後より、ICUに入室。生理食塩水を1000mL/hrで急速投与および、インスリン10単位ボーラス投与のうえ持続静注（5U/hr）を開始した。\n以降は尿量、循環動態、血糖値、電解質などをモニタリングしながら、輸液投与量およびインスリン投与量を調整し、血糖の低下速度を維持するように調整を行った。\n第２病日には血糖は200mg/dL程度となり、ランタスおよびヒューマログ皮下注へとインスリン投与を切り替えていった。\nまた同日より意識状態は改善がみられ、一般病棟へ退室となった。\n第３病日には入院時認めた腎機能障害は正常化した。\n強化インスリン療法に加え、糖尿病食による食事指導を続け、血糖コントロールの安定が得られたが、第４病日にはスケールに沿って朝食前血糖82mg/dLで8単位インスリン投与と低血糖発作あり、持効型のランタス投与量を減らして対応し、その後、低血糖発作は認めなかった。\n血糖コントロールが落ち着き、全身状態も良好であることから第７病日に退院とした。\n退院時のインスリン投与量はランタス6単位／就寝前、ヒューマログ各４単位／朝昼夕食前とした。\n,"['インスリン\u3000リスプロ', 'インスリン\u3000グラルギン']"
02_118C66-68_脾損傷_p4,S　食事食べ始めました。トイレには自分で行けていますが排便はまだありません。\nO　\n意識清明\nHR 80　BP 120/70　SpO2 96％(室内気) BT 37.0℃\n腹部 平坦軟 自発痛圧痛なし\nグル音良好\n創部　感染徴候なし\n排便なし、排ガスあり\n食事：流動食 8割摂取\n血液検査：貧血進行なし、炎症反応上昇なし\nレントゲン；腸管拡張、niveauなし、小腸ガスあり\nA/P\n＃脾損傷\n＃小腸損傷\n7POD。昨日より流動食開始したが腹痛なく経過している。\n排ガスはあるが排便は未だなし、一時的に浸透圧下剤を追加しておく。\n離床が安定してきたため低分子ヘパリンを終了する。\n順次食上げし腹部症状フォローする。,['酸化マグネシウム']
19_118D57_慢性硬膜下血腫.txt,年齢 | 67 | 性別 | 男性 | 入院日 | 2025.04.21 | 退院日 | 2025.05.02\nアレルギー情報 | なし\n# | 退院時診断 | 発生時期 | 転帰 | コメント\n1 | 慢性硬膜下血腫 | 不明 | 改善 | \n | ベンゾジアゼピン離脱症候群 | 2025.04.23 | 近医通院継続 | \n |  |  |  | \n |  |  |  | \n主訴または入院理由 | 意識障害、立位困難\n入院までの経過（現病歴・既往歴・入院時現症など） | 67歳の男性。意識障害のため救急車で搬入された。1週間前から頭痛と悪心を自覚した。昨晩に両下肢の脱力が出現し体動困難となった。本日朝から意識状態が悪化したため家族が救急車を要請した。約1か月半前に転倒して頭部を打撲した。来院時の意識レベルはJCS II-20。体温36.3℃。心拍数64/分、整。血圧134/88mmHg。呼吸数16/分。SpO2 98％（room air）。瞳孔は両側2.5mm大で左右差は認めなかった。四肢の動きに左右差は認めないが、起立は困難であった。血液生化学所見：血糖116mg/dL。約1か月半前の頭部打撲時の頭部単純CTでは頭蓋内出血などの異常所見はなかったものの、今回来院時の頭部CTでは右前頭部に高吸収域の血種を認めたため、慢性硬膜下血腫の診断で入院加療の方針となった。\n入院経過 | 来院同日に緊急穿頭洗浄血腫ドレナージ術を施行とし、ドレーンを留置して手技終了とした。翌日の頭部CTでは血腫の消失を認め、ドレーン抜去とした。\n第３病日の夜間に痙攣発作を認めたが、看護師からの報告で当直医師がたどり着いた時には痙攣は頓挫していた。気道閉塞はなく酸素化にも問題がないことを確認し、撮影した頭部CTでは第２病日に撮影したものと著変はなかった。\n原因検索として行った問診では、本人の不安神経症・不眠症から長年にわたってベンゾジアゼピン系睡眠薬（エチゾラム1mg3T3Xの処方を受けていたが、自己調節により１日に５ｍｇ以上飲むこともあるとのこと）を飲んでいたが、入院時に申告できておらず、当院入院に際し中断されていたことが判明した。\nベンゾジアゼピン離脱症候群として、まずはエチゾラム内服量をジアゼパム15㎎に換算し、1週間ごとに2.5mgずつ漸減する方針とした。\n第10病日に至るまで痙攣発作の再発を認めず、また不安焦燥・不眠などの症状も認めなかったことから、2.5㎎の減量を行い、その後の減量は処方医である精神科近医に依頼し、第12病日に退院となった。\n退院時状況 | 慢性硬膜下血腫改善。ベンゾジアゼピン離脱症候群改善,['ジアゼパム']
17_118D20_誤嚥性肺炎、偽膜性腸炎_p4,S  美味しく食べてます。リハビリしたけど全然動けなくなっちゃった\nO　便培養　Clostridium difficile(+) \nBP 126/75 76bpm BT 36.6℃　摂食良好\nA/P\n#　偽膜性腸炎\n炎症反応改善。下痢も徐々に改善している。メトロニダゾール投与中10日間投与後入れ切り終了。徐々に食上げを行い、食上げ終了次第退院予定。\n#誤嚥性肺炎\n7日間抗生剤投与し症状改善傾向であり、下痢の原因も疑われ抗生剤終了し経過観察。\n\n,"['メトロニダゾール', 'ラクトミン+糖化菌+酪酸菌', 'ビフィズス菌', 'ラクトミン+糖化菌', '酪酸菌']"
19_118D57_慢性硬膜下血腫_p4,"S 入院前は睡眠薬を飲んでいたんですけど、それが原因なんですかね\nO\nJCS Ⅰ-1, GCS E4V5M6\nRR 16 /min, HR 60 /min, BP 122/78 mmHg, SpO2 96%(室内気) BT 36.4℃\n瞳孔　2.5mm/2.5mm 両側対光反射迅速\n\n血液検査(来院時採血)：尿素窒素 10 mg/dL、クレアチニン 0.4 mg/dL、Na 145 mEq/L、K 4.0 mEq/L、Cl 111 mEq/L、CK 109 U/L、CRP 1.1 mg/dl、WBC 9800 /μL、Hb 10.6g/dL、Ht 30％\nA/P\n＃慢性硬膜下血腫\n＃ベンゾジアゼピン離脱症候群\n\n緊急穿頭洗浄血腫ドレナージ術　6POD。\nベンゾジアゼピン内服エピソードを聴取後よりジアゼパム15mg/dayの内服を開始。\n幸いにも痙攣発作の再燃なく経過している。\n入院中に脳波検査を行っておく。リハビリ励行。\n\n",['ジアゼパム']
12_118B35_緊張性気胸,胸部Xpにて右の緊張性気胸を認め、入院加療の判断となった。同日トロッカーカテーテルを留置し持続ドレナージを施行した。疼痛の訴えが強く、カロナール定期内服で疼痛管理を行った。第4病日にクランプテストを施行し、エアリークがみられ、第6病日に再度確認を行い、第8病日ドレーン抜去後退院となった。\n,['アセトアミノフェン']
09_118A19_肺血栓塞栓症_p1,S　楽になりました。急に苦しくなってびっくりしました。\nO　BP 134/78mmHg 　SpO2 98%(3Lカヌラ)\n CT 右肺動脈本幹に3x6cm大の血栓あり、右大腿部~膝窩静脈に血栓あり\n血栓素因提出済み\nA/P\n# PTE/DVT\nヘパリンを開始し適宜ATPP観察していく。\n若年の発症であり、長期間同じ姿勢を取っていたわけでもないこと、父親のエピソードもあり血栓因子ついて血液検査を提出した。\n\n,"['ワルファリンカリウム', 'ヘパリンナトリウム']"
09_118A19_肺血栓塞栓症_p3,S 特に変わりはありません。\nO　BP 124/68mmHg 　SpO2 98%(２Lカヌラ)\nCT それぞれ血栓は縮小傾向。\nA/P\n# PTE/DVT\nヘパリンを開始し安定してる。CTでは血栓は縮小傾向にあり、内服に切り替える。\n若年の発症であり、長期間同じ姿勢を取っていたわけでもないこと、父親のエピソードもあり血栓因子ついて血液検査を提出し結果待ち。\n\n,"['ワルファリンカリウム', 'アピキサバン', 'エドキサバントシル酸塩水和物', 'ヘパリンナトリウム', 'リバーロキサバン']"
07_118F67-69_尿路感染症.txt,"年齢 | 80 | 性別 | 男性 | 入院日 | 2025/5/1 | 退院日 | 2025/5/10\nアレルギー情報 | なし\n# | 退院時診断 | 発生時期 | 転帰 | コメント\n1 | 急性腎盂腎炎 | 2025/4/27 | 軽快 | \n |  |  |  | \n |  |  |  | \n |  |  |  | \n主訴または入院理由 | 発熱、排尿困難\n入院までの経過（現病歴・既往歴・入院時現症など） | 80歳の男性。発熱と排尿困難を主訴に来院した。\n<現病歴> 3日前から排尿困難を自覚していた。本日から悪寒戦慄を伴う発熱が出現したため救急外来を受診した。\n<既往歴> 高血圧症、糖尿病、脂質異常症、うつ病および蕁麻疹に対してアンジオテンシン変換酵素〈ACE〉阻害薬、DPP-4阻害薬、スタチン、三環系抗うつ薬およびヒスタミンH1受容体拮抗薬を内服している。\n<生活歴> 65歳までは会社員で、現在は無職である。一人暮らし。喫煙は70歳まで10本/日を50年間、飲酒は機会飲酒。ネコを飼育している。\n<家族歴> 父が脳梗塞、母が糖尿病。\n<現　症> 意識は清明。身長170cm、体重72kg。体温38.8℃。脈拍112/分、整。血圧136/60mmHg。呼吸数26/分。SpO2 98％（room air）。眼瞼結膜と眼球結膜とに異常を認めない。甲状腺腫と頸部リンパ節とを触知しない。心音と呼吸音とに異常を認めない。下腹部が膨隆しているが、圧痛を認めない。肝・脾は触知しない。左の肋骨脊柱角に叩打痛を認める。直腸指診で4cm大の前立腺を触知し、圧痛を認めない。\n◆検査所見◆\n尿所見：蛋白1＋、糖1＋、潜血（－）、沈渣に赤血球1～4/HPF、白血球100以上/HPFを認める。\n血液所見：赤血球461万、Hb 14.9g/dL、Ht 44％、白血球14,300（桿状核好中球2％、分葉核好中球90％、好酸球1％、好塩基球1％、単球3％、リンパ球3％）、血小板12万、PT-INR 1.18（基準0.9～1.1）。\n血液生化学所見：総蛋白6.6g/dL、アルブミン3.9g/dL、総ビリルビン1.5mg/dL、直接ビリルビン0.4mg/dL、AST 13U/L、ALT 15U/L、LD 219U/L（基準124～222）、ALP 79U/L（基準38～113）、γ-GT 30U/L（基準13～64）、CK 76U/L（基準59～248）、尿素窒素26mg/dL、クレアチニン1.3mg/dL、尿酸4.7mg/dL、血糖120mg/dL、HbA1c 7.0％（基準4.9～6.0）、総コレステロール197mg/dL、トリグリセリド226mg/dL、HDLコレステロール69mg/dL、LDLコレステロール83mg/dL、Na 138mEq/L、K 4.5mEq/L、Cl 105mEq/L。CRP 14mg/dL。\n胸部エックス線写真で心胸郭比51％、両側肺野に浸潤影を認めない。\n腹部超音波検査で膀胱内に大量の尿が貯留している所見を認めるが水腎症は認めない。\n入院経過 | 発熱と排尿困難を自覚しており、身体所見では左CVA叩打痛を認める。尿検査では白血球高値であり、血液検査でも炎症反応が高値であることから、尿路感染症（腎盂腎炎）が疑われるため、精査加療目的に入院した。腹部超音波検査で膀胱内に大量の尿が貯留しており、尿閉の所見を認めた。尿閉の原因として内服している三環系抗うつ薬およびヒスタミンH1受容体拮抗薬が考えられたため、これらの薬剤は一旦内服を中止した。尿路感染症の治療として入院時からCTRX2g/dayの投与を開始した。その後、発熱などの症状は徐々に改善し、尿量も確保することができた。入院時に採取した尿培養からは大腸菌が検出され、抗菌薬の感受性を確認し、同薬を継続投与することとした。血液培養は陰性だった。その後も症状の再燃はなく経過は良好であったため、第10病日に退院した。抗菌薬は内服に変更して合計2週間の投与とする。なお、尿閉の原因となる三環系抗うつ薬およびヒスタミンH1受容体拮抗薬については、かかりつけ医に変更の提案をする。\n退院時状況 | 全身状態良好",['アモキシシリン水和物']
15_118C50_腎損傷_p2,"S (挿管中)\nO \nプロポフォール 80mg/hで鎮静、フェンタニル 40μg/hで鎮痛、RASS -2〜-3\n人工呼吸器使用中、モード　A/C PC f 14 PIP 15 PEEP 5 FiO2 40% Ti 1.20\nTV 420ml MV 5.88L/min \nP/F 270 pCO2 36 Torr\nCT：両側胸水、無気肺あり\nカテコラミン使用なし、MAP 70mmHg程度 Hr 180ml/h Lac 1.0\n入室からのIn out balance +5000ml\n腹部正中創 パッキング中 浸出液少量\n左後腹膜ドレーン 60ml/day 淡血性　骨盤底ドレーン 40ml/day 漿液性\nCT：後腹膜の血腫増加なし\n経管栄養 消化態栄養剤 10ml/h 360kcal タンパク量 22g/day\n排便なし\n利尿薬投与中\nHb 10.6g/dl, PLT 18万/μl, Fbg 240mg/dl 輸血需要なし\nWBC 10000 /μL, CRP 27 mg/dl\n抗菌薬：CEZ投与、閉腹24時間後に終了\nSU prophylaxis PPI ivq12h\nDVT prophylaxis 低分子ヘパリン 2000IUq12h 投与開始\nA/P\n2POD。昨日閉腹しドレーン留置。ドレーン排液、性状も問題なし。\n本日からSATを開始しクリア、SBTは呼吸器設定を下げられずfailure。\n利尿薬を開始し体液コントロールをしてからの抜管を予定する。\n経管栄養とDVT予防の低分子ヘパリン開始。\n\n","['酢酸リンゲル液', 'プロポフォール', 'リンゲル液', 'マルトース加乳酸リンゲル液', 'ランソプラゾール', 'フェンタニル', '酸化マグネシウム', 'ピコスルファートナトリウム水和物', 'ソルビトール加乳酸リンゲル液', 'ブドウ糖加乳酸リンゲル液', 'ブドウ糖加乳酸維持液', '大建中湯', '六君子湯', 'フロセミド', 'センナ', '電解質輸液（維持液）', 'ブドウ糖加酢酸リンゲル液', 'オメプラゾール', '乳酸リンゲル液', 'マルトース加酢酸維持液', 'カンレノ酸カリウム', 'センノシド', '生理食塩液', 'ブドウ糖加酢酸維持液', 'エノキサパリンナトリウム']"
07_118F67-69_尿路感染症_p3,"S こんにちは。体調はだいぶ良いです。尿も出るようになりました。\nO　体温36.4℃。脈拍64/分、整。血圧126/56mmHg。呼吸数14/分。SpO2 99％（room air）。\n尿所見：白血球20-30以上/HPF\n\n白血球6,500、CRP 5.0mg/dL。\n\n尿培養からは、大腸菌が検出された\nA/P 抗菌薬投与5日目であり、尿所見の改善を認める。炎症反応はさらに改善を認める。経過は良好であり、現加療継続を行う。\n尿培養からは大腸菌が検出され、感受性があることが確認されたため、継続する。\n\n","['セフトリアキソンナトリウム水和物', 'トスフロキサシントシル酸塩水和物', 'セフポドキシム\u3000プロキセチル', 'セフタジジム水和物', 'タゾバクタムナトリウム+セフトロザン硫酸塩', 'オフロキサシン', 'ドリペネム水和物', 'クラブラン酸カリウム+アモキシシリン水和物', 'メロペネム水和物', 'シプロフロキサシン塩酸塩水和物', 'セフィキシム水和物', 'タゾバクタム+ピペラシリン水和物', 'セフォペラゾンナトリウム+スルバクタムナトリウム', 'アミカシン硫酸塩', 'ノルフロキサシン', 'セフメタゾールナトリウム', 'セフテラム\u3000ピボキシル', 'プルリフロキサシン', 'ピペラシリンナトリウム', 'セフォチアム塩酸塩', 'セフミノクスナトリウム水和物', 'パズフロキサシンメシル酸塩', 'アビバクタムナトリウム+セフタジジム水和物', 'セフォタキシムナトリウム', 'ファロペネムナトリウム水和物', '塩酸ロメフロキサシン', 'イミペネム水和物/シラスタチンナトリウム', 'パニペネム+ベタミプロン', 'アンピシリンナトリウム+クロキサシリンナトリウム水和物', 'セファクロル', 'イセパマイシン硫酸塩', 'シタフロキサシン水和物']"
02_118C66-68_脾損傷_p2,S (挿管中、呼びかけに頷きあり)\nO \nデクスメデトミジン 0.4μg/kg/h フェンタニル 40μg/hで鎮痛、RASS 0〜-1\n人工呼吸器使用中、モード　A/C PC f 15 PIP 10 PEEP 5 FiO2 40% Ti 1.20\nTV 450ml MV 6.75L/min \nP/F 280 pCO2 34Torr\n胸部レントゲンで両側胸水、無気肺\nHr 150-200ml/h Lac 1.0\n入室からのIn out balance +2000ml\n腹部正中創 開創 感染徴候なし 膀胱内圧 7mmHg\n左横隔膜下ドレーン 50ml/day 漿液性　骨盤底ドレーン 90ml/day 淡々血性\n排便なし\n利尿薬投与中、低K血症点滴補正中 60 mEq/L/day\nHb 10.0 PLT 27万 Fbg 350 輸血需要なし\n抗菌薬：使用なし\nSU prophylaxis PPI ivq12h\nDVT prophylaxis 低分子ヘパリン 2000IUq12h 投与開始\nA/P\n2POD。SATを行いクリア。\n大量輸血により体液過剰であり、呼吸器設定はまだweaningが必要である。\n利尿薬の投与を開始、低K血症が進んできたため補正投与を開始した。\n出血はコントロール出来ていそうであり、低分子ヘパリン開始。\n今後、SBTクリアしたら抜管、ドレーン抜去も検討。\n\n,"['フロセミド', 'オメプラゾール', 'カンレノ酸カリウム', 'デクスメデトミジン塩酸塩', 'ランソプラゾール', 'フェンタニル', 'エノキサパリンナトリウム', '塩化カリウム']"
14_118B43-44_急性硬膜下血腫.txt,年齢 | 70 | 性別 | 男性 | 入院日 | 2024年11月8日 | 退院日 | 2024年11月21日\nアレルギー情報 | なし\n# | 退院時診断 | 発生時期 | 転帰 | コメント\n1 | 急性硬膜下血腫 | 2024年11月8日 | 救命\nリハビリ転院 | 11月8日　緊急開頭血種除去術\n主訴または入院理由 | 自転車転倒、通行人からの119番通報\n入院までの経過（現病歴・既往歴・入院時現症など） | 70歳の男性。自転車で転倒したため救急車で搬入された。\n<現病歴> 自転車で走行中に転倒し、右側頭部を打撲した。ヘルメットは装着していなかった。通行人が119番に通報し、救急車を要請した。救急隊接触時の意識レベルはGCS14（E3V5M6）であった。\n<既往歴> 58歳から高血圧症で降圧薬を服用中である。\n<生活歴> 喫煙歴はなく、飲酒は機会飲酒。妻と2人暮らし。\n<家族歴> 父親は80歳時に急性心筋梗塞で死亡。母親は95歳で生来健康。\n<現　症> 受傷30分後、搬入時の意識レベルはGCS8（E2V2M4）。身長163cm、体重60kg。体温36.7℃。心拍数80/分、整。血圧148/92mmHg。呼吸数22/分。SpO2 93％（リザーバー付マスク10L/分 酸素投与下）。心音に異常を認めない。呼吸音に左右差を認めないが、舌根が沈下し、いびき様の呼吸をしている。瞳孔は右4mm、左3mm、対光反射は右側で遅延している。右側頭部と右手背部に擦過傷を認める。外見上、他に目立った外傷は認めないが、左不全片麻痺を認める。\n<検査所見> 迅速簡易超音波検査〈FAST〉では異常を認めない。\n入院経過 | 救急外来では高度な気道確保が必要と判断され、気管挿管とした。\n続いて行ったCT撮影では急性硬膜下血腫の診断となった。脳神経外科へコンサルトの上、緊急開頭血腫除去術を施行した。術後はICU管理となり、人工呼吸器管理を行った。術後5日目には全身状態が安定したことから、人工呼吸器離脱プログラムに則り、問題ないことを確認しながら抜管とした。\n抜管後の評価では、記憶障害・遂行機能障害などの高次脳機能障害および、左不全片麻痺の残存を認めたため、術後13日目にリハビリテーション病院へ転院のうえ、リハビリ継続の方針となった\n退院時状況 | 高次脳機能障害、左不全片麻痺の残存,['']
13_118B41-42_肝性脳症, 身体所見で、黄疸やくも状血管拡張、手掌紅斑、脾腫などを認め、血液検査で血小板減少や肝障害、アンモニア血症を認めることから、肝硬変が疑われる。数日前からの意識障害は、高アンモニア血症があることから肝性脳症によるものと考えられ、精査加療目的に入院した。1週間前からの便秘が肝性脳症の誘因になった可能性があるため、入院時よりラクツロースを開始した。また、BCAA製剤を併用し、タンパク制限食を開始した。第3病日より意識障害は徐々に改善を認め、異常行動も消失した。アンモニア値も低下し、経過は良好だった。排便コントロールも良好であり、第10病日に退院した。なお、肝硬変の原因として非アルコール性脂肪性肝疾患が疑わしく、外来で治療を行うこととする。\n,"['ラクツロース', 'イソロイシン+ロイシン+バリン']"
118F73-75_AMI,来院時血液検査、心電図、心臓超音波検査より心筋梗塞を疑い、カテーテル検査を施行した。左冠動脈主幹部の閉塞があり、ステントの留置を行った。治療中明らかな不整脈はなく経過した。翌日より心臓リハビリテーションを開始し、明らかな不整脈はみられることなく経過した。降圧薬等の調節を行い安定していることを確認し、1月18日に退院した。,"['ニコランジル', 'ニフェジピン', 'イルベサルタン+アムロジピンベシル酸塩', 'ピタバスタチンカルシウム水和物', 'エホニジピン塩酸塩エタノール付加物', 'アスピリン+ボノプラザンフマル酸塩', 'ニルバジピン', 'カルベジロール', 'イミダプリル塩酸塩', 'シンバスタチン', 'クロピドグレル硫酸塩+アスピリン', 'ビソプロロールフマル酸塩', 'チクロピジン塩酸塩', 'アスピリン+ダイアルミネート', 'メトプロロール酒石酸塩', 'アムロジピンベシル酸塩', 'カルテオロール塩酸塩', 'フェノフィブラート', 'プラバスタチンナトリウム', 'ラベタロール塩酸塩', 'シルニジピン', 'ニプラジロール', 'カンデサルタン\u3000シレキセチル+アムロジピンベシル酸塩', 'ロサルタンカリウム', 'イルベサルタン', 'ベバントロール塩酸塩', 'バルサルタン+アムロジピンベシル酸塩', 'アゼルニジピン', 'エサキセレノン', 'ナドロール', 'コレスチラミン', 'セリプロロール塩酸塩', 'スピロノラクトン', 'テルミサルタン', 'バルニジピン塩酸塩', 'イコサペント酸エチル', 'エボロクマブ', 'ベタキソロール塩酸塩', 'アトルバスタチンカルシウム水和物', 'トランドラプリル', 'エプレレノン', 'クロピドグレル硫酸塩', 'ニトレンジピン', 'プロプラノロール塩酸塩', 'リシノプリル水和物', 'アロチノロール塩酸塩', 'エナラプリルマレイン酸塩', 'プロブコール', 'テルミサルタン+アムロジピンベシル酸塩', 'アラセプリル', 'アモスラロール塩酸塩', 'トラピジル', 'インクリシランナトリウム', 'アテノロール', 'エゼチミブ', 'オルメサルタン\u3000メドキソミル+アゼルニジピン', 'バルサルタン', 'ニトログリセリン', 'アミオダロン塩酸塩', 'デラプリル塩酸塩', 'コレスチミド', 'マニジピン塩酸塩', 'チカグレロル', 'ベザフィブラート', 'アスピリン', 'ワルファリンカリウム', 'プラスグレル塩酸塩', 'カンデサルタン\u3000シレキセチル', 'ジゴキシン', 'テモカプリル塩酸塩', 'ペリンドプリルエルブミン', 'アムロジピンベシル酸塩+アトルバスタチンカルシウム水和物', 'カプトプリル', 'フルバスタチンナトリウム', 'メチルジゴキシン', 'アスピリン+ランソプラゾール', 'オルメサルタン\u3000メドキソミル', 'ニカルジピン塩酸塩', 'ロスバスタチンカルシウム', 'ジルチアゼム塩酸塩', 'バルサルタン+シルニジピン']"
03_118C72-74_HHS_p2,S\nおはようございます\nだいぶ楽になりました\nお腹が減った\n\nO\n体温36.8℃．心拍数88/分，整．血圧122/74mmHg．呼吸数14/分．SpO2 98％（room air）\n意識清明\n尿素窒素24mg/dL，クレアチニン1.1mg/dL，血糖224mg/dL\nインスリン1.5U/hr\n\nA/P\n意識障害改善\n血糖も目標通り降下達成\nインスリンは持続静注から皮下注での強化インスリン療法へ切り替え\nログ　8:8:8\nランタス8眠前投与\nスライディングスケールも\n\n食事経口摂取開始\n栄養士による食事指導開始,"['酢酸リンゲル液', 'インスリンリスプロ', '乳酸リンゲル液', 'インスリングラルギン', '生理食塩液', 'インスリンアスパルト', 'インスリングルリジン', 'インスリン ヒト']"
117C72-74_誤嚥性肺炎＋COPD-G,85歳男性、誤嚥性肺炎、COPD。以前から労作時SOB、飲食でのむせなどADL低下していたPt、体重減少もあり。入院1週間前より咳嗽、喀痰増加、2日前から発熱、呼吸困難あり2024年1月10日に当科入院。既往歴HTに対しACE-I内服、5年前にADの診断。娘家族と同居中。喫煙歴BI=20×45=900、飲酒歴なし。入院時BT38℃、SpO2 85%(RA)、両側wheezes、右背側coarse crackle聴取。口腔内衛生不良。WBC9800好中球優位、CRP5.1、BUN28、Cre1.5。Aガス(NC2L)でPaCo2 58、PaO2 72、HCO3- 30。COVID-19(-)。画像で両肺気腫、右背側浸潤影あり。ECG所見なし。COPDベースの誤嚥性肺炎と診断、ABPC/SBTで治療、mPSL80mg/day、SABAも開始。徐々に酸素化改善、mPSLは第5病日で終了、ABPC/SBTも7日で終了、全身状態良好のため1月20日にENT。スピリーバのみ処方、次回2ヶ月後外来受診予定。,['チオトロピウム臭化物水和物']
04_118E41-42_SAH_p1,"S (挿管中)\nプロポフォール 120mg/dlで鎮静、フェンタニル 40μg/hで鎮痛、RASS -4〜-5\n瞳孔径 2mm/2mm 対光反射緩慢\nスパイナルドレーン ( 0cmH2O)  200ml/day 血性排液\n頭部CT：明らかな新規脳出血なし\n人工呼吸器使用中、モード　A/C PC f 18 PIP 15 PEEP 7 FiO2 40% Ti 1.20\nTV 400ml MV 7.2L/min \nP/F 280 pCO2 32 Torr\nレントゲン：肺水腫を疑う血管陰影増強なし、胸水なし\nベニジピン 8ml/hで投与、HR 80 /min,  BP 110/70 mmHg \nHr 150ml/h Lac 2.0 mmol/L\n入室からのIn out balance +1200ml\n経管栄養 10ml/h 360kcal 蛋白22g  \n排便なし\n利尿薬 間欠的に静脈内投与\nK 3.2 mEq/L K製剤点滴投与し補正中\n輸血需要なし\n血糖安定 スライディングスケール管理\n抗菌薬：なし\nSU prophylaxis PPI ivq12h\nDVT prophylaxis ヘパリンCa皮下注 5000IUq12h\nA/P\nWFNS GradeⅣ (GCS E3V2M5) の前交通動脈瘤破裂によるくも膜下出血に対して緊急コイル塞栓術を施行しICU入室。1POD。\n頭部CTフォローし明らかな新規出血なく、脳血管攣縮予防のピヴラッツを開始した。\nまたスパイナルドレーンの排液も大きな問題なし。\nピヴラッツ開始に伴う肺水腫に配慮してIn out balanceは+500〜+1000ml程度を目標とする。\n現時点で肺水腫を疑うレントゲン所見は認めていない。利尿薬も適宜併用とする。\n本日より少量経管栄養を開始。\n3PODから鎮静深度を下げて抜管を狙う。\n\n","['フロセミド', 'オメプラゾール', 'プロポフォール', 'インスリンリスプロ', 'クラゾセンタンナトリウム', 'インスリンデテミル', 'ベニジピン塩酸塩', 'インスリングラルギン', 'ランソプラゾール', 'フェンタニル', 'インスリンアスパルト', 'インスリングルリジン', 'イソフェンインスリン ヒト', 'インスリンデグルデク', 'インスリン ヒト', '塩化カリウム', 'ヘパリンカルシウム']"
18_118D25_高血圧性心不全_p5,"S　栄養指導？受けたけど、あんなの無理だよ。俺飯作んねぇし、昼はコンビニだから難しい。それより食事足りないからコンビニ行っていい？\nO　BP 130/71mmHg HR 65bpm BW 77kg SpO2 97%(RA) 尿量 1200ml/day\n胸部Xp CPA dull   心エコー  IVC 15/7mm RV(+)\nA/P\n#高血圧性心不全\n酸素化改善した。ラシックス20mg 2T2x朝、昼で内服へ。βblckerを導入したが、徐脈や心不全増悪はなし。MRA,SGLT2,ARB導入済み。栄養指導を行うも効果なし。ご家族に相談していただくのと、宅食を提案するか。\n# HT\nアジルバ20mg 1T, ニフェジピン20mg 2T2xで安定。二次性精査の結果確認し、明らかな二次性所見なし。腎動脈造影は退院後検討。\n\n","['フロセミド', 'ダパグリフロジンプロピレングリコール水和物', 'スピロノラクトン', 'アジルサルタン', 'ニフェジピン', 'エプレレノン', 'ビソプロロールフマル酸塩', 'カルベジロール', 'エンパグリフロジン']"
08_118F70-72_有機リン中毒.txt,"年齢 | 70 | 性別 | 男性 | 入院日 | 2025.05.01 | 退院日 | 2025.05.18\nアレルギー情報 | なし\n# | 退院時診断 | 発生時期 | 転帰 | コメント\n1 | 有機リン中毒 | 2025.05.01 | 改善 | 精神科通院継続\n |  |  |  | \n |  |  |  | \n |  |  |  | \n主訴または入院理由 | 意識障害による救急搬送\n入院までの経過（現病歴・既往歴・入院時現症など） | 70歳の男性。意識障害のため救急車で搬入された。\n<現病歴> 3か月前に妻が死亡した後、約1週間前から生きていくのが非常に辛いと悩んでいた。本日、自宅で意識を失った状態で倒れているところを息子が発見し、救急車を要請した。救急搬送中に10分間のけいれんを認めた。本人が倒れていた部屋には空の瓶と遺書があった。\n<既往歴> 高血圧症で降圧薬を内服している。\n<生活歴> 息子と2人暮らし。自宅で農業を営んでいる。\n<家族歴> 特記すべきことはない。\n<現　症> 意識レベルはJCS III-100。身長169cm、体重72kg。体温38.8℃。心拍数120/分、整。血圧120/82mmHg。呼吸数32/分。SpO2 85％（リザーバ付マスク10L/分 酸素投与下）。瞳孔径は左右2.0mm。対光反射は緩慢である。口の周囲に吐物と唾液の混ざったものを認める。全身に著明な発汗を伴い、全身の筋肉はけいれんしている。\n入院経過 | 高度な意識障害、頻呼吸、酸素化低下などから、救急外来にて高度な気道確保が必要と判断し、ただちに気管挿管を実施した。\n引き続き行った各種検査では、尿所見：淡黄色透明、蛋白（－）、糖（－）、潜血（－）。血液所見：赤血球502万、Hb 15.1g/dL、Ht 48％、白血球12,400、血小板30万。血液生化学所見：総蛋白7.3g/dL、アルブミン4.6g/dL、総ビリルビン0.9mg/dL、直接ビリルビン0.3mg/dL、AST 22U/L、ALT 18U/L、LD 195U/L（基準124～222）、ALP 100U/L（基準38～113）、コリンエステラーゼ〈ChE〉40U/L（基準240～486）、尿素窒素12mg/dL、クレアチニン0.5mg/dL、血糖240mg/dL、Na 140mEq/L、K 3.1mEq/L、Cl 101mEq/L。CRP 11mg/dL。心電図は洞性頻脈でST-T変化は認めず。胸部エックス線写真で心胸郭比59％（臥位で撮影）。頭部単純CTで異常を認めなかった。\n\n息子の目撃情報からは薬物中毒が疑われ、上記の縮瞳や流涎、ChE低値などから有機リン中毒が強く疑われた。\n\n診断的治療として、アトロピン１ｍｇを静注したが散瞳を認めることはなく、有機リン中毒の診断と考えた。\n\n循環動態は保たれており、また呼吸動態についても気管挿管により安定が得られたことから、 活性炭投与後にICU入室とした。\n\nICU入室後よりアトロピン持続静注を開始とした。\n\n第２病日には、鎮静の効果もあり頻脈は消失しており、人工呼吸器管理にて呼吸状態も安定していた。\n\n第３病日以降では、ChEの値はむしろ悪化し10U/L程度で推移した。\n治療効果の判定としてChEを使用していることから、気管挿管による管理およびアトロピン静注を継続した。\n\n第７病日にはChEは82U/Lとなり、中毒症状の改善が示唆されたため、アトロピン静注は中止とした。\n第８病日にはSBT実施の上、抜管とした。\n\n抜管後は、呼吸・循環動態の変動や、痙攣発作もなく、意識清明で経過した。\n\n症状の再燃がないことを慎重に確認しつつ、第13病日に一般病棟に転棟のうえ、精神科リエゾンチームの介入を開始した。\n\n第14病日に、左膝関節の疼痛を訴え、歩行困難となったが関節穿刺により偽痛風と診断され、ロキソニン内服にて速やかに軽快した。\n今後は当院精神科通院することとし、第18病日に退院となった。\n退院時状況 | 軽快","['アムロジピンベシル酸塩', 'デュロキセチン塩酸塩', 'ロキソプロフェンナトリウム水和物', 'レバミピド']"
117B45-46_肝膿瘍.txt,"年齢	59	性別	男性	入院日	2024年8月1日	退院日	2024年8月15日\nアレルギー情報	なし\n#	退院時診断	発生時期	転帰	コメント\n1	肝膿瘍	2024年7月頃	軽快	\n主訴または入院理由	倦怠感、悪心、嘔吐および発熱\n入院までの経過（現病歴・既往歴・入院時現症など）	<現病歴>　2024年7月31日から倦怠感を自覚していたが、その翌日から悪心、嘔吐および悪寒戦慄を伴う発熱が出現し、体動困難となったため救急外来を受診した。血液検査及び画像検査から肝膿瘍の診断で、治療目的に入院した。\n<既往歴>　糖尿病でSGLT2阻害薬を内服している。高血圧と脂質異常症で食事療法を行っている。\n<常用薬>   フォシーガ5mg1錠1×\n<生活歴>　妻と2人暮らし。喫煙歴はない。飲酒は機会飲酒。\n<家族歴>　父が糖尿病。母が大腸癌。\n<入院時身体・検査所見>\n意識は清明。身長165cm、体重70kg。体温38.5℃。脈拍92/分、整。血圧120/86mmHg。呼吸数20/分。SpO2 98％（room air）。眼瞼結膜と眼球結膜とに異常を認めない。甲状腺腫と頸部リンパ節とを触知しない。心音と呼吸音とに異常を認めない。腹部はやや膨満しており腸蠕動音は低下しているが、圧痛や腫瘤は認めない。肝・脾を触知しない。肋骨脊柱角叩打痛は両側とも認めない。\n◆検査所見◆\n（血液検尿）\n尿所見：蛋白（－）、糖2＋、潜血（－）、沈渣に白血球を認めない。\n血液所見：赤血球522万、Hb 16.2g/dL、Ht 47％、白血球19,600（桿状核好中球3％、分葉核好中球79％、単球6％、リンパ球12％）、血小板17万、PT-INR 1.09（基準0.9～1.1）。血液生化学所見：総蛋白6.9g/dL、アルブミン4.1g/dL、総ビリルビン1.8mg/dL、直接ビリルビン1.0mg/dL、AST 23U/L、ALT 33U/L、LD 178U/L（基準120～245）、ALP 103U/L（基準38～113）、γ-GT 85U/L（基準8～50）、アミラーゼ45U/L（基準37～160）、CK 144U/L（基準30～140）、尿素窒素20mg/dL、クレアチニン0.87mg/dL、eGFR 70.1mL/分/1.73m2、尿酸6.0mg/dL、血糖189mg/dL、HbA1c 7.5％（基準4.6～6.2）、Na 136mEg/L、K 4.4mEq/L、Cl 98mEq/L。CRP 11.4mg/dL。\n（画像）\n腹部造影CT：肝右葉に約50mm大の辺縁が造影される不整な腫瘤影を認め、膿瘍が疑われる\n心電図：HR70、SR、正常波形\n入院経過	入院時に膿瘍を穿刺し、ドレナージを行なった。また、抗菌薬としてTAZ/PIPC4.5gの1日3回投与を開始した。穿刺液培養ならびに血液培養からはKlebsiella pneumoniaeが検出されたため、抗菌薬は感受性のあるABPC/SBTに変更した。その後もドレーンからの排液量は徐々に減少、発熱も改善した。採血データや画像所見も改善し、第10病日にドレーンを抜去、第15病日に退院した。退院後は抗菌薬の内服を継続する。\n退院時状況	全身状態良好","['アモキシシリン水和物;クラブラン酸カリウム', 'アモキシシリン水和物']"
117B43-44_進行胃がん,入院後に精査の結果、HER2陰性の進行胃癌であり、肺転移を認めた。すでに手術の適応はなく、化学療法を行うこととし、SOX療法（S-1＋オキサリプラチン）を導入した。副作用である嘔気対策として、グラニセトロンやデカドロンを併用した。オキサリプラチンによる軽度の末梢神経障害を認めたが、日常生活に支障を来すほどではなく、投与継続は可能と判断した。そのほかに特記すべき有害事象の発生はなく、食事摂取量も安定したため、第14病日に退院した。,"['プレガバリン', 'ビフィズス菌', 'ロペラミド塩酸塩', 'ドンペリドン', 'ミロガバリンベシル酸塩', 'メトクロプラミド', 'ビフィズス菌+ラクトミン', '酪酸菌']"
13_118B41-42_肝性脳症.txt,"年齢 | 65 | 性別 | 女性 | 入院日 | 2025/5/6 | 退院日 | 2025/5/15\nアレルギー情報 | なし\n# | 退院時診断 | 発生時期 | 転帰 | コメント\n1 | 肝性脳症 | 2025/4/29頃 | 軽快 | \n |  |  |  | \n |  |  |  | \n |  |  |  | \n主訴または入院理由 | 意識障害\n入院までの経過（現病歴・既往歴・入院時現症など） | 65歳の女性。異常行動のため救急車で搬入された。\n<現病歴> 1週間前から便秘があった。数日前に買い物から帰宅した際、買ったものをゴミ箱に捨てたりお金をばらまくなどの行動があった。今朝からぼんやりとして呼びかけに反応が鈍いため夫が救急車を要請した。\n<既往歴> 2型糖尿病と脂肪肝のため自宅近くの診療所に通院し、DPP-4阻害薬を内服している。\n<家族歴> 特記すべきことはない。\n<生活歴> 喫煙歴と飲酒歴はない。\n<現　症> うとうとしているが呼びかけで目を開け会話ができる。身長154cm、体重72kg。BMI 30.4。体温36.4℃。心拍数80/分、整。血圧104/64mmHg。呼吸数16/分。SpO2 98％（room air）。眼球結膜に黄染を認める。甲状腺腫と頸部リンパ節とを触知しない。前胸部にくも状血管拡張と手掌紅斑とを認める。心音と呼吸音とに異常を認めない。腹部は平坦、軟で、肝を触知しない。脾臓を左肋骨弓下に1cm触知する。下腿に浮腫を認めない。\n◆検査所見◆\n血液所見：赤血球396万、Hb 12.1g/dL、白血球3,800、血小板10万、PT-INR 1.0（基準0.9～1.1）。\n血液生化学所見：総蛋白7.0g/dL、アルブミン3.4g/dL、総ビリルビン3.7mg/dL、AST 74U/L、ALT 52U/L、γ-GT 63U/L（基準9～32）、コリンエステラーゼ150U/L（基準201～421）、アンモニア180μg/dL（基準18～48）、尿素窒素12mg/dL、クレアチニン0.6mg/dL、血糖148mg/dL、HbA1c 7.6％（基準4.9～6.0）、Na 142mEq/L、K 3.8mEq/L、Ca 8.8mg/dL。\n頭部単純CTで異常を認めない。\n入院経過 | 身体所見で、黄疸やくも状血管拡張、手掌紅斑、脾腫などを認め、血液検査で血小板減少や肝障害、アンモニア血症を認めることから、肝硬変が疑われる。数日前からの意識障害は、高アンモニア血症があることから肝性脳症によるものと考えられ、精査加療目的に入院した。1週間前からの便秘が肝性脳症の誘因になった可能性があるため、入院時よりラクツロースを開始した。また、BCAA製剤を併用し、タンパク制限食を開始した。第3病日より意識障害は徐々に改善を認め、異常行動も消失した。アンモニア値も低下し、経過は良好だった。排便コントロールも良好であり、第10病日に退院した。なお、肝硬変の原因として非アルコール性脂肪性肝疾患が疑わしく、外来で治療を行うこととする。\n退院時状況 | 全身状態良好","['イソロイシン+ロイシン+バリン', 'ラクツロース']"
117C66-68_IE.txt,"年齢	52	性別	女性	入院日	2024/1/15	退院日	2024/2/20\nアレルギー情報	アトピー性皮膚炎\n#	退院時診断	発生時期	転帰	コメント\n	感染性心内膜炎	2024/1/10	改善	\n	くも膜下出血	2024/1/15	改善	1月31日　開頭クリッピング術\n主訴または入院理由	意識障害\n入院までの経過（現病歴・既往歴・入院時現症など）	<現病歴>　5日前から38℃を超える発熱と悪寒戦慄を訴え、市販のアセトアミノフェンを内服していた。本日夕食中に急に頭痛とふらつき感を訴え、嘔吐した。その後いびきをかいて眠りだし、呼びかけに応答しなくなったため、家族が救急車を要請した。\n<既往歴>　アトピー性皮膚炎で副腎皮質ステロイド外用薬を処方されている。健診で異常を指摘されたことはない。\n<常用薬>　\n<生活歴>　夫と2人の息子との4人暮らし。仕事は事務職。喫煙歴はない。飲酒はビール350mL/日。\n<家族歴>　両親とも胃癌で死亡。\n<入院時身体・検査所見>\n意識レベルはJCS III-200。身長158cm、体重60kg。体温37.8℃。心拍数120/分、整。血圧200/104mmHg。呼吸数16/分。SpO2 100％（リザーバー付マスク10L/分　酸素投与下）\n来院時経鼻エアウェイ挿入済み　\n瞳孔径：右5.0mm、左3.0mm　対光反射：両側消失\n胸部聴診：心尖部を最強点とするLevine 3/6の収縮期逆流性雑音を聴取。上気道にいびき音を聴取する。\n腹部：平坦、軟で、肝・脾を触知しない。\n下腿に浮腫を認めない。両側足趾先端に点状出血斑を合計3ヶ所認める。頸部周囲と両肘内側に鱗屑、紅斑および苔癬化を認め、一部浸出液がみられる。\n◆検査所見◆\n（血液検尿）\n尿所見：淡黄褐色透明、蛋白（－）、糖（－）、潜血（－）。血液所見：赤血球450万、Hb 13.3g/dL、Ht 42％、白血球11,200（桿状核好中球13％、分葉核好中球53％、好酸球8％、好塩基球1％、単球3％、リンパ球23％）、血小板32万、PT-INR 1.2（基準0.9～1.1）。血液生化学所見：総蛋白6.9g/dL、アルブミン4.2g/dL、総ビリルビン0.6mg/dL、直接ビリルビン0.1mg/dL、AST 30U/L、ALT 13U/L、LD 220U/L（基準120～245）、ALP 83U/L（基準38～113）、γ-GT 13U/L（基準8～50）、尿素窒素13mg/dL、クレアチニン0.47mg/dL、血糖204mg/dL、Na 142mEq/L、K 3.5mEq/L、Cl 105mEq/L。CRP 10mg/dL。\n（画像）\n胸部Xp：心胸郭比57％（臥位で撮影）\n心電図：洞性頻脈でST-T変化を認めない。\n頭部CT：左シルビウス裂にくも膜下出血あり\n入院経過	意識レベル低下、瞳孔所見、頭部CTよりくも膜下出血と診断し、気管挿管を行った。血液培養を提出後、抗菌薬投与を開始した。脳浮腫予防にグリセオールの投与を開始した。血液培養は2セットとも陽性となり、第3病日目にStaphylococcus aureusと同定された。感染性心内膜炎を疑い、心臓エコーを施行した。僧房弁に5mm大の疣贅がみられ、感染性心内膜炎の診断となった。\n第14病日にグリセオールは投与終了とした。血液培養陰性を確認し、全身状態も安定したため、第16病日にくも膜下出血に対し開頭手術を行った。第28病日に抗生剤を終了した。心臓エコーで再度僧房弁を確認したところmoderate MRであった。明らかな麻痺もなく、全身状態改善したため2月20日に退院した。\n退院時状況	状態良好、独歩","['アスピリン', 'ビソプロロールフマル酸塩;ビソプロロール']"
17_118D20_誤嚥性肺炎、偽膜性腸炎_p1,S …（寝ている）\nO　BP 120/71 63bpm BT 37.8℃　\nA/P\n#s/o 偽膜性腸炎\n本日便培養提出。結果待ち。絶食し経過をみる。偽膜性腸炎を疑いメトロニダゾールを開始。ミヤBMも処方。\n#誤嚥性肺炎\n7日間抗生剤投与し症状改善傾向であり、下痢の原因も疑われ抗生剤終了し経過観察。\n\n,"['メトロニダゾール', 'アセトアミノフェン', '酪酸菌']"
117B45-46_肝膿瘍,入院時に膿瘍を穿刺し、ドレナージを行なった。また、抗菌薬としてTAZ/PIPC4.5gの1日3回投与を開始した。穿刺液培養ならびに血液培養からはKlebsiella pneumoniaeが検出されたため、抗菌薬は感受性のあるABPC/SBTに変更した。その後もドレーンからの排液量は徐々に減少、発熱も改善した。採血データや画像所見も改善し、第10病日にドレーンを抜去、第15病日に退院した。退院後は抗菌薬の内服を継続する。,"['トスフロキサシントシル酸塩水和物', 'セフポドキシム\u3000プロキセチル', 'セファクロル', 'セファレキシン', 'クラブラン酸カリウム+アモキシシリン水和物', 'シプロフロキサシン塩酸塩水和物', 'セフィキシム水和物', 'セフロキシム\u3000アキセチル', 'セフジニル', '耐性乳酸菌', 'レボフロキサシン水和物', 'ノルフロキサシン', 'セフテラム\u3000ピボキシル', 'プルリフロキサシン', 'セフカペン\u3000ピボキシル塩酸塩水和物', 'ファロペネムナトリウム水和物', '塩酸ロメフロキサシン', 'セフジトレン\u3000ピボキシル', 'モキシフロキサシン塩酸塩', 'シタフロキサシン水和物']"
05_118F61-63_術後PE,起炎菌同定のため、血液培養、関節液培養を提出し、また関節液についてGram染色を行ったところ、グラム陽性球菌（黄色ブドウ球菌）が同定された。MRSAおよびMSSA両方をカバーする目的で、バンコマイシンおよびセファゾリンの投与を開始した。\n術後9日目には、血液培養の陰性、および関節液培養からはMSSAが同定されたことから、バンコマイシンは中止し、セファゾリンの投与を継続とした。\n術後10日目に待機的に再手術の方針となり、手術中、人工関節は抜去せず、洗浄およびデブリドマンで対応可能と判断され、閉創となった\n術後12日目に初回歩行を開始したところ、突然の胸痛と呼吸困難が出現し、胸部造影CTで肺血栓塞栓症の診断となった。\nすぐさまICUに入室のうえ、救急科にてヘパリン投与など治療を継続していただいた。\n術後16日目には循環動態の安定を確認して、ヘパリンナトリウムの投与からリクシアナの投与を開始し、３か月継続の方針とした。\nまた術後18日目には一般病棟に戻り、抗菌薬をケフレックス500mg4T4Xに変更して採血フォローを継続した。\n術後28日目には体幹を中心に、融合傾向を示す紅斑が多発し、鑑別としてケフレックス内服開始に伴う薬疹の可能性が考えられた。同日より抗菌薬はオーグメンチン250mg3T3X + サワシリン250㎎3T3Xに変更し、ステロイド外用薬塗布としたところ、第30病日には薬疹は消失した。\n術後39日目には採血に問題なく、臨床症状も認めないことから、関節内感染が沈静化したものと考え、退院となった。,['エドキサバントシル酸塩水和物']
118C63-65_大腸がん.txt,"年齢	55	性別	男性	入院日	2024年6月1日	退院日	2024年6月2日\nアレルギー情報	なし\n#	退院時診断	発生時期	転帰	コメント\n1	早期大腸癌	2024年2月頃	軽快	\n主訴または入院理由	便秘\n入院までの経過（現病歴・既往歴・入院時現症など）	<現病歴>　入院3か月前に会社内で配置転換があり勤務中にトイレに行きにくくなった。元々、便秘がちであり便が硬くなった。2週間前から腹部膨満感が出現したため受診した。排便回数は3日に1回でいきむことなく排便しているが、便は兎糞状である。症状の精査目的に施行した下部消化管内視鏡検査にて早期大腸癌を疑う所見を認めたため、精査および加療目的に入院した。\n<既往歴>　45歳から高血圧症で降圧薬を服用している。今まで大腸がん検診を受けていない。\n<常用薬>   なし\n<生活歴>　喫煙歴はない。飲酒は機会飲酒。会社員で経理の仕事をしている。海外渡航歴はない。\n<家族歴>　父が74歳時に大腸癌で手術。\n<入院時身体・検査所見>\n意識は清明。身長165cm、体重68kg（体重の増減はない）。体温36.4℃。脈拍72/分、整。血圧136/80mmHg。呼吸数10/分。SpO2 97％（room air）。眼瞼結膜と眼球結膜とに異常を認めない。口腔内にアフタを認めない。甲状腺と頸部リンパ節を触知しない。心音と呼吸音とに異常を認めない。腹部は平坦、軟で腸雑音の亢進・減弱を認めない。直腸診で血液を認めず、明らかな腫瘤を触知しない。下腿に浮腫を認めない。\n◆検査所見◆\n（血液検尿）\n尿所見：蛋白（－）、糖（－）、潜血（－）。血液所見：赤血球468万、Hb 13.9g/dL、Ht 42％、白血球8,300、血小板21万。血液生化学所見：総蛋白7.5g/dL、アルブミン3.9g/dL、総ビリルビン0.9mg/dL、直接ビリルビン0.4mg/dL、AST 22U/L、ALT 18U/L、LD 172U/L（基準124～222）、ALP 83U/L（基準38～113）、γ-GT 32U/L（基準13～64）、アミラーゼ95U/L（基準44～132）、尿素窒素12mg/dL、クレアチニン0.8mg/dL、血糖98mg/dL。CRP 0.2mg/dL。\n（画像）\n胸部Xp：心胸郭比46％、肺野に異常を認めない。　\n腹部Xp：小腸ガスや鏡面像を認めない　\nCT：大腸内に明らかな異常所見は認めない。そのほかも特記すべき異常所見は認めない。\n心電図：HR60、SR、正常波形\n入院経過	下部消化管内視鏡検査を行ったところ、S状結腸に約15mm大のIsポリープを認め、内視鏡的粘膜切除術（EMR）を行った。処置後の経過は良好であり、出血などの合併症もなく、処置後翌日に退院した。\nなお、病理結果はWell-differentiated tubular adenocarcinoma in tubular adenoma, tub1, pTis(M), Ly0, V0, pHM0, pVM0であり、治癒切除と判断した。\n退院時状況	全身状態良好",['酸化マグネシウム']
01_118B49-50_高Ca血症_p2,"S：\nありがとうございます。\nだいぶ体が楽になりました\n\nO：\n体温36.6℃．心拍数82/分，整．血圧134/76mmHg．呼吸数14/分．SpO2 97％（room air）\n意識　JCSⅡ-10\n\nHDS-R：19点\n\nA/P：\n#高Ca血症\n生食は500の3本回し継続\n意識障害は改善し意識清明\nCaは11.6と改善傾向\n\n＃高血圧症\nオルメテック10㎎1T1X, アムロジピン5mg1T1Xの投与継続\n\n＃認知症\nアリセプト3mg1T1Xの投与継続\nHDS-R：19点\n\n",['生理食塩液']
16_118C59_熱中症_p4,"S コレステロールの数値が高いって言われて薬を出されたんです。\nO\n意識清明\nRR 16 /min, HR 60 /min, BP 130/80 mmHg, SpO2 96%(室内気) BT 36.5℃\n尿量 1200ml/day\n\n血液検査：AST 15U/L、ALT 10U/L、尿素窒素 13mg/dL、クレアチニン 0.74mg/dL、Na 138mEq/L、K 3.9mEq/L、Cl 103mEq/L、CK 370U/L、Hb 11.6g/dL、Ht 35％\n\nA/P\n#Ⅳ度熱中症\nactive coolingで加療を行い、遷延する意識障害のフォローおよび横紋筋融解症のフォロー目的に入院となった。\n経口摂取開始し摂取良好のため輸液は中止。\n元の内服薬でスタチンを内服していたことが判明し、誘因の可能性もあることからスタチン中止し、ゼチーア開始とした。\n\n",['エゼチミブ']
04_118E41-42_SAH_p2,"S ここはどこですか…名前はわかりますけど、なんでここにいるかわかりません。\nO\nGCS E4V4M6\n瞳孔径 3.5mm/3.5mm 対光反射迅速\nスパイナルドレーン ( 5cmH2O)  260ml/day 淡血性排液\n抜管後 RR 18 /min, HR 60 /min,  BP 130/80 mmHg, SpO2 96%(鼻カヌラ O2 2L/min)\n胸部レントゲン：肺水腫像なし\n入室からのIn out balance +750ml\n経管栄養 30ml/h 1080kcal 蛋白66g  抜管に際して一時栄養中断\n泥状便あり\nNa 147 mEq/L, K 4.0 mEq/L\n輸血需要なし\n血糖安定 スライディングスケール管理\n抗菌薬：なし\nSU prophylaxis PPI ivq12h\nDVT prophylaxis ヘパリンCa皮下注 5000単位q12h\n\nA/P\nWFNS GradeⅣ (GCS E3V2M5) の前交通動脈瘤破裂によるくも膜下出血に対して緊急コイル塞栓術を施行しICU入室。3POD。\nSAT clear、SBT clearし抜管した。\n短期記憶障害はあるが、麻痺、失語が無いことは確認できた。\nピヴラッツ使用中であるが肺水腫を来さずに管理出来ている。\nアムロジピン内服開始し、血圧は安定して経過している。\nスパズム期終了までは神経症状増悪に注意しつつリハビリ継続、抜管後の呼吸状態が安定しているようであればICU退室しSCUへの移動を調整する。\n\n","['ランソプラゾール', 'インスリンアスパルト', 'ラクトミン+糖化菌', '酪酸菌', 'インスリンリスプロ', 'タンニン酸アルブミン', 'イソフェンインスリン ヒト', 'クラゾセンタンナトリウム', 'インスリンデテミル', 'インスリングラルギン', 'インスリン ヒト', 'インスリンデグルデク', 'ビフィズス菌+ラクトミン', 'オメプラゾール', '天然ケイ酸アルミニウム', 'ビフィズス菌', 'ロペラミド塩酸塩', 'インスリングルリジン', 'アムロジピンベシル酸塩', 'ヘパリンカルシウム']"
15_118C50_腎損傷_p3,"S いま何日ですか\nO\nGCS E4V5M6\n抜管後 RR 16 /min, SpO2 98%(酸素マスク O2 4L/min)\nHR 90 /min, BP 120/60 mmHg Lac 1.2\n腹部正中創 パッキング中 浸出液少量\n左後腹膜ドレーン 40ml/day 漿液性　骨盤底ドレーン 40ml/day 漿液性\n経管栄養間欠投与 消化態栄養剤 1080kcal タンパク量 66g/day\n泥状便あり\n電解質異常なし\n輸血需要なし\nWBC 8000 /μL, CRP 11.8 mg/dl\n抗菌薬：なし\nSU prophylaxis PPI ivq12h\nDVT prophylaxis 低分子ヘパリン 2000IUq12h \nA/P\nSAT、SBTクリアし抜管した。\nドレーン排液量、性状も問題なく、ドレーン抜去とした。\n第7病日に造影CTで画像フォロー予定。\n\n","['オメプラゾール', 'エノキサパリンナトリウム', 'タンニン酸アルブミン', 'ビフィズス菌', 'ロペラミド塩酸塩', 'ランソプラゾール', 'ビフィズス菌+ラクトミン', 'ラクトミン+糖化菌', '天然ケイ酸アルミニウム', '酪酸菌']"
09_118A19_肺血栓塞栓症_p4,S　この鼻のやつやめれれないんですか？\nO　BP 127/89mmHg 　SpO2 98%(1Lカヌラ)\nA/P\n# PTE/DVT\nヘパリンを開始し安定してる。CTでは血栓は縮小傾向にあり、内服に切り替える。本日切り替え。\n若年の発症であり、長期間同じ姿勢を取っていたわけでもないこと、父親のエピソードもあり血栓因子ついて血液検査を提出し結果待ち。\n\n,"['リバーロキサバン', 'アピキサバン', 'エドキサバントシル酸塩水和物']"
20_118F56_高エネルギー外傷_p3,"S (うなずきあり)\nO \nデクスメデトミジン 0.4μg/kg/h フェンタニル 40μg/hで鎮痛、RASS 0〜-1\n人工呼吸器使用中、モード　A/C PSV PS 5 PEEP 5\nf 18 TV 420ml MV 7.56L/min \nP/F 250 pCO2 38Torr\n胸部CT：みぎ下葉肺炎像改善傾向\nHr 100ml/h Lac 1.2\n入室からのIn out balance +1000ml\n左横隔膜下ドレーン 20ml/day 漿液性　骨盤底ドレーン 10ml/day 漿液性\n経管栄養 消化態栄養剤 30ml/h 1080kcal タンパク量 66g/day\n泥状便あり\n腹部CT：胆嚢内に新規の胆石あり\nAST 60U/L ALT 47U/L ALP 130U/L γ-GTP 80U/L\n低K血症点滴補正中 60 mEq/L/day K 3.7mEq/L\nHb 10.8g/dl, PLT 40/μl, Fbg 380mg/dl  輸血需要なし\nWBC 8700 /μL, CRP 16 mg/dl\n抗菌薬：\n第3病日〜第6病日 CTRX\n第6病日〜　ABPC/SBT\nSU prophylaxis PPI ivq12h\nDVT prophylaxis 低分子ヘパリン 2000IUq12h 投与開始\nA/P\n本日SAT、SBT clearした。\n肺炎加療中でありP/F改善傾向であり抜管も検討したが、肝逸脱酵素上昇のため抜管を見送り、再評価目的の単純CTを施行した。\n肺炎は改善傾向であったが、胆嚢内に新規胆石あり、CTRXによる偽胆石症を疑い抗菌薬をABPC/SBTに変更した。\n呼吸循環安定して経過していれば明日抜管とする。\n\n","['オメプラゾール', 'エノキサパリンナトリウム', 'タンニン酸アルブミン', 'ビフィズス菌', '天然ケイ酸アルミニウム', 'ロペラミド塩酸塩', 'アンピシリンナトリウム+スルバクタムナトリウム', 'デクスメデトミジン塩酸塩', 'ランソプラゾール', 'フェンタニル', 'ラクトミン+糖化菌', 'ビフィズス菌+ラクトミン', '酪酸菌']"
13_118B41-42_肝性脳症_p5,S ありがとうございました。\nO 体温36.0℃。心拍数72/分、整。血圧110/60mmHg。呼吸数16/分。SpO2 98％（room air）。\nA/P 経過良好であり予定通り本日退院。\nラクツロースとリーバクトの内服は継続する。\n肝硬変の原因としてNAFLDが疑われるため、外来で精査加療していく。\n\n,"['L-イソロイシン/L-ロイシン/L-バリン', 'ラクツロース']"
06_118F64-66_胸髄損傷_p4,"S：\nありがとうございました。\n国枝選手って知ってますか？\n自分も車いすテニスやってみようかと思います\n今後もリハビリがんばります\n\nO：\n体温36.6℃。心拍数84/分、整。血圧118/66mmHg。呼吸数16/分。SpO2 99％（room air）。\nMMT(R/L): trap 5/5, del 5/5, bi 5/5, tri 5/5, brachio 5/5, ilio 2/2, quad 2/2, ham 2/2, ant.tib 1/1, gastro 1/1\n臍部から両下肢に感覚障害あり\n膝蓋腱反射とアキレス腱反射は両側減弱\n\nA/P：\n#胸椎骨折（T10,11）＃脊髄損傷（T10T11レベル）\n　＃下肢麻痺＃下肢感覚障害\nT9-T12後方固定術 　31POD\n下肢麻痺はMMT2程度まで改善あるが、麻痺残っている\n感覚障害残存\n在宅にてリハビリ継続\n外来にて画像フォローとする\n\n","['プレガバリン', 'トラマドール塩酸塩', 'アセトアミノフェン', 'チアラミド塩酸塩', 'ガバペンチン', '酸化マグネシウム', 'ピコスルファートナトリウム水和物', 'エトドラク', 'フルルビプロフェン\u3000アキセチル', 'ジクロフェナクナトリウム', 'ロルノキシカム', 'イミプラミン塩酸塩', 'セレコキシブ', 'チザニジン塩酸塩', 'バクロフェン', 'ケトプロフェン', 'エペリゾン塩酸塩', 'ザルトプロフェン', 'レバミピド', 'アミトリプチリン塩酸塩', 'ノルトリプチリン塩酸塩', 'ロキソプロフェンナトリウム水和物', 'ナプロキセン', 'ダントロレンナトリウム水和物', 'センノシド', 'イブプロフェン']"
01_118B49-50_高Ca血症_p1,"S：\n・・・あ、はい\n大丈夫です・・・\n\n夫）\nエアコンは普段つけない\nお水はついつい飲まずに過ごしてしまう\n１日多くても500mLくらい\nお薬だけはいつも忘れず飲んでいます\n\nO：\n体温36.1℃．心拍数98/分，整．血圧122/86mmHg．呼吸数14/分．SpO2 98％（room air）\n意識　JCSⅡ-10\n\n内服：\nオルメテック10㎎1T1X, アムロジピン5mg1T1X, アリセプト3mg1T1X, アルファカルシドール1μg 1T1X\n\nA/P：\n#高Ca血症\n夏場の脱水に、VitD製剤の内服が重なり、高Ca血症→意識障害となった症例\nVitD製剤は中止し、来院後より生食による補正を開始\n\n生食は500の3本回しで投与\n意識障害の評価、採血評価でフォローする\n\n＃高血圧症\nオルメテック10㎎1T1X, アムロジピン5mg1T1Xの投与継続\n\n＃認知症\nアリセプト3mg1T1Xの投与継続\n\n",['生理食塩液']
08_118F70-72_有機リン中毒_p2,"S (挿管中)\nプロポフォール 80mg/dlで鎮静、フェンタニル 40μg/hで鎮痛、RASS -2〜-3\n瞳孔径 1mm/1mm 対光反射なし\n人工呼吸器使用中、モード　A/C PC f 15 PIP 12 PEEP 6 FiO2 30% Ti 1.00\nTV 380ml MV 5.7L/min \nP/F 330 pCO2 37 Torr\nカテコラミン使用なし、HR 70 /min,  MAP 75mmHg程度 Hr 60ml/h Lac 1.8 mmol/L\n入室からのIn out balance +4000ml\n経管栄養 10ml/h 360kcal 蛋白22g  \n排便なし\nコリンエステラーゼ〈ChE〉10 U/L\n電解質異常なし\n輸血需要なし\n血糖安定 スライディングスケール管理\n抗菌薬：なし\nSU prophylaxis PPI ivq12h\nDVT prophylaxis ヘパリンCa皮下注 5000単位q12h\nアトロピン 6mg/hで持続投与中\nA/P\nコリンエステラーゼ低値から有機リン中毒を疑い、活性炭投与、アトロピン持続投与を開始している。\nやや体動が見られ始めたため、プロポフォールによる鎮静を開始。\n呼吸は人工呼吸器管理で安定、プロポフォール開始し洞性頻脈も改善した。\nコリンエステラーゼは変わらず低値であり、アトロピン投与量を増量。\n経管栄養開始したがアトロピンにより腸管蠕動低下が予想され、活性炭投与後に排便ないため、腸管蠕動亢進薬、緩下剤を内服で追加し排便管理を行う。\nその他のsystemは大きな問題なし。引き続きICU管理を継続。\n\n","['酢酸リンゲル液', 'プロポフォール', 'リンゲル液', 'マルトース加乳酸リンゲル液', 'D-ソルビトール', 'インスリンアスパルト', 'フェンタニル', 'ランソプラゾール', '酸化マグネシウム', 'ピコスルファートナトリウム水和物', 'インスリンリスプロ', 'ソルビトール加乳酸リンゲル液', 'ブドウ糖加乳酸リンゲル液', 'ブドウ糖加乳酸維持液', 'イソフェンインスリン ヒト', 'センナ', 'インスリンデテミル', 'クエン酸マグネシウム', 'インスリングラルギン', '電解質輸液（維持液）', 'インスリン ヒト', 'インスリンデグルデク', 'ブドウ糖加酢酸リンゲル液', 'オメプラゾール', '薬用炭', '乳酸リンゲル液', 'マルトース加酢酸維持液', 'センノシド', 'アトロピン硫酸塩水和物', '生理食塩液', '硫酸マグネシウム水和物', 'インスリングルリジン', 'ブドウ糖加酢酸維持液', 'ヘパリンカルシウム']"
117C66-68_IE,意識レベル低下、瞳孔所見、頭部CTよりくも膜下出血と診断し、気管挿管を行った。血液培養を提出後、抗菌薬投与を開始した。脳浮腫予防にグリセオールの投与を開始した。血液培養は2セットとも陽性となり、第3病日目にStaphylococcus aureusと同定された。感染性心内膜炎を疑い、心臓エコーを施行した。僧房弁に5mm大の疣贅がみられ、感染性心内膜炎の診断となった。\n第14病日にグリセオールは投与終了とした。血液培養陰性を確認し、全身状態も安定したため、第16病日にくも膜下出血に対し開頭手術を行った。第28病日に抗生剤を終了した。心臓エコーで再度僧房弁を確認したところmoderate MRであった。明らかな麻痺もなく、全身状態改善したため2月20日に退院した。,"['トランドラプリル', 'シルニジピン', 'カンデサルタン\u3000シレキセチル+アムロジピンベシル酸塩', 'デラプリル塩酸塩', 'ニフェジピン', 'マニジピン塩酸塩', 'ロサルタンカリウム', 'イルベサルタン', 'エプレレノン', 'イルベサルタン+アムロジピンベシル酸塩', 'ニトレンジピン', 'リシノプリル水和物', 'バルサルタン+アムロジピンベシル酸塩', 'アゼルニジピン', 'カンデサルタン\u3000シレキセチル', 'エナラプリルマレイン酸塩', 'エホニジピン塩酸塩エタノール付加物', 'テモカプリル塩酸塩', 'エサキセレノン', 'テルミサルタン+アムロジピンベシル酸塩', 'ペリンドプリルエルブミン', 'アムロジピンベシル酸塩+アトルバスタチンカルシウム水和物', 'アラセプリル', 'ニルバジピン', 'カプトプリル', 'イミダプリル塩酸塩', 'スピロノラクトン', 'オルメサルタン\u3000メドキソミル', 'ニカルジピン塩酸塩', 'オルメサルタン\u3000メドキソミル+アゼルニジピン', 'テルミサルタン', 'ジルチアゼム塩酸塩', 'バルニジピン塩酸塩', 'バルサルタン+シルニジピン', 'バルサルタン', 'アムロジピンベシル酸塩']"
18_118D25_高血圧性心不全_p4,"S　減塩とか言われたけど本当？それじゃ食べられるものないんだけど。帰りたい。\nO　BP 126/75mmHg HR 70bpm BW 78kg SpO2 97%(1Lカヌラ) 尿量 1500ml/day\n胸部Xp CPA dull  CTR 60%\n心エコー  IVC 15mm RV(±)\nA/P\n#高血圧性心不全\n酸素需要は引き続きあり。尿量保たれ、腎機能低下もみられないため2A2xで引き続き酸素離脱まで継続予定。離脱すれば内服へ。全身状態がある程度安定してきたためβblckerを導入する。MRA,SGLT2,ARB導入済み。\n食事療法は受け入れが難そう。まず、栄養指導をいれてみる。退院前には一度奥様と受けていただく。\n# HT\nニトロは終了。ニフェジピン20mg 2T2xで開始し、安定した。退院後血圧上昇予測され、アジルバ→エンレストになるか。二次性精査L/D提出済み。\n\n","['フロセミド', 'ダパグリフロジンプロピレングリコール水和物', 'スピロノラクトン', 'アジルサルタン', 'ニフェジピン', 'エプレレノン', 'ビソプロロールフマル酸塩', 'カルベジロール', 'エンパグリフロジン']"
17_118D20_誤嚥性肺炎、偽膜性腸炎_p2,S　あまり変わりません。\nO　便培養提出中。BP 124/81 71bpm BT 37.4℃　\nA/P\n#s/o 偽膜性腸炎\n偽膜性腸炎を疑いメトロニダゾールを開始している。ミヤBMも処方。全身状態は安定しているため食事を徐々に開始。\n#誤嚥性肺炎\n7日間抗生剤投与し症状改善傾向であり、下痢の原因も疑われ抗生剤終了し経過観察。\n\n,"['メトロニダゾール', '酪酸菌']"
12_118B35_緊張性気胸_p5,S　もう泡は出てこないんですけどねぇ。昨日今日は痛み止めを飲まずにこれてます。\nO　BP 134/86 mmHg SpO2 100%(RA)  エアリークははっきりしない\nA/P\n#緊張性気胸\n疼痛管理良好。鎮痛薬は頓用でよさそう。明日クランプテスト。\n# 右第5肋骨骨折\n整形外科で併診してもらう。基本安静とのこと。\n\n,"['ロキソプロフェンナトリウム水和物', 'ジクロフェナクナトリウム', 'エトドラク', 'セレコキシブ', 'アセトアミノフェン', 'イブプロフェン', 'ケトプロフェン', 'レバミピド']"
19_118D57_慢性硬膜下血腫_p2,"S 頭に血が溜まってたんですね。1週間くらい前から具合が悪くて⋯\nO\nJCS Ⅰ-1, GCS E4V5M6\nRR 16 /min, HR 60 /min, BP 125/65 mmHg, SpO2 98%(室内気) BT 37.4℃\n瞳孔　2.5mm/2.5mm 両側対光反射迅速\n硬膜下ドレーン 10ml/day 旧血様\n皮下ドレーン 10ml/day 旧血様 \n\n血液検査(来院時採血)：尿素窒素 13 mg/dL、クレアチニン 0.7 mg/dL、Na 140 mEq/L、K 3.9 mEq/L、Cl 105 mEq/L、CK 14 U/L、CRP 2.1 mg/dl、WBC 10400 /μL、Hb 10.5g/dL、Ht 31％\n\n頭部CT：硬膜下血腫消失、air少量\nA/P\n＃慢性硬膜下血腫\n緊急穿頭洗浄血腫ドレナージ術　1POD。\n出血持続しておらず頭部CTでも血腫の消失を確認してドレーンを抜去した。\n経口摂取開始、リハビリ離床励行。\n\n","['バンコマイシン塩酸塩', 'セファゾリンナトリウム', 'クリンダマイシンリン酸エステル']"
03_118C72-74_HHS_p3,S\n今はもう大丈夫です。\n冷や汗と震えがきて、具合が悪くなってびっくりしました\n\nO\n体温36.6℃．心拍数78/分，整．血圧118/64mmHg．呼吸数14/分．SpO2 99％（room air）\n意識清明\n尿素窒素18mg/dL，クレアチニン0.8mg/dL，血糖186mg/dL\n\nA/P\n朝食前血糖82mg/dLで8単位インスリン投与\nその後、便意があり朝食摂取する前にトイレにこもっていたところ、低血糖発作ありナースコール\nブドウ糖10g摂取し、症状回復したため、そのまま朝食摂取\nランタス2単位減らして\n8:8:8:6で\n\n,['ブドウ糖']
07_118F67-69_尿路感染症, 発熱と排尿困難を自覚しており、身体所見では左CVA叩打痛を認める。尿検査では白血球高値であり、血液検査でも炎症反応が高値であることから、尿路感染症（腎盂腎炎）が疑われるため、精査加療目的に入院した。腹部超音波検査で膀胱内に大量の尿が貯留しており、尿閉の所見を認めた。尿閉の原因として内服している三環系抗うつ薬およびヒスタミンH1受容体拮抗薬が考えられたため、これらの薬剤は一旦内服を中止した。尿路感染症の治療として入院時からCTRX2g/dayの投与を開始した。その後、発熱などの症状は徐々に改善し、尿量も確保することができた。入院時に採取した尿培養からは大腸菌が検出され、抗菌薬の感受性を確認し、同薬を継続投与することとした。血液培養は陰性だった。その後も症状の再燃はなく経過は良好であったため、第10病日に退院した。抗菌薬は内服に変更して合計2週間の投与とする。なお、尿閉の原因となる三環系抗うつ薬およびヒスタミンH1受容体拮抗薬については、かかりつけ医に変更の提案をする。\n,"['セフポドキシム\u3000プロキセチル', 'レボフロキサシン水和物', 'シプロフロキサシン塩酸塩水和物', 'セフィキシム水和物', 'セフテラム\u3000ピボキシル', 'セフジトレン\u3000ピボキシル', 'セフカペン\u3000ピボキシル塩酸塩水和物', 'セフジニル', 'モキシフロキサシン塩酸塩', 'シタフロキサシン水和物', 'トスフロキサシントシル酸塩水和']"
08_118F70-72_有機リン中毒_p4,"S おはようございます。気分は落ち着いています。精神科の先生にはもうしないと約束しました。\nあと、なんだか左膝が痛くて歩けません。以前にもなったことがあって、痛み止めを飲んで散らしたことがあります。\nO\nGCS E4V5M6\n瞳孔径 3.5mm/3.5mm 対光反射迅速\nRR 16 /min, HR 70 /min,  BP 120/70 mmHg, SpO2 97%(室内気)\n特記すべき身体所見なし\n血液検査：Na 136 mEq/L, K 4.0 mEq/L, コリンエステラーゼ 250 U/L, WBC 8400, CRP 3.11 mg/dl\n画像検査：胸部レントゲン　ひだり下肺野の肺炎像は改善傾向\nA/P\n＃有機リン中毒\n気管挿管管理の上、アトロピン持続静注を継続し、第7病日にコリンエステラーゼ値の改善に伴いアトロピン投与を終了、その後は中毒症状の再燃なく経過している。\n\n＃人工呼吸器関連肺炎\n喀痰培養：緑膿菌\n第6病日〜第9病日　PIPC/TAZ\n第9病日〜第12病日 PIPC\n治療効果ありと判定し、7日間で抗菌薬投与終了とした。\n＃自殺企図\nICU入室中から精神科にコンサルテーションし、抜管後に精神状態を評価いただき切迫性なしと判断されている。\n本日一般床転床に伴い精神科リエゾンチームの介入が開始となる予定。\n転帰については数日内に精神科より精神状態の評価を受けた上で決定する。\n\n＃左膝偽痛風\n突然発症の左膝関節の疼痛、腫脹、熱感あり\n関節穿刺にてピロリン酸結晶あり、偽痛風の診断\nロキソニン60mg3T3X + レバミピド100mg3T3X　１週間内服開始\n疼痛治まれば退院自体は可能\n\n","['ロキソプロフェンナトリウム水和物', 'レバミピド']"
06_118F64-66_胸髄損傷_p3,"S：\n足は相変わらず動かない\n痛みなし\n\nO：\n体温36.6℃。心拍数84/分、整。血圧118/66mmHg。呼吸数16/分。SpO2 99％（room air）。\nMMT(R/L): trap 5/5, del 5/5, bi 5/5, tri 5/5, brachio 5/5, ilio 1/1, quad 1/1, ham 1/1, ant.tib 0/0, gastro 0/0\n臍部から両下肢に感覚障害あり\n膝蓋腱反射とアキレス腱反射は両側減弱\n\nA/P：\n#胸椎骨折（T10,11）＃脊髄損傷（T10T11レベル）\n　＃下肢麻痺＃下肢感覚障害\nT9-T12後方固定術 　2POD\nコルセット着用\nリハビリ継続\n\n","['プレガバリン', 'トラマドール塩酸塩', 'アセトアミノフェン', 'チアラミド塩酸塩', 'ガバペンチン', '酸化マグネシウム', 'ピコスルファートナトリウム水和物', 'エトドラク', 'フルルビプロフェン\u3000アキセチル', 'ジクロフェナクナトリウム', 'ロルノキシカム', 'イミプラミン塩酸塩', 'セレコキシブ', 'チザニジン塩酸塩', 'バクロフェン', 'ケトプロフェン', 'エペリゾン塩酸塩', 'ザルトプロフェン', 'レバミピド', 'アミトリプチリン塩酸塩', 'ノルトリプチリン塩酸塩', 'ダントロレンナトリウム水和物', 'ロキソプロフェンナトリウム水和物', 'ナプロキセン', 'センノシド', 'イブプロフェン']"
15_118C50_腎損傷_p4,"S 造影剤が入ってきた後しばらくしたら苦しくなって⋯今は大丈夫です。\nO\nGCS E4V5M6\nRR 18 /min, HR 115 /min, BP 170/90 mmHg, SpO2 99%(酸素マスク O2 1L/min)\nstridor聴取せず 強制呼気時wheezes聴取せず\n腹部 平坦軟　自発痛圧痛なし\n腹部正中創　明らかな感染徴候なし\n体幹部淡い紅色の膨隆疹わずかに残存\n血液検査：白血球 15,400 /μL、CRP 1.1 mg/dL。\n単純CT：後腹膜は術後から著変なし、前回と比して両側胸水は改善\n食事：経口摂取 常食6割\nDVT prophylaxis 低分子ヘパリン 2000IUq12h 投与終了\nA/P\n造影CTのフォロー予定であったが、造影剤アレルギーと思われるアナフィラキシー症状が出現し、アドレナリン筋肉内注射を要した。抗ヒスタミン薬、ステロイド投与を行い、現在は症状改善、皮疹も改善傾向となっている。\n今後のフォローは超音波検査および単純CTで行うこととする。\n単純CT上は術後問題なく、リハビリ、離床を進め自宅退院を目指す。\n\n","['ベタメタゾンリン酸エステルナトリウム', 'ベポタスチンベシル酸塩', 'メキタジン', 'デスロラタジン', 'オロパタジン塩酸塩', 'オキサトミド', 'モメタゾンフランカルボン酸エステル', 'ルパタジンフマル酸塩', 'クロタミトン', 'ベタメタゾンジプロピオン酸エステル', 'ヒドロキシジン塩酸塩', 'セチリジン塩酸塩', 'デキサメタゾンリン酸エステルナトリウム', 'プレドニゾロンコハク酸エステルナトリウム', 'レボセチリジン塩酸塩', 'ヒドロコルチゾンコハク酸エステルナトリウム', 'メチルプレドニゾロン', 'フェキソフェナジン塩酸塩', 'ジフロラゾン酢酸エステル', 'デキサメタゾンプロピオン酸エステル', 'ジフルプレドナート', 'ベタメタゾン吉草酸エステル', 'ビラスチン', 'ベタメタゾン', 'トリアムシノロンアセトニド', 'ベタメタゾン酪酸エステルプロピオン酸エステル', 'プレドニゾロン', 'エメダスチンフマル酸塩', 'プロメタジン塩酸塩', 'ヒドロコルチゾン酪酸エステル', 'デプロドンプロピオン酸エステル', 'アゼラスチン塩酸塩', 'ケトチフェンフマル酸塩', 'デキサメタゾン', 'd-クロルフェニラミンマレイン酸塩', 'クロベタゾールプロピオン酸エステル', 'フルオシノロンアセトニド', 'エピナスチン塩酸塩', 'エバスチン', 'アルクロメタゾンプロピオン酸エステル', 'ロラタジン']"
18_118D25_高血圧性心不全_p1,"S　少し楽になりました。\nO　BP 140/78mmHg HR 90bpm BW 85kg SpO2 95%(6Lマスク) 尿量 1000ml/6h\n心エコー　EF 70%(eyeball),有意な弁膜症なし, IVC 22mm RV(-)\nA/P \n#高血圧性心不全\n# HT\nラシックス1Aで尿量流出良好。胸水貯留は著明であり、2A2xで行っていく。血圧高値であり、外来でニトロを導入し現在8mL/hで安定している。明日、二次性高血圧の精査を含めたL/Dを提出予定。内服は明日朝よりアジルバ20mgから開始。酸素投与量が減り食事開始すればMRA、SGLT2を開始する予定。退院までにβblckerを導入する。\n\n","['フロセミド', 'アジルサルタン', 'ニトログリセリン']"
12_118B35_緊張性気胸_p3,S　痛みは大丈夫です\nO　BP 130/78 mmHg SpO2 100%(RA)  エアリークははっきりしない\nA/P\n#緊張性気胸\n疼痛管理良好。明日以降にクランプテスト検討。\n# 右第5肋骨骨折\n整形外科で併診してもらう。基本安静とのこと。\n\n,"['ロキソプロフェンナトリウム水和物', 'ジクロフェナクナトリウム', 'エトドラク', 'セレコキシブ', 'アセトアミノフェン', 'イブプロフェン', 'ケトプロフェン', 'レバミピド']"
03_118C72-74_HHS_p1,S\n本人は意識レベルJCSⅡ-10\n８年前から高血糖放置\n糖分摂取過多あり\n２日前からの意識障害→本日増悪\n\nO\nJCSⅡ-10\n体温37.2℃．心拍数92/分，整．血圧100/64mmHg．呼吸数16/分．SpO2 98％（room air）\n尿素窒素42mg/dL，クレアチニン1.8mg/dL，尿酸10.8mg/dL，血糖936mg/dL，HbA1c 13.0％\n尿所見：蛋白（－），糖4＋，ケトン体（－）\n血ガス：アシドーシスなし\n電解質正常\n\nA/P\n血糖異常高値、ケトン陰性、アシドーシスないことから、HHSの診断\n生食1000mL/hrで急速投与\nインスリン10単位ボーラス投与のうえ5U/hrで持続投与開始。\n血糖降下は50-70mg/dL/hrのスピードで\n尿量、血糖値、電解質は１時間おきチェック \n\n,"['酢酸リンゲル液', '生理食塩液', '乳酸リンゲル液', 'インスリン\u3000ヒト']"
06_118F64-66_胸髄損傷,救急外来での検査中、麻痺の進行は認めず、外固定のまま翌日待機的に後方固定術施行の方針となった。\n入院当日よりステロイドパルス療法を開始とした。\n第２病日にはT9-T12後方固定術を施行した。\n第3病日より、ギャッジアップ開始。\n第４病日より硬性コルセットを装着したうえで、ベッド上端坐位のリハビリを続けた。第14病日に撮像のX線では、術後の固定性は良好であり、リハビリ病棟に転棟となった。\n両下肢の筋力低下はMMT2程度までの改善は認めたものの、立位や補助具を用いた歩行は困難であり、また臍部以下の感覚障害も残存する形となった。\n自己排尿および排便は困難であり、膀胱留置カテーテル留置のうえ、排便コントロールについては家族に入念な指導を行った。\n本人、家族からも麻痺が残存するのであれば早期の退院を希望するとのことで、第33病日に車いすで自宅退院となった。\n,"['プレガバリン', 'トラマドール塩酸塩', 'ガバペンチン', 'ラクトミン+糖化菌', '酸化マグネシウム', '酪酸菌', 'ピコスルファートナトリウム水和物', 'ダイオウ', 'タンニン酸アルブミン', 'イミプラミン塩酸塩', 'チザニジン塩酸塩', 'バクロフェン', '天然ケイ酸アルミニウム', 'ビフィズス菌+ラクトミン', 'アミトリプチリン塩酸塩', 'ノルトリプチリン塩酸塩', 'ビフィズス菌', 'ロペラミド塩酸塩', 'センノシド']"
10_118A69_胆管結石胆管炎_p1,"S 昨日から熱が出ている。お腹も痛い。\nO 体温38.1℃。脈拍128/分、整。血圧124/86mmHg。呼吸数18/分。\n眼球結膜に黄染あり\n腹部は平坦、軟。右季肋部に圧痛あり。\n白血球17,600。総ビリルビン6.9mg/dL、直接ビリルビン4.2mg/dL、AST 371U/L、ALT 297U/L、ALP 231U/L（基準38～113）、γ-GT 237U/L（基準13～64）、アミラーゼ52U/L（基準44～132）。CRP 16mg/dL。\n腹部単純CTでは胆管に高吸収域と胆管拡張あり\nA/P\n昨日からの発熱と右季肋部痛あり、血液検査では炎症反応の上昇と胆道系酵素の上昇を認める。腹部CTにて胆管内に結石を疑う所見と胆管拡張を認めることから、総胆管結石性胆管炎が疑われる。早急にドレナージ治療をすることが望ましい。\n本日入院後にERCPを行う。ABPC/SBTも開始する。\n\n","['ミダゾラム', '酢酸リンゲル液', 'プロポフォール', 'アセトアミノフェン', 'ロキソプロフェン', 'ヒドロキシジン塩酸塩', '輸液用電解質液', 'フェンタニルクエン酸塩', 'デクスメデトミジン塩酸塩', 'フルニトラゼパム', 'ジクロフェナクナトリウム', 'ペンタゾシン', 'レバミピド', 'ブチルスコポラミン臭化物', 'ジアゼパム', 'アンピシリンナトリウム+スルバクタムナトリウム', '生理食塩液', 'ペチジン塩酸塩', '5％ブドウ糖加酢酸リンゲル液']"
118F73-75_AMI.txt,"年齢	70	性別	男性	入院日	2024年1月10日	退院日	2024年1月18日\nアレルギー情報	なし\n#	退院時診断	発生時期	転帰	コメント\n	前壁中隔心筋梗塞	2024年1月10日		\n主訴または入院理由	激しい胸痛\n入院までの経過（現病歴・既往歴・入院時現症など）	<現病歴>　数日前から歩行中に圧迫感をともなう胸痛があった。安静で改善するため様子をみていたが、本日就寝後に激しい胸痛が出現し持続しているため家族が救急車を要請した。\n<既往歴>　糖尿病、脂質異常症、高血圧症で内服加療中である。\n<常用薬>\n<生活歴>　喫煙は30本/日であったが、60歳から禁煙している。飲酒は機会飲酒\n<家族歴>　兄が狭心症で冠動脈バイパス術を受けている。\n<入院時身体・検査所見>\n意識レベルはJCS II-10。心拍数104/分、整。血圧68mmHg（触診法）。呼吸数26/分。SpO2は測定不能（リザーバ付マスク10L/分 酸素投与下）である。心音は奔馬調律である。呼吸音は全胸部にcoarse cracklesを聴取する。皮膚は湿潤し、四肢末梢の著明な冷感を認める。\n◆検査所見◆\n（血液検尿）\n血液所見：赤血球442万、Hb 13.0g/dL、Ht 41％、白血球12,000、血小板25万。血液生化学所見：総蛋白6.4g/dL、アルブミン3.3g/dL、尿素窒素28mg/dL、クレアチニン1.5mg/dL、血糖198mg/dL、Na 137mEq/L、K 4.4mEq/L、Cl 97mEq/L、脳性ナトリウム利尿ペプチド〈BNP〉832pg/mL（基準18.4以下）。心筋トロポニンT迅速検査陽性。\n（画像）\n胸部Xp CPA sharp 心拡大なし 肺野clear　心電図 sinus V1-4 ST上昇\n心臓超音波　前壁から中核にかけて壁運動低下あり。明らかな解離、弁膜症はなし\n入院経過	来院時血液検査、心電図、心臓超音波検査より心筋梗塞を疑い、カテーテル検査を施行した。左冠動脈主幹部の閉塞があり、ステントの留置を行った。治療中明らかな不整脈はなく経過した。翌日より心臓リハビリテーションを開始し、明らかな不整脈はみられることなく経過した。降圧薬等の調節を行い安定していることを確認し、1月18日に退院した。\n退院時状況	独歩","['アスピリン', 'プラスグレル塩酸塩', 'ランソプラゾール', 'サクビトリルバルサルタン', 'ピタバスタチンカルシウム水和物', 'エゼチミブ', 'ダパグリフロジンプロピレングリコール水和物', 'メトホルミン塩酸塩']"
11_118A57_穿孔性腹膜炎_p1,"S　昨日からお腹が痛い。\nO 体温37.2℃。心拍数144/分、整。血圧86/60mmHg。呼吸数22/分。SpO2 99％（マスク5L/分 酸素投与下）。\n腹部は板状硬で筋性防御を認める。\n血液検査：赤血球599万、Hb 19.0g/dL、Ht 55％、白血球12,000（分葉核好中球87％、好酸球0％、好塩基球0％、単球2％、リンパ球11％）、血小板19万、PT-INR 1.2（基準0.9～1.1）。総蛋白5.6g/dL、アルブミン3.3g/dL、総ビリルビン0.7mg/dL、AST 24U/L、ALT 18U/L、LD 204U/L（基準124～222）、ALP 46U/L（基準38～113）、γ-GT 29U/L（基準13～64）、アミラーゼ235U/L（基準44～132）、CK 632U/L（基準59～248）、尿素窒素33mg/dL、クレアチニン2.2mg/dL、尿酸16.4mg/dL、血糖206mg/dL、HbA1c 6.0％（基準4.9～6.0）、Na 137mEq/L、K 4.4mEq/L、Cl 98mEq/L、Ca 8.7mg/dL。CRP 40mg/dL。\n肺野条件の腹部CTではfree airを認める。\nA/P 昨日からの腹痛のため、救急搬送された。身体所見では腹膜刺激症状を認める。採血でも炎症反応は著明に高値であり、腹部CT検査でfree  airを認めることから消化管穿孔の診断。本日中に緊急手術を行う。\n\n","['酢酸リンゲル液', 'ノルアドレナリン', 'リンゲル液', 'プロポフォール', 'レミフェンタニル塩酸塩', 'マルトース加乳酸リンゲル液', 'アセトアミノフェン', 'ランソプラゾール', '輸液用電解質液', 'ソルビトール加乳酸リンゲル液', 'ブドウ糖加乳酸リンゲル液', 'フェンタニルクエン酸塩', 'ブドウ糖加乳酸維持液', 'セフメタゾールナトリウム', '電解質輸液（維持液）', 'ペンタゾシン', 'フロモキセフナトリウム', 'セフォチアム塩酸塩', 'モルヒネ塩酸塩水和物', 'ブドウ糖加酢酸リンゲル液', 'オメプラゾール', '乳酸リンゲル液', 'マルトース加酢酸維持液', 'セファゾリンナトリウム水和物', '生理食塩液', 'ペチジン塩酸塩', 'ドパミン塩酸塩', 'ブドウ糖加酢酸維持液']"
18_118D25_高血圧性心不全.txt,"年齢 | 63 | 性別 | 男 | 入院日 | 2025/1/1 | 退院日 | 2025/1/10\nアレルギー情報 | なし\n# | 退院時診断 | 発生時期 | 転帰 | コメント\n1 | 高血圧性心不全 | 2025/1/1 | 軽快 | \n |  |  |  | \n |  |  |  | \n |  |  |  | \n主訴または入院理由 | 高血圧性心不全、酸素需要あり\n入院までの経過（現病歴・既往歴・入院時現症など） | 63歳の男性。呼吸困難を主訴に救急車で搬入された。3日前から労作時の息苦しさを自覚していた。本日、帰宅後から徐々に息苦しさが出現し我慢できなくなり救急車を要請した。50歳時から高血圧症を指摘されていたが医療機関を受診していなかった。喫煙は20本/日を43年間。飲酒は機会飲酒。意識は清明。顔貌は苦悶様。身長170cm、体重85kg。体温36.8℃。心拍数122/分、整。血圧190/116mmHg、左右差なし。呼吸数26/分。SpO2 92％（リザーバー付マスク10L/分 酸素投与下）。頸静脈怒張を認める。心音はIV音を聴取する。呼吸音は両側全肺野でcoarse cracklesを聴取する。下腿浮腫を認めない。血液所見：赤血球445万、Hb 13.7g/dL、Ht 41％、白血球8,100、血小板22万。血液生化学所見：総蛋白6.9g/dL、AST 31U/L、ALT 30U/L、LD 164U/L（基準124〜222）、CK 110U/L（基準59〜248）、尿素窒素21mg/dL、クレアチニン1.1mg/dL、eGFR 60mL/分/1.73m2、尿酸8.2mg/dL、血糖104mg/dL、Na 132mEq/L、K 3.9mEq/L、Cl 110mEq/L、脳性ナトリウム利尿ペプチド〈BNP〉1820pg/dL（基準18.4以下）。CRP 0.3mg/dL。心筋トロポニンT迅速検査陰性。心エコー検査では心収縮能は正常で弁膜症を認めない。12誘導心電図では頻脈および期外収縮を認める他異常を認めない。胸部エックス線写真ではバタフライシャドウ、及びCPAの鈍化を認めた。\n入院経過 | 上記の経過で入院となった。\n高血圧性心不全の診断で利尿薬、降圧薬調整を開始した。また、二次性高血圧の精査を開始した。第2病日は尿量流出良好であり、酸素化は改善がみられ、食事を開始した。内服も可能となったためARB,MRA,SGLT2を開始した。降圧は不十分であり、第3病日にニフェジピンを導入した。全身状態が安定してきたため第4病日にβ遮断薬を導入した。第5病日に酸素需要はなくなった。二次性高血圧について精査を行った血液検査では明らかな異常はみられず代謝異常は積極的に疑わない。腎動脈の狭窄は否定できず退院後造影CTを検討している。β遮断薬投与したが安定したため第7病日に増量した。\n塩分摂取は過多であったことより、栄養指導を家族へ行い食事改善を促した。内服に切り替えたが全身状態増悪なく安定していたため、第10病日に退院とした。\n退院時状況 | 軽快","['フロセミド', 'スピロノラクトン', 'エンパグリフロジン', 'ビソプロロールフマル酸塩;ビソプロロール', 'アジルサルタン', 'ニフェジピン']"
118F73-75_AMI-J,770歳男性\n病名：AMI（前壁中隔）\n既往歴：糖尿病、脂質異常症、高血圧症\n内服：上記内服\n嗜好品：喫煙は30本/日、60歳から禁煙。飲酒は機会飲酒\n病歴：\n1/10の数日前から歩行中に胸痛あり。\n安静で改善するため様子をみていたが、1/10就寝後に激しい胸痛が出現し持続したため家族が救急車を要請\n→来院時血液検査、心電図、心臓超音波検査より心筋梗塞を疑い、CAG→PCIでステント留置→翌日より心臓リハビリテーションを開始し1月18日に退院した。\n\n入院時身体所見／検査\n心音は奔馬調,"['ニコランジル', 'ニフェジピン', 'イルベサルタン+アムロジピンベシル酸塩', 'ピタバスタチンカルシウム水和物', 'エホニジピン塩酸塩エタノール付加物', 'アスピリン+ボノプラザンフマル酸塩', 'ニルバジピン', 'カルベジロール', 'イミダプリル塩酸塩', 'シンバスタチン', 'クロピドグレル硫酸塩+アスピリン', 'ビソプロロールフマル酸塩', 'チクロピジン塩酸塩', 'アスピリン+ダイアルミネート', 'メトプロロール酒石酸塩', 'アムロジピンベシル酸塩', 'カルテオロール塩酸塩', 'フェノフィブラート', 'プラバスタチンナトリウム', 'ラベタロール塩酸塩', 'シルニジピン', 'ニプラジロール', 'カンデサルタン\u3000シレキセチル+アムロジピンベシル酸塩', 'ロサルタンカリウム', 'イルベサルタン', 'ベバントロール塩酸塩', 'バルサルタン+アムロジピンベシル酸塩', 'アゼルニジピン', 'エサキセレノン', 'ナドロール', 'コレスチラミン', 'セリプロロール塩酸塩', 'スピロノラクトン', 'テルミサルタン', 'バルニジピン塩酸塩', 'イコサペント酸エチル', 'エボロクマブ', 'ベタキソロール塩酸塩', 'アトルバスタチンカルシウム水和物', 'トランドラプリル', 'エプレレノン', 'クロピドグレル硫酸塩', 'ニトレンジピン', 'プロプラノロール塩酸塩', 'リシノプリル水和物', 'アロチノロール塩酸塩', 'エナラプリルマレイン酸塩', 'プロブコール', 'テルミサルタン+アムロジピンベシル酸塩', 'アラセプリル', 'アモスラロール塩酸塩', 'トラピジル', 'インクリシランナトリウム', 'アテノロール', 'エゼチミブ', 'オルメサルタン\u3000メドキソミル+アゼルニジピン', 'バルサルタン', 'ニトログリセリン', 'アミオダロン塩酸塩', 'デラプリル塩酸塩', 'コレスチミド', 'マニジピン塩酸塩', 'チカグレロル', 'ベザフィブラート', 'アスピリン', 'ワルファリンカリウム', 'プラスグレル塩酸塩', 'カンデサルタン\u3000シレキセチル', 'ジゴキシン', 'テモカプリル塩酸塩', 'ペリンドプリルエルブミン', 'アムロジピンベシル酸塩+アトルバスタチンカルシウム水和物', 'カプトプリル', 'フルバスタチンナトリウム', 'メチルジゴキシン', 'アスピリン+ランソプラゾール', 'オルメサルタン\u3000メドキソミル', 'ニカルジピン塩酸塩', 'ロスバスタチンカルシウム', 'ジルチアゼム塩酸塩', 'バルサルタン+シルニジピン']"
117B43-44_進行胃がん.txt,"年齢	38	性別	男性	入院日	2024年7月1日	退院日	2024年7月14日\nアレルギー情報	なし\n#	退院時診断	発生時期	転帰	コメント\n1	進行胃癌	不詳	不変	\n主訴または入院理由	食欲不振\n入院までの経過（現病歴・既往歴・入院時現症など）	<現病歴>　2024年1月頃から胸やけと食欲不振を自覚していた。同年5月頃から呼吸困難が出現し、自宅近くの診療所を受診した。上部消化管内視鏡検査で胃体部に3型の進行胃癌を認め、精査加療のため入院した。\n<既往歴>　特記すべきことはない。\n<常用薬>　なし\n<生活歴>　妻と小学生の娘2人と4人暮らし。職業は会社員、営業職で外回りの仕事が多い。喫煙は20歳から20本/日だが、2週間前から禁煙している。飲酒は機会飲酒。\n<家族歴>　特記すべきことはない。\n<入院時身体・検査所見>\n意識は清明。身長176cm、体重63kg。体温36.4℃。脈拍92/分、整。血圧120/64mmHg。呼吸数18/分。SpO2 97％（room air）。眼瞼結膜と眼球結膜とに異常を認めない。心音と呼吸音とに異常を認めない。腹部は平坦、軟で、肝・脾を触知しない。\n◆検査所見◆\n（血液検尿）\n血液所見：赤血球390万、Hb 9.1g/dL、Ht 39％、白血球6,300、血小板26万。血液生化学所見：総蛋白5.0g/dL、アルブミン3.0g/dL、総ビリルビン0.8mg/dL、AST 16U/L、ALT 18U/L、LD 184U/L（基準120～245）、ALP 200U/L（基準38～113）、クレアチニン1.0mg/dL、Na 141mEq/L、K 4.0mEq/L、Cl 101mEq/L、Ca 8.5mg/dL、CEA 12.4 ng/mL、CA19-9 85.3 U/mL\n（画像）\n胸部Xp：両肺に散在する腫瘤影あり　\n腹部CT：胃体部に壁肥厚あり、肝転移なし　\n心電図：SR、HR68、正常波形\n入院経過	入院後に精査の結果、HER2陰性の進行胃癌であり、肺転移を認めた。すでに手術の適応はなく、化学療法を行うこととし、SOX療法（S-1＋オキサリプラチン）を導入した。副作用である嘔気対策として、グラニセトロンやデカドロンを併用した。オキサリプラチンによる軽度の末梢神経障害を認めたが、日常生活に支障を来すほどではなく、投与継続は可能と判断した。そのほかに特記すべき有害事象の発生はなく、食事摂取量も安定したため、第14病日に退院した。\n退院時状況	全身状態良好",['']
03_118C72-74_HHS.txt,"年齢 | 78 | 性別 | 男性 | 入院日 | 2025.02.02 | 退院日 | 2025.02.08\nアレルギー情報 | なし\n# | 退院時診断 | 発生時期 | 転帰 | コメント\n1 | 高血糖高浸透圧症候群 | 2025.01.31 | 軽快 | インスリン管理導入\n |  |  |  | \n |  |  |  | \n |  |  |  | \n主訴または入院理由 | 高血糖高浸透圧症候群、意識障害\n入院までの経過（現病歴・既往歴・入院時現症など） | 78歳の男性．意識混濁のため救急車で搬入された．\n<現病歴> 8年前の健康診断で高血糖を指摘されたが，そのままにしていた．半年前から体重が10kg以上減少した．口渇を自覚し疲れやすくなったため，ジュースや栄養ドリンクをよく飲むようになった．2日前から微熱と倦怠感の訴えがあり，一日中ベッドで横になっていた．本日，家族の呼びかけに応答しなくなったため家族が救急車を要請した．\n<既往歴> 25歳時に肝炎．\n<生活歴> 喫煙歴はない．飲酒は機会飲酒．\n<家族歴> 長男が糖尿病で治療中である．\n<現症> 意識レベルはJCSⅡ-10．身長168cm，体重51kg．体温37.2℃．心拍数92/分，整．血圧100/64mmHg．呼吸数16/分．SpO2 98％（room air）．対光反射は両側ともに迅速である．咽頭は腫脹や発赤を認めない．頸静脈の怒張を認めない．心音と呼吸音とに異常を認めない．腹部は平坦，軟で，肝・脾を触知しない．腸雑音を聴取しない．腱反射は低下している．\n◆検査所見◆\n尿所見：蛋白（－），糖4＋，ケトン体（－），潜血（－）．\n血液所見：赤血球552万，Hb 15.0g/dL，Ht 48％，白血球10,600，血小板35万．血液生化学所見：総蛋白8.2g/dL，アルブミン4.0g/dL，総ビリルビン1.0mg/dL，直接ビリルビン0.2mg/dL，AST 38U/L，ALT 40U/L，LD 208U/L（基準124〜222），ALP 112U/L（基準38〜113），γ-GT 84U/L（基準13〜64），アミラーゼ120U/L（基準44〜132），CK 162U/L（基準59〜248），尿素窒素42mg/dL，クレアチニン1.8mg/dL，尿酸10.8mg/dL，血糖936mg/dL，HbA1c 13.0％（基準4.9〜6.0），総コレステロール262mg/dL，トリグリセリド280mg/dL，血清総ケトン体150μmol/L（基準130以下），Na 137mEq/L，K 5.0mEq/L，Cl 102mEq/L．CRP 0.5mg/dL．\n12誘導心電図で異常を認めない．胸部X線写真で心胸郭比46％．\n入院経過 | 以上のことから高血糖高浸透圧症候群の診断として入院加療の方針となった.\n入院後より、ICUに入室。生理食塩水を1000mL/hrで急速投与および、インスリン10単位ボーラス投与のうえ持続静注（5U/hr）を開始した。\n以降は尿量、循環動態、血糖値、電解質などをモニタリングしながら、輸液投与量およびインスリン投与量を調整し、血糖の低下速度を維持するように調整を行った。\n第２病日には血糖は200mg/dL程度となり、ランタスおよびヒューマログ皮下注へとインスリン投与を切り替えていった。\nまた同日より意識状態は改善がみられ、一般病棟へ退室となった。\n第３病日には入院時認めた腎機能障害は正常化した。\n強化インスリン療法に加え、糖尿病食による食事指導を続け、血糖コントロールの安定が得られたが、第４病日にはスケールに沿って朝食前血糖82mg/dLで8単位インスリン投与と低血糖発作あり、持効型のランタス投与量を減らして対応し、その後、低血糖発作は認めなかった。\n血糖コントロールが落ち着き、全身状態も良好であることから第７病日に退院とした。\n退院時のインスリン投与量はランタス6単位／就寝前、ヒューマログ各４単位／朝昼夕食前とした。\n退院時状況 | 血糖コントロール安定","['インスリングラルギン（遺伝子組換え）', 'インスリンリスプロ（遺伝子組換え）']"
117B47-48_月経過多に伴う貧血.txt,"年齢	39	性別	女性	入院日	2024年9月11日	退院日	2024年9月15日\nアレルギー情報	なし\n#	退院時診断	発生時期	転帰	コメント\n1	鉄欠乏性貧血	2024年7月頃	軽快	\n2	子宮筋腫の疑い	不詳	不変	10cm大\n主訴または入院理由	動悸と息切れ\n入院までの経過（現病歴・既往歴・入院時現症など）	<現病歴>　半年前から月経量が増え、3か月前から階段昇降時に動悸と息切れを自覚するようになったため受診した。血液検査で貧血を認め、精査加療目的に入院した。\n<既往歴>　特記すべきことはない。\n<常用薬>   なし\n<生活歴>　会社員。一人暮らし。喫煙歴はない。飲酒は機会飲酒。\n<家族歴>　特記すべきことはない。\n<月経歴>　初経13歳。周期28日型、持続10日間。\n<入院時身体・検査所見>\n意識は清明。身長154cm、体重57kg。体温36.4℃。脈拍96/分、整。血圧126/80mmHg。呼吸数18/分。SpO2 98％（room air）。眼瞼結膜は貧血様である。甲状腺腫と頸部リンパ節とを触知しない。心音と呼吸音とに異常を認めない。肝・脾を触知しない。下腹部は軽度膨隆している。内診で、径10cmの腫瘤を触知する。神経診察で異常を認めない。\n◆検査所見◆\n（血液検尿）\n赤血球371万、Hb 8.5g/dL、Ht 29％、白血球4,100、血小板29万。血液生化学所見：総蛋白6.9g/dL、アルブミン4.5g/dL、総ビリルビン0.9mg/dL、AST 32U/L、ALT 32U/L、LD 173U/L（基準120～245）、ALP 106U/L（基準38～113）、尿素窒素11mg/dL、クレアチニン0.8mg/dL、血糖93mg/dL、総コレステロール189mg/dL、Na 139mEq/L、K 4.0mEq/L、Cl 102mEq/L。CRP 0.7mg/dL、フェリチン12ng/dL、Fe18μg/mL。\n（画像）\n胸部Xp：CTR38%、肺野に異常所見なし　\nCT：子宮に約10cm大の腫瘤影を認め、子宮筋腫が疑われる。\n心電図：HR80、SR、正常波形\n入院経過	入院時より貧血に対してフェジン40mg1日2回の点滴を開始した。動悸や息切れの自覚症状は軽快し、貧血も徐々に改善を認めたため、第4病日に退院した。なお、腹部CT検査では子宮筋腫を疑う所見があり、症状の原因となっている可能性があるため、退院後に外来で治療方針を相談する。\n退院時状況	全身状態良好",['クエン酸第一鉄ナトリウム']
08_118F70-72_有機リン中毒_p3,"S あ⋯あ⋯\nO\nGCS E4V3M6\n瞳孔径 3mm/3mm 対光反射緩慢\n抜管後 RR 20 /min, SpO2 94%(鼻カヌラ O2 4L/min)\n胸部レントゲン：ひだり下肺野に肺炎像残存\nカテコラミン使用なし、HR 90 /min,  BP 160/100 mmHg, Lac 1.0 mmol/L\n入室からのIn out balance +1500ml\n経管栄養 20ml/h 720kcal 蛋白44g  抜管に際して一時栄養中断\n第5病日に水様便あり\nコリンエステラーゼ〈ChE〉160 U/L\nNa 139 mEq/L, K 3.6 mEq/L\n輸血需要なし\n血糖安定 スライディングスケール管理\n抗菌薬：人工呼吸器関連肺炎に対してPIPC/TAZ投与中\nWBC 11000, CRP 9.22 mg/dl\nSU prophylaxis PPI ivq12h\nDVT prophylaxis ヘパリンCa皮下注 5000単位q12h\nA/P\n昨日のChEが82U/Lまで上昇したためアトロピン静注は中止したが、その後中毒症状の再燃なし。\nSAT、SBTクリアしたため本日抜管とした。\n排便コントロールに難渋し経管栄養を増量できていなかったが、抜管したため今後は飲水テストを行い、経口摂取に切り替えていく。\n第5病日より人工呼吸器関連肺炎に対して抗菌薬を開始しており、治療経過は良好である。喀痰培養の結果を待ってdeescalationを検討する。\n離床、リハビリも強化していく。\n\n","['ランソプラゾール', 'インスリンアスパルト', 'ラクトミン+糖化菌', '酪酸菌', 'インスリンリスプロ', 'タンニン酸アルブミン', 'タゾバクタム+ピペラシリン水和物', 'イソフェンインスリン ヒト', 'インスリンデテミル', 'インスリングラルギン', 'インスリン ヒト', 'インスリンデグルデク', '天然ケイ酸アルミニウム', 'オメプラゾール', 'ビフィズス菌+ラクトミン', 'ビフィズス菌', 'ロペラミド塩酸塩', 'インスリングルリジン', 'ヘパリンカルシウム']"
09_118A19_肺血栓塞栓症_p5,S　今日鼻取れました！でも歩くと看護師さんが飛んできました。たいしたことないのに\nO　BP 115/78mmHg 　SpO2 96%(RA)\nA/P\n# PTE/DVT\n内服に切り替え、著変なし。酸素離脱し安定していれば退院。\n若年の発症であり、長期間同じ姿勢を取っていたわけでもないこと、父親のエピソードもあり血栓因子ついて血液検査を提出し結果待ち。\n\n,"['ワルファリンカリウム', 'リバーロキサバン', 'アピキサバン', 'エドキサバントシル酸塩水和物']"
07_118F67-69_尿路感染症_p1,"S 3日前から尿が出にくい。今日から熱が出て震えている。\nO　意識は清明。\n体温38.8℃。脈拍112/分、整。血圧136/60mmHg。呼吸数26/分。SpO2 98％（room air）。\n眼瞼結膜と眼球結膜とに異常を認めない。甲状腺腫と頸部リンパ節とを触知しない。心音と呼吸音とに異常を認めない。下腹部が膨隆しているが、圧痛を認めない。肝・脾は触知しない。左の肋骨脊柱角に叩打痛を認める。直腸指診で4cm大の前立腺を触知し、圧痛を認めない。\n尿所見：蛋白1＋、糖1＋、潜血（－）、沈渣に赤血球1～4/HPF、白血球100以上/HPF\n血液所見：赤血球461万、Hb 14.9g/dL、Ht 44％、白血球14,300（桿状核好中球2％、分葉核好中球90％、好酸球1％、好塩基球1％、単球3％、リンパ球3％）、血小板12万、PT-INR 1.18（基準0.9～1.1）。血液生化学所見：総蛋白6.6g/dL、アルブミン3.9g/dL、総ビリルビン1.5mg/dL、直接ビリルビン0.4mg/dL、AST 13U/L、ALT 15U/L、LD 219U/L（基準124～222）、ALP 79U/L（基準38～113）、γ-GT 30U/L（基準13～64）、CK 76U/L（基準59～248）、尿素窒素26mg/dL、クレアチニン1.3mg/dL、尿酸4.7mg/dL、血糖120mg/dL、HbA1c 7.0％（基準4.9～6.0）、総コレステロール197mg/dL、トリグリセリド226mg/dL、HDLコレステロール69mg/dL、LDLコレステロール83mg/dL、Na 138mEq/L、K 4.5mEq/L、Cl 105mEq/L。CRP 14mg/dL。\n胸部エックス線写真：心胸郭比51％、両側肺野に浸潤影を認めない。\n腹部超音波検査：膀胱内に大量の尿が貯留している所見を認めるが水腎症は認めない。\nA/P 来院時には発熱と左CVAの叩打痛あり、下腹部も膨隆している。\n尿検査では白血球が高値、血液検査でも炎症反応が高値であり、尿路感染症が疑われる。腹部超音波検査では、膀胱内に大量の尿が貯留しており、尿閉の所見を認める。下腹部の膨隆はそれに伴うものと思われる。\n尿閉の原因としては内服している三環系抗うつ薬およびヒスタミンH1ブロッカーによるものを疑うので、これらは一旦中止とする。\n入院して抗菌薬治療を行う。尿培養と血液培養採取後にCTRX2g/dayを開始する。\n明日採血フォローも行う。\n\n","['セフトリアキソンナトリウム水和物', 'ロキソプロフェンナトリウム水和物', 'ジクロフェナクナトリウム', 'アセトアミノフェン', 'イブプロフェン']"
05_118F61-63_術後PE_p4,S：\n昨日の夜から体がかゆくて、良くなるかと思ったんですけど、どんどん悪くなってきている\nかゆいとか痛いはあまりない\n\nO：\n体温36.8℃。脈拍68/分、整。血圧112/68mmHg。呼吸数16/分。SpO2 98％（room air）\n\n体幹を中心に、融合傾向を示す紅斑が多発\n\nA/P：\n＃薬疹の疑い\n術後18日目に抗菌薬をセファゾリンからケフレックス500mg4T4Xに変更\n術後28日目に体幹を中心に、融合傾向を示す紅斑が多発\n→ケフレックスを被疑薬とした薬疹と考え、オグサワに変更\n\n\n＃右変形性膝関節症（TKA術後　28POD）\n＃術後感染\n＃術後PE\n\n術後感染→リオペにて洗浄デブリ後\nリオペ後2日で歩行訓練開始としたところ、突然の胸痛と呼吸困難が出現し、胸部造影CTでPEの診断\n\nICUにて細胞外液の急速投与、およびヘパリンナトリウム5000単位のボーラス投与に続いて1000単位/hrの持続投与を開始した。\n速やかにショック状態は解除されたことから、血栓溶解療法の適応はないものとして、抗凝固療法を継続\n\n入室5日目には循環動態の安定を確認し、ヘパリンからリクシアナ60mg1T1Xに変更\n入室7日目には一般病棟に転棟となった。\n\n,"['ベポタスチンベシル酸塩', 'メキタジン', 'デスロラタジン', 'オロパタジン塩酸塩', 'オキサトミド', 'モメタゾンフランカルボン酸エステル', 'ルパタジンフマル酸塩', 'クロタミトン', 'ベタメタゾンジプロピオン酸エステル', 'セチリジン塩酸塩', 'クラブラン酸カリウム+アモキシシリン水和物', 'レボセチリジン塩酸塩', 'フェキソフェナジン塩酸塩', 'ジフロラゾン酢酸エステル', 'デキサメタゾンプロピオン酸エステル', 'ジフルプレドナート', 'ベタメタゾン吉草酸エステル', 'ビラスチン', 'エドキサバントシル酸塩水和物', 'トリアムシノロンアセトニド', 'ベタメタゾン酪酸エステルプロピオン酸エステル', 'エメダスチンフマル酸塩', 'ヒドロコルチゾン酪酸エステル', 'プロメタジン塩酸塩', 'デプロドンプロピオン酸エステル', 'アモキシシリン水和物', 'アゼラスチン塩酸塩', 'ケトチフェンフマル酸塩', 'クロベタゾールプロピオン酸エステル', 'd-クロルフェニラミンマレイン酸塩', 'フルオシノロンアセトニド', 'エピナスチン塩酸塩', 'エバスチン', 'アルクロメタゾンプロピオン酸エステル', 'ロラタジン']"
02_118C66-68_脾損傷_p1,S (挿管中)\nO \nプロポフォール 120mg/hで鎮静、フェンタニル 40μg/hで鎮痛、RASS -3〜-4\n人工呼吸器使用中、モード　A/C PC f 16 PIP 16 PEEP 6 FiO2 50% Ti 1.20\nTV 420ml MV 6.7L/min \nP/F 220 pCO2 38Torr\nカテコラミン使用なし、Hr 80ml/h Lac 1.0\n入室からのIn out balance +5000ml\n腹部正中 創部 パッキング中 浸出液少量 膀胱内圧 8mmHg\n左横隔膜下ドレーン 80ml/day 淡々血性、横隔膜下ドレーン 120ml/day 淡血性\n排便なし\n電解質異常なし\nHb 10.6 PLT 11万 Fbg 210 輸血需要なし\n抗菌薬：周術期のCEZのみ、閉腹24時間後に終了\nSU prophylaxis PPI ivq12h\nA/P\n術後ICUに入室。Lacは経時的に改善傾向。ドレーン排液量、色調ともに問題なし。\n大量輸血に伴う腹部コンパートメント症候群を懸念していたが、幸いにも膀胱内圧は低値で経過している。本日中は腹圧が上がらないよう深鎮静で管理する。\n\n,"['プロポフォール', 'ランソプラゾール', 'フェンタニル', 'オメプラゾール']"
08_118F70-72_有機リン中毒_p1,"S (挿管中)\nフェンタニル 40μg/hで鎮痛、RASS -3〜-4\n瞳孔径 1mm/1mm 対光反射なし\n頭部CT：痙攣の原因となりうる器質的異常なし\n人工呼吸器使用中、モード　A/C PC f 18 PIP 16 PEEP 8 FiO2 40% Ti 1.00\nTV 450ml MV 8.1L/min \nP/F 290 pCO2 35Torr\nカテコラミン使用なし、HR 110 /min,  MAP 70mmHg程度 Hr 80ml/h Lac 2.5 mmol/L\n入室からのIn out balance +3000ml\n排便なし　腸管使用なし\nコリンエステラーゼ〈ChE〉40 U/L\n電解質異常なし\n輸血需要なし\n血糖安定 スライディングスケール管理\n抗菌薬：なし\nSU prophylaxis PPI ivq12h\nアトロピン 4mg/hで持続投与中\nA/P\n意識障害に対して気管挿管、臨床所見とコリンエステラーゼ低値から有機リン中毒を疑い、活性炭投与、アトロピン持続投与を開始している。\n痙攣のエピソードがあるが頭部CTは器質的異常なく経過からは中毒による急性症候性発作が疑われる。\n呼吸、循環は安定しているため、PAMや透析などは行わずに経過を見ていく。\n\n","['酢酸リンゲル液', 'リンゲル液', 'マルトース加乳酸リンゲル液', 'D-ソルビトール', 'ランソプラゾール', 'フェンタニル', 'インスリンアスパルト', 'インスリンリスプロ', 'ソルビトール加乳酸リンゲル液', 'ブドウ糖加乳酸リンゲル液', 'イソフェンインスリン ヒト', 'インスリンデテミル', 'クエン酸マグネシウム', 'インスリングラルギン', 'インスリン ヒト', 'インスリンデグルデク', 'ブドウ糖加酢酸リンゲル液', 'オメプラゾール', '薬用炭', '乳酸リンゲル液', 'アトロピン硫酸塩水和物', '生理食塩液', '硫酸マグネシウム水和物', 'インスリングルリジン']"
20_118F56_高エネルギー外傷_p4,"S 少し息苦しさはありますけど、大丈夫です。\nO\nGCS E4V5M6\n抜管後 RR 16 /min, SpO2 94%(酸素マスク O2 4L/min)\nHR 100 /min, BP 150/80 mmHg Lac 1.0\n左横隔膜下ドレーン 10ml/day 漿液性、骨盤底ドレーン 10ml/day 漿液性\n経管栄養間欠投与 消化態栄養剤 1200kcal タンパク量 75g/day\n泥状便あり\nAST 38U/L ALT 50U/L ALP 87U/L γ-GTP 55U/L\nK 4.5mEq/L 補正終了\n輸血需要なし\nWBC 7000 /μL, CRP 10.5 mg/dl\n抗菌薬：\n第3病日〜第6病日 CTRX\n第6病日〜　ABPC/SBT\nSU prophylaxis PPI ivq12h\nDVT prophylaxis 低分子ヘパリン 2000IUq12h 投与開始\nA/P\nSAT、SBTクリアし抜管した。\nドレーン排液量、性状も問題なく、ドレーン抜去とした。\n肺炎加療を継続しつつ、リハビリテーション強化する。\n\n","['オメプラゾール', 'エノキサパリンナトリウム', 'タンニン酸アルブミン', 'ビフィズス菌', 'ロペラミド塩酸塩', 'アンピシリンナトリウム+スルバクタムナトリウム', 'ランソプラゾール', 'ビフィズス菌+ラクトミン', 'ラクトミン+糖化菌', '天然ケイ酸アルミニウム', '酪酸菌']"
13_118B41-42_肝性脳症_p3,S　おはようございます。昨日は便が出ました。食欲もあります。\nO  体温36.0℃。心拍数72/分、整。血圧110/60mmHg。呼吸数16/分。SpO2 98％（room air）。\nアルブミン3.2g/dL、総ビリルビン2.8mg/dL、AST 64U/L、ALT48U/L、γ-GT 62U/L、アンモニア70μg/dL（基準18～48）\nA/P 意識レベルは改善してきており、経過は良好。食事摂取もできており、アミノレバンの点滴は終了して、リーバクトの内服に変更する。\n1日1回の排便があり、コントロールは悪くない。引き続き排便コントロールを行う。\n\n,"['ピコスルファートナトリウム水和物', 'L-イソロイシン+L-ロイシン+L-バリン', 'ラクツロース', 'センナ', 'センノシド', '酸化マグネシウム']"
01_118B49-50_高Ca血症.txt,"年齢 | 78 | 性別 | 女性 | 入院日 | 2024.08.05 | 退院日 | 2024.08.09\nアレルギー情報 | なし\n# | 退院時診断 | 発生時期 | 転帰 | コメント\n1 | 高Ca血症 | 不詳 | 軽快 | \n |  |  |  | \n |  |  |  | \n |  |  |  | \n主訴または入院理由 | 食思不振、意識障害\n入院までの経過（現病歴・既往歴・入院時現症など） | 78歳の女性．食欲不振のため救急車で搬入された．\n<現病歴> 約1週間前から食事摂取が減少し一日中ベッドに横になっていることが多くなった．昨日から食事摂取が困難となったため，夫が救急車を要請した．\n<既往歴> 約25年前に高血圧症，約2年前にAlzheimer型認知症および骨粗鬆症と診断された．3ヵ月前に左大腿骨転子下骨折に対して手術が行われた．アンジオテンシン受容体拮抗薬〈ARB〉，カルシウム拮抗薬，活性型ビタミンD製剤およびコリンエステラーゼ阻害薬を服用している．\n<生活歴> 夫と2人暮らし．喫煙歴はない．飲酒は機会飲酒．\n<家族歴> 父が脳梗塞，母が脳出血．\n<現　症> 意識レベルはJCSⅡ-10．身長151cm，体重46kg．体温36.4℃．心拍数100/分，整．血圧108/78mmHg．呼吸数16/分．SpO2 95％（room air）．眼瞼結膜と眼球結膜とに異常を認めない．心音と呼吸音とに異常を認めない．腹部は平坦，軟で，肝・脾を触知しない．四肢に異常を認めない．\n◆検査所見◆\n尿所見：蛋白（－），糖（－），潜血（－）．\n血液所見：赤血球320万，Hb 10.1g/dL，Ht 30％，白血球7,200，血小板23万．\n血液生化学所見：総蛋白7.1g/dL，アルブミン3.6g/dL，総ビリルビン0.6mg/dL，AST 23U/L，ALT 12U/L，LD 184U/L（基準124〜222），尿素窒素41mg/dL，クレアチニン1.0mg/dL，血糖110mg/dL，Na 146mEq/L，K 3.8mEq/L，Cl 103mEq/L，Ca 13.6mg/dL．CRP 0.2mg/dL．\n頭部単純CTで異常を認めなかった．\n入院経過 | 救急外来での採血結果から、高Ca血症に伴う意識障害、食思不振と判断した。\n来院時の意識レベルはJCSⅡ-10と意識障害を認めた。\n高Caの原因として内服中のビタミンD製剤による影響が考えられたため、同薬剤を中止の上、補正する方針となった。\n入院同日より、生理食塩水1500mL/dayで投与を開始とした。\n入院２日目には意識障害の改善を認め、意識清明となった。同日の採血検査ではCa：11.6mg/dLと改善を認めた。\n入院３日目には離床が進み、また食事の経口摂取も可能となった。さらに入院４日目にはCa：9.6mg/dLと改善を認めたことから、退院可能と判断され、入院５日目には退院となった。\n退院時状況 | 全身状態良好","['オルメサルタンメドキソミル', 'アムロジピンベシル酸塩', 'ドネペジル塩酸塩']"
12_118B35_緊張性気胸_p4,S　やっぱりいきむとぽこっとでてました。でも前よりは減りました。\nO　BP 128/80 mmHg SpO2 100%(RA)  エアリークははっきりしない\nA/P\n#緊張性気胸\n疼痛管理良好。クランプテストでエアリークみられ、本日は解放しておき、明後日再度施行予定。\n# 右第5肋骨骨折\n整形外科で併診してもらう。基本安静とのこと。\n\n,"['ロキソプロフェンナトリウム水和物', 'ジクロフェナクナトリウム', 'エトドラク', 'セレコキシブ', 'アセトアミノフェン', 'イブプロフェン', 'ケトプロフェン', 'レバミピド']"
13_118B41-42_肝性脳症_p1,"S ここはどこなの？病院？\nO 体温36.4℃。心拍数80/分、整。血圧104/64mmHg。呼吸数16/分。SpO2 98％（room air）。\n眼球結膜に黄染を認める。甲状腺腫と頸部リンパ節とを触知しない。前胸部にくも状血管拡張と手掌紅斑とを認める。心音と呼吸音とに異常を認めない。腹部は平坦、軟で、肝を触知しない。脾臓を左肋骨弓下に1cm触知する。下腿に浮腫を認めない。\n血液検査：赤血球396万、Hb 12.1g/dL、白血球3,800、血小板10万、PT-INR 1.0（基準0.9～1.1）。総蛋白7.0g/dL、アルブミン3.4g/dL、総ビリルビン3.7mg/dL、AST 74U/L、ALT 52U/L、γ-GT 63U/L（基準9～32）、コリンエステラーゼ150U/L（基準201～421）、アンモニア180μg/dL（基準18～48）、尿素窒素12mg/dL、クレアチニン0.6mg/dL、血糖148mg/dL、HbA1c 7.6％（基準4.9～6.0）、Na 142mEq/L、K 3.8mEq/L、Ca 8.8mg/dL。頭部単純CTで異常を認めない。\n\nA/P 身体所見より肝硬変が疑われる。アンモニアが高値であり、肝性脳症による意識障害が疑わしい。入院で加療を行う。\nまた、1週間ほどの便秘があり、便秘が誘因になった可能性が高い。\nラクツロースを開始して、便通コントロールを行う。タンパク制限食として、アミノレバンも開始する。\n\n","['肝不全用経口栄養剤', 'ラクツロース']"
05_118F61-63_術後PE_p1,S：\n手術した方の膝が痛い気がする\n\nO：\n体温36.7℃。脈拍99/分、整。血圧122/68mmHg。呼吸数18/分。SpO2 96％（room air）\n\n\nA/P：\n#右変形性膝関節症\nTKA術後　6POD\n\n関節の熱感腫脹なし\nROMは問題なし\n\n術後の疼痛の範囲か\nひとまず鎮痛剤内服\n\n,"['ロキソプロフェンナトリウム水和物', 'ジクロフェナクナトリウム', 'エトドラク', 'セレコキシブ', 'アセトアミノフェン', 'イブプロフェン', 'ケトプロフェン', 'レバミピド']"
05_118F61-63_術後PE.txt,"年齢 | 75 | 性別 | 女性 | 入院日 | 2024.12.02 | 退院日 | 2025.01.09\nアレルギー情報 | なし\n# | 退院時診断 | 発生時期 | 転帰 | コメント\n1 | 右膝化膿性関節炎 | 2024.12.06 | 軽快 | \n | 肺血栓塞栓症 | 2024.12.15 | 軽快 | \n | 薬疹 | 2025.12.29 | 軽快 | ケフレックス禁忌\n |  |  |  | \n主訴または入院理由 | 右変形性膝関節症に対する予定手術目的\n入院までの経過（現病歴・既往歴・入院時現症など） | 75歳の女性。人工膝関節置換術のため入院中であった。\n<現病歴> 12/2に右変形性膝関節症に対して人工膝関節置換術を実施し、入院中であった。12/6から右膝の疼痛を自覚していた。12/8から鎮痛薬を内服したが、疼痛が増悪し歩行困難となった。また38℃台の発熱も出現した。\n<既往歴> 60歳から高血圧症と糖尿病に対して内服治療中である。\n<生活歴> 65歳まで小学校の教師をしていた。夫と2人暮らし。アレルギー歴はない。\n<家族歴> 父が高血圧症、母が糖尿病。\n<術後7日目の現症> 意識は清明。身長154cm、体重50kg。体温38.1℃。脈拍124/分、整。血圧88/50mmHg。呼吸数24/分。SpO2 96％（room air）。眼瞼結膜はやや貧血様で、眼球結膜に黄染を認めない。頭頸部に異常を認めない。心音と呼吸音とに異常を認めない。腹部は平坦、軟で、肝・脾を触知しない。背部に異常を認めない。右膝は手術創周囲に発赤と腫脹があり、疼痛で可動が困難である。創部の離開や滲出液は認めない。他の部位に皮膚の異常を認めない。\n◆検査所見◆\n尿所見：蛋白（±）、糖1＋、潜血（－）。\n血液所見：赤血球372万、Hb 11.3g/dL、Ht 32％、白血球11,900（桿状核好中球12％、分葉核好中球79％、好酸球1％、単球2％、リンパ球6％）、血小板10万、PT-INR 1.34（基準0.9～1.1）、血漿フィブリノゲン810mg/dL（基準186～355）、Dダイマー5.7μg/mL（基準1.0以下）。\n血液生化学所見：総蛋白6.2g/dL、アルブミン3.0g/dL、総ビリルビン0.8mg/dL、AST 30U/L、ALT 20U/L、LD 220U/L（基準124～222）、ALP 104U/L（基準38～113）、γ-GT 29U/L（基準9～32）、CK 150U/L（基準41～153）、尿素窒素15mg/dL、クレアチニン0.6mg/dL、血糖228mg/dL、HbA1c 6.5％（基準4.9～6.0）。Na 138mEq/L、K 3.8mEq/L、Cl 103mEq/L。CRP 34mg/dL。\n入院経過 | 起炎菌同定のため、血液培養、関節液培養を提出し、また関節液についてGram染色を行ったところ、グラム陽性球菌（黄色ブドウ球菌）が同定された。MRSAおよびMSSA両方をカバーする目的で、バンコマイシンおよびセファゾリンの投与を開始した。\n術後9日目には、血液培養の陰性、および関節液培養からはMSSAが同定されたことから、バンコマイシンは中止し、セファゾリンの投与を継続とした。\n術後10日目に待機的に再手術の方針となり、手術中、人工関節は抜去せず、洗浄およびデブリドマンで対応可能と判断され、閉創となった\n術後12日目に初回歩行を開始したところ、突然の胸痛と呼吸困難が出現し、胸部造影CTで肺血栓塞栓症の診断となった。\nすぐさまICUに入室のうえ、救急科にてヘパリン投与など治療を継続していただいた。\n術後16日目には循環動態の安定を確認して、ヘパリンナトリウムの投与からリクシアナの投与を開始し、３か月継続の方針とした。\nまた術後18日目には一般病棟に戻り、抗菌薬をケフレックス500mg4T4Xに変更して採血フォローを継続した。\n術後28日目には体幹を中心に、融合傾向を示す紅斑が多発し、鑑別としてケフレックス内服開始に伴う薬疹の可能性が考えられた。同日より抗菌薬はオーグメンチン250mg3T3X + サワシリン250㎎3T3Xに変更し、ステロイド外用薬塗布としたところ、第30病日には薬疹は消失した。\n術後39日目には採血に問題なく、臨床症状も認めないことから、関節内感染が沈静化したものと考え、退院となった。\n退院時状況 | 軽快","['アムロジピンベシル酸塩', 'メトホルミン塩酸塩', 'エドキサバントシル酸塩水和物']"
04_118E41-42_SAH,来院後ただちに行った頭部CTではくも膜下腔に高吸収域を認め、またCTAでは前交通動脈に動脈瘤を認め、くも膜下出血の診断となった。\nCT撮影直後より、呼吸動態に注意しながらセルシン1A投与による鎮静、およびニカルジピン持続投与による降圧を開始した。血圧目標は100-120mmHgとした。\nこの時点で脳外科担当医からのICにより、緊急でコイル塞栓術施行の方針となった。\n救急外来にて血圧コントロールを継続しながら、愛護的に気管挿管を行い、血管内治療室へ移動となった。\n右鼠径部アプローチにて、前交通動脈動脈瘤に到達。コイルによる塞栓を確認して手術を終了とした。術中に重篤な合併症を認めなかった。\nICU帰室後は鎮静・鎮痛下に人工呼吸器管理とし、腰椎ドレナージを挿入とした。\n翌日の頭部CTでは出血性の合併症など認めなかったため、脳血管攣縮予防としてピヴラッツ持続静注を15病日まで投与の方針としつつ体液管理・血圧管理を継続とした。\n第４病日には、鎮静のレベルを下げ、自発呼吸を確認しながら抜管とした。この時点で短期記憶障害を認めたものの、麻痺や失語症状は認めなかった\n第７病日に行ったMRI/MRAでは血管攣縮および新規梗塞巣は認めず、SCUに移動しつつ、ベッド上でのリハビリを継続した。\n第14病日までに血管攣縮の合併が無いことを確認しつつ、回復期リハ病棟へ転棟のうえADL回復のためのリハビリ施行の方針となった。\n第30病日に行ったMRI/MRAでは動脈瘤の再発等の異常所見を認めなかった。\n短期記憶障害は残るものの、自宅退院可能な状態となり、本人の希望もあったことから、第32病日に自宅退院となった。\n,"['トランドラプリル', 'シルニジピン', 'デラプリル塩酸塩', 'ニフェジピン', 'マニジピン塩酸塩', 'ロサルタンカリウム', 'イルベサルタン', 'エプレレノン', 'ニトレンジピン', 'リシノプリル水和物', 'アゼルニジピン', 'カンデサルタン\u3000シレキセチル', 'エナラプリルマレイン酸塩', 'エホニジピン塩酸塩エタノール付加物', 'テモカプリル塩酸塩', 'エサキセレノン', 'ペリンドプリルエルブミン', 'アラセプリル', 'ニルバジピン', 'カプトプリル', 'イミダプリル塩酸塩', 'スピロノラクトン', 'オルメサルタン\u3000メドキソミル', 'ニカルジピン塩酸塩', 'テルミサルタン', 'ジルチアゼム塩酸塩', 'バルニジピン塩酸塩', 'バルサルタン', 'アムロジピンベシル酸塩']"
117C66-68_IE-F,"【症例】52歳、女性\n【病名】IE, SAH(1/31 解答クリッピング術後）\n【既往歴】アトピー性皮膚炎\n【家族歴】父：胃Caで死去、母：胃Caで死去\n【生活歴】喫煙なし、飲酒：缶ビール350ml/day、事務職\n【内服薬】ステロイド外用剤、退院時：バイアスピリン1T1X, ビソプロロール0.625mg1T1X\n【現病歴】2024/1/10より発熱、悪寒戦慄あり、1/15夕食中に頭痛とふらつき、嘔吐、その後いびきをかいて眠りだし応答ないため救急要請。JCSⅢ-200、BT 37.8, HR","['セフトリアキソンナトリウム水和物', 'ゲンタマイシン硫酸塩', 'バンコマイシン塩酸塩', 'アンピシリンナトリウム+スルバクタムナトリウム', 'パニペネム+ベタミプロン', 'ダプトマイシン']"
18_118D25_高血圧性心不全_p2,S　昨日はかなりしんどかった。本当もうだめだと思ったよ。血圧は健康診断でいつも言われてたけど大丈夫だったから気にしてなかった。それが原因だったの？自業自得だね。\nO　BP 145/82mmHg HR 76bpm BW 82kg SpO2 96%(3Lマスク) 尿量 2400ml/day\n胸部Xp CPA dull  CTR 62%\n心エコー  IVC 18mm RV(-)\nA/P\n#高血圧性心不全\nラシックス2Aで尿量流出良好。2A2xで引き続き酸素離脱まで継続予定。本日食事開始したため、MRA、SGLT2を導入した。退院までにβblckerを導入する。\n# HT\nニトロは現在4mL/hで漸減し安定している。内服開始したため明日以降終了検討。\n二次性精査L/D提出済み。\n\n,"['フロセミド', 'ダパグリフロジンプロピレングリコール水和物', 'スピロノラクトン', 'エプレレノン', 'ニトログリセリン', 'ビソプロロールフマル酸塩', 'カルベジロール', 'エンパグリフロジン']"
